timestamp,open,high,low,close,volume
2022-01-01 00:00:00,46432.81074035188,46956.012273813394,45780.788760573654,46490.42231885522,950.2205628413479
2022-01-01 04:00:00,46772.97651292006,47383.96025341337,46385.08299779659,46962.64327246093,1039.5188205642542
2022-01-01 08:00:00,46594.040616485094,46980.19196643538,46143.75802862233,46742.45531050048,962.2312773430185
2022-01-01 12:00:00,46837.02931648847,46886.61422677102,46223.50986117088,46821.809881804445,1141.7088210724753
2022-01-01 16:00:00,47037.25313432883,47175.785053506814,46098.50483853503,47057.17683226205,924.7091952511646
2022-01-01 20:00:00,46720.8768937875,47247.74851188894,46322.74169060483,46852.505466165494,1088.6044387394427
2022-01-02 00:00:00,46091.07601479203,46632.0932119924,45538.51266665075,46222.13879699314,1182.999469625923
2022-01-02 04:00:00,47430.49382394128,48080.536064576925,46687.90724545855,47331.250796782224,821.9125543627417
2022-01-02 08:00:00,46818.014259020136,47603.30185816693,46251.09814544448,46817.11962097838,1102.6474314958705
2022-01-02 12:00:00,46328.54358796905,46724.786171639986,45408.107450041185,46279.55818657651,1134.097421028175
2022-01-02 16:00:00,46499.834591104845,46943.64398887271,46254.732065052915,46270.62885305478,879.3150524206426
2022-01-02 20:00:00,46182.33213055774,46836.90243642558,45382.73140006046,46244.28479048165,1003.1132898683619
2022-01-03 00:00:00,46463.910005007456,47125.70726463951,45790.998116921,46387.86193830781,851.0682193204469
2022-01-03 04:00:00,46462.65985293394,46783.80679992348,46150.97314577249,46245.247500685946,867.668061521594
2022-01-03 08:00:00,47073.90743564318,47136.96635821862,46189.34008449371,47078.18291440355,1116.748001993483
2022-01-03 12:00:00,46801.57171067859,47683.76338811353,46094.42669641793,46938.447899390376,1135.672041032364
2022-01-03 16:00:00,47159.5658487339,47558.52290135151,46681.75321892469,47123.9266928353,970.9687139557981
2022-01-03 20:00:00,46310.14784057644,46464.63271963546,45546.822901505686,46265.30846218731,1118.113419669059
2022-01-04 00:00:00,46942.56730709265,47507.81000371717,46361.116412095726,47066.378605783706,1028.91961410124
2022-01-04 04:00:00,47478.05878363228,48263.5143580433,47167.09281985597,47438.28834457713,1005.0565860299034
2022-01-04 08:00:00,47217.90864019516,47833.758196296905,46974.0340224291,47067.08463967107,1182.8667477830531
2022-01-04 12:00:00,46982.26778761942,47556.84636547602,46462.86316482101,46955.98341430353,1178.3213051159764
2022-01-04 16:00:00,47152.43858627732,47506.366055474224,46383.933684886426,47314.645950643164,1047.9311740663527
2022-01-04 20:00:00,46278.3748656807,47197.20758059414,46178.62881884169,46490.182695428055,961.5190971871623
2022-01-05 00:00:00,47131.16062969589,48024.16815964957,46573.95707805392,46984.180780995,857.6555640777839
2022-01-05 04:00:00,46617.192946457406,47686.746038070865,46081.78697551943,46836.34069598427,1071.7597773894433
2022-01-05 08:00:00,46167.7740201337,47205.07898966531,45629.76487042539,46344.370687519884,1150.8829692297938
2022-01-05 12:00:00,46707.55322475991,47092.60481205181,45777.09137744513,46687.700348869526,1027.0660231423087
2022-01-05 16:00:00,46471.95410967078,46654.848274373515,46172.47017894906,46385.07069862934,1095.0628896375774
2022-01-05 20:00:00,47175.516438785286,47984.272824364445,47076.68980745551,47181.30267835396,816.4785497862873
2022-01-06 00:00:00,46914.08642285829,47224.27390336674,46186.017091802154,46910.30481729397,854.0826894822569
2022-01-06 04:00:00,47348.509081935415,47572.93425034296,46441.43647036962,47164.97250879515,857.4930539713515
2022-01-06 08:00:00,47018.577571835114,47785.92870752079,46095.12921128904,47227.80594422331,869.2178269228557
2022-01-06 12:00:00,46785.88295289131,47126.15949862794,46304.50656312879,46560.37548614681,876.0381716679614
2022-01-06 16:00:00,47178.38364824674,47427.48616796036,46533.36298947141,47192.89702641749,1138.1100838105938
2022-01-06 20:00:00,46499.87866801441,47236.07016183516,46309.50686318856,46465.96066110987,802.7297447395912
2022-01-07 00:00:00,46866.19291827201,46976.396288398966,46183.605049070844,46784.61959149893,912.9871398582325
2022-01-07 04:00:00,46018.54753236561,46287.61203228159,45786.23716111792,45991.43825922535,1061.1252276156745
2022-01-07 08:00:00,46621.966652878866,47236.09554150368,45857.888669207394,46542.19645543477,1162.6762486746638
2022-01-07 12:00:00,47012.40466816007,47227.63655686488,46083.851506670966,46954.769586268776,1177.2908648903012
2022-01-07 16:00:00,46377.34075079222,47010.43042384546,45664.1933325065,46524.653178989756,1065.2027151381765
2022-01-07 20:00:00,46043.85099926819,46848.29762758627,45339.57140692602,45964.20888259518,1059.3693793926052
2022-01-08 00:00:00,46443.395515985074,46960.130645491045,45700.54477512734,46486.93149286276,929.3284490086947
2022-01-08 04:00:00,47064.44844542483,47864.3211093741,46637.74204760345,46982.78482703775,898.2327294237723
2022-01-08 08:00:00,46706.27599477912,47028.94284491168,46011.39788787049,46817.07388547145,1187.225795278994
2022-01-08 12:00:00,46745.63829043831,47018.27044771491,45848.562767457865,46628.66518205496,985.7225810290008
2022-01-08 16:00:00,45765.76325728881,46044.91775185018,45500.90131764043,45830.81019714929,1002.2088712802177
2022-01-08 20:00:00,46732.25718276021,47022.930977723314,46395.08788364908,46779.34725471601,1067.088750176349
2022-01-09 00:00:00,46265.17674804222,46552.03484005203,45938.35102609034,46297.1628467009,936.2979431345926
2022-01-09 04:00:00,46404.96825078708,46766.019280579094,45897.4773755368,46219.52677939054,1048.4170541170106
2022-01-09 08:00:00,45669.362693585615,45790.59722821946,45466.25246383229,45764.589038880324,835.9791519824787
2022-01-09 12:00:00,45549.98358336674,45919.42832374771,45248.95781189549,45716.66645336267,1021.3419793232499
2022-01-09 16:00:00,46003.967933674925,46641.90674258333,45361.14490873635,46024.02368056013,906.7654213508097
2022-01-09 20:00:00,45839.64796269338,46073.10069745562,44941.092533166346,45884.23406366969,1120.7801153941837
2022-01-10 00:00:00,46230.01235674086,46545.257517419814,45741.66828296075,46367.56733776281,1092.95561457418
2022-01-10 04:00:00,46103.86571239592,46891.05415886916,45542.90376320859,46013.14936131097,1014.3886088980171
2022-01-10 08:00:00,45932.46134207571,45947.025667337424,45227.49085002104,45712.736177546634,1072.2578085229925
2022-01-10 12:00:00,45774.81418120961,45867.301508264994,44827.55419660318,45717.0191077569,1169.24981172128
2022-01-10 16:00:00,46411.60493785871,47062.88224476913,45687.50584111789,46334.01919435777,828.9698672922493
2022-01-10 20:00:00,46575.6624362356,47584.30403608088,46405.93066558588,46794.60556428608,907.806576809837
2022-01-11 00:00:00,46605.48908040088,47044.37737397441,46284.67800956147,46592.07966294062,1096.1648547572531
2022-01-11 04:00:00,46011.15317515456,46635.90935165207,45409.64025063318,45953.357937948815,910.8986717376011
2022-01-11 08:00:00,46152.44249501146,46335.09202025901,45834.3104773904,45954.62751152736,901.1406536442812
2022-01-11 12:00:00,46406.96367652532,46447.47592468959,46379.31564894817,46396.49554834098,915.7243926352721
2022-01-11 16:00:00,45873.631415966665,46879.64048420095,45169.95482916508,46033.92838913205,932.861679733785
2022-01-11 20:00:00,46081.99758882045,46814.84242998832,45843.084006171164,46070.25552601521,958.4408753251213
2022-01-12 00:00:00,45850.64471088846,46573.34323777839,45619.87405145467,45980.04455140057,983.7681455757466
2022-01-12 04:00:00,45597.9952910617,46438.99894992389,44880.12131094473,45615.61585858563,865.0004634638038
2022-01-12 08:00:00,46861.8799811416,47129.19169473621,46198.59119171433,46681.63135626509,1188.820741965679
2022-01-12 12:00:00,46390.04101644175,47341.82120591179,45777.91098512391,46578.3684057243,945.5880196674682
2022-01-12 16:00:00,45268.47483729251,46181.88803997379,44604.091368164714,45414.550023820324,970.2490251694076
2022-01-12 20:00:00,46400.208684918085,46656.94818405429,45777.131931337,46475.73977789078,1013.4448168446511
2022-01-13 00:00:00,46360.78087432758,47061.795919347416,45868.8081505544,46318.64132520542,1063.6948334930692
2022-01-13 04:00:00,45537.21389923026,45873.54745187013,44774.11041733905,45628.551146142854,1199.7375628870773
2022-01-13 08:00:00,45577.064324298284,45918.66629468955,44815.857420502856,45761.01389080529,1148.6490725423407
2022-01-13 12:00:00,46455.77896218058,47139.53846732585,46060.34107844491,46509.82563791324,979.5342257037917
2022-01-13 16:00:00,45402.38964268641,45715.54705909583,45306.235879282154,45520.88760987144,1169.5360996563675
2022-01-13 20:00:00,45938.60961827449,46242.52432597014,45470.2140431607,45973.88428615271,817.2347293653953
2022-01-14 00:00:00,45054.90325358276,45892.25957258547,44475.10844229735,45249.21576029211,1055.3409322739249
2022-01-14 04:00:00,45407.03817809875,46187.59251953085,44979.951137586555,45456.585020094106,1011.7857967502297
2022-01-14 08:00:00,46475.02967719086,47017.210591768955,45793.246855061276,46402.59049798552,1129.531294255365
2022-01-14 12:00:00,46309.275671607706,46590.65628148437,46198.407670131084,46202.879262414725,1154.5499818964745
2022-01-14 16:00:00,45626.397311466,46600.423348713695,45533.24926922149,45747.67120847178,939.212829941095
2022-01-14 20:00:00,45605.567716555845,46671.37516952143,45031.574422025384,45821.45683907926,1091.3038689448567
2022-01-15 00:00:00,45806.43118650527,46430.579419410344,45330.45773068448,46027.74774027368,928.4272222209246
2022-01-15 04:00:00,45828.43156386383,46352.25764348292,45030.354083717764,45822.50418884304,1072.2249237080973
2022-01-15 08:00:00,46222.05420059866,46758.383761010504,45879.91245773647,46297.65351796692,1150.6599297886914
2022-01-15 12:00:00,46308.62190103245,46376.10264887489,45731.69004590159,46301.18634812002,857.9158351756946
2022-01-15 16:00:00,45427.13058943122,45942.62153098132,44685.54105160205,45397.95919547348,1151.6193928058478
2022-01-15 20:00:00,45993.261818591884,46485.37028995786,45144.732292444736,46102.41250894544,1104.1481846305596
2022-01-16 00:00:00,44895.99327603806,45358.788035586826,44041.26190231405,45093.82793274609,955.7103835647885
2022-01-16 04:00:00,45397.341432268004,46399.336969070784,44843.23293670557,45616.41553848937,826.0502983136322
2022-01-16 08:00:00,45526.80974377293,46572.441514295795,45047.15673906534,45673.471646635575,1133.6378049837354
2022-01-16 12:00:00,46034.99043414329,46319.956368537714,45460.630713481645,46235.328917646555,1162.2228311621027
2022-01-16 16:00:00,46040.62739107138,46681.68076247016,45704.04671757227,46040.24101685992,959.6959039721183
2022-01-16 20:00:00,45656.242598773184,45737.39436568567,45230.26583509497,45539.253079261696,1005.5025209503718
2022-01-17 00:00:00,45333.62249770228,46426.56994734321,44952.23352470408,45516.86671225255,851.0838325583709
2022-01-17 04:00:00,45796.73313609679,45892.856849515236,45104.52184828894,45662.11891809995,1002.6543363303
2022-01-17 08:00:00,45833.5522507276,45908.81568320483,44802.01377801102,45622.33606852974,940.9199702776314
2022-01-17 12:00:00,45578.86049113053,46326.700629849496,44961.26865881324,45468.33784015025,817.4858766793927
2022-01-17 16:00:00,45944.78581380398,46848.54733310481,45316.11256678023,45930.273806211364,1010.7910240517987
2022-01-17 20:00:00,45715.68696620262,45945.43948992483,44656.27313877551,45544.144716643124,850.042676378467
2022-01-18 00:00:00,45421.35876991744,46113.15209872411,44553.4380661011,45430.96570414034,1192.7501610426061
2022-01-18 04:00:00,45375.85198215648,46116.39748505245,44809.02282594533,45324.10722232747,1109.1591748627532
2022-01-18 08:00:00,46271.54969716001,46695.459651804376,45811.581701446165,46102.472140275284,897.262321689233
2022-01-18 12:00:00,45074.55204702557,45782.04016027013,44428.08257738484,45089.69255711205,916.040541499034
2022-01-18 16:00:00,45623.83338558974,46295.597391496805,45466.48219450672,45735.52341017062,967.9227290363581
2022-01-18 20:00:00,45126.53885378603,45238.5589568622,44957.80110930665,45204.232417294355,961.1278457565111
2022-01-19 00:00:00,45211.71982233509,45514.64093692002,44537.56953314887,45100.987058893596,833.2606370824852
2022-01-19 04:00:00,45950.62737489884,46150.03143848101,45748.63665791289,45927.83728153077,1060.7657259400721
2022-01-19 08:00:00,46143.939850677794,46735.99806371504,45355.91535299518,45993.037384543204,855.9849806812362
2022-01-19 12:00:00,46162.6231046609,46848.88249329576,45636.34150179103,45971.73657221939,872.3708669092144
2022-01-19 16:00:00,45510.23180708448,46032.774670561084,45411.69280052386,45494.462455482084,921.3778273678156
2022-01-19 20:00:00,45128.584312104904,45275.785268328815,44511.19954355089,44933.406021938215,1074.9186526771764
2022-01-20 00:00:00,44856.84985192085,44956.23845657989,44801.87462129532,44833.87671863316,940.2940033139407
2022-01-20 04:00:00,46080.74540105533,46687.69509829141,45486.84174916769,46022.263629036664,1027.2559950624056
2022-01-20 08:00:00,45214.40057245217,46016.8500460721,44513.418053295514,45015.97217286511,863.1753529104519
2022-01-20 12:00:00,45825.664046267244,46552.827657562564,45007.819689123324,45852.60377724049,1124.6628306165967
2022-01-20 16:00:00,44796.10736210818,45077.85372400985,44140.27220314958,44763.226542561744,1190.2967406642142
2022-01-20 20:00:00,45152.76211046886,45916.63672663413,44326.24919962445,45125.763028661975,1141.216880777983
2022-01-21 00:00:00,46004.56896694954,46747.29198934893,45203.27421492952,45957.90018942186,804.5416272176601
2022-01-21 04:00:00,46161.3923679576,46457.29742818201,45295.60207308664,45981.62044521941,956.7942657967842
2022-01-21 08:00:00,45693.934004844414,46589.90437011078,44838.5781713233,45857.30695885115,1064.8416854393986
2022-01-21 12:00:00,45796.643024126795,46425.02300118918,45151.28761154908,45754.80181120547,1011.9875367504849
2022-01-21 16:00:00,45454.72326036975,46332.83113281458,45170.81162378291,45455.34165538644,1118.8233639241569
2022-01-21 20:00:00,45998.629034059886,46641.42821935026,45448.78063475129,45949.42309366026,925.7569053574246
2022-01-22 00:00:00,45317.71761170833,45657.175584901226,44685.20310332321,45451.20508202329,1169.31823556535
2022-01-22 04:00:00,44871.57300455474,45572.681574066904,44319.226202090555,44920.31631294897,952.8290129661445
2022-01-22 08:00:00,45804.66455700062,46603.88999362991,45229.80536120497,45722.722939330626,890.2023453764145
2022-01-22 12:00:00,45489.23297084776,46308.97596583223,44830.42153286748,45490.18568418347,956.9861560210127
2022-01-22 16:00:00,45311.8438063223,46018.34796248967,44494.00471189917,45391.30518872399,1187.2422983541946
2022-01-22 20:00:00,44478.795391453554,45457.93057910273,44300.71878054283,44634.53878127542,1021.2522634021457
2022-01-23 00:00:00,44740.74863231716,45469.77680022663,44701.16244375864,44894.58244242653,1147.041552923752
2022-01-23 04:00:00,45341.26980344533,45730.09002196363,44915.209436791985,45179.07698288098,927.5237691598911
2022-01-23 08:00:00,45107.27732927322,45625.20750708998,44900.30979566161,45070.366460404635,865.9025015476036
2022-01-23 12:00:00,44782.43873651778,45622.0270814879,44560.211093414946,44703.64419030543,1038.0621942160062
2022-01-23 16:00:00,44493.15493157427,45391.92678048632,43906.82541684613,44576.00453145708,1161.0446515959457
2022-01-23 20:00:00,45717.47694917116,46102.63322796584,45309.766545535436,45550.861998357796,962.3813279227774
2022-01-24 00:00:00,45030.154167456145,45483.122306662604,44397.081017207405,44879.99957250532,864.2813560735797
2022-01-24 04:00:00,44775.80693833781,45732.120613624065,44181.09765240896,44888.92197416866,1197.4293610747875
2022-01-24 08:00:00,44633.67737558048,44754.499400299705,43995.31610610254,44612.03677979198,1095.8962039441303
2022-01-24 12:00:00,44882.98136503961,45609.43811248022,44710.94982128442,44988.08534896601,999.1928687856606
2022-01-24 16:00:00,45078.73828787121,45973.57787103526,44803.102144231234,44911.183973247455,1062.745713127027
2022-01-24 20:00:00,45271.648279895446,46252.124040593044,45007.64334724555,45378.31899186313,808.3986455606541
2022-01-25 00:00:00,44914.19307935149,45575.138648337845,44082.58918584855,44729.258628700474,1184.387872088439
2022-01-25 04:00:00,44860.72940862039,45169.857192714284,44613.28731466794,45081.85728117696,1136.2432826396641
2022-01-25 08:00:00,44303.07163196835,44762.794499091455,44124.986466470546,44411.045409750746,933.4563591740202
2022-01-25 12:00:00,44719.70872694763,45484.06605780863,43787.84955979829,44626.001085176045,1001.700487014376
2022-01-25 16:00:00,44966.45934353023,45644.290096609955,44218.37869792469,44994.87029037487,855.4809079584833
2022-01-25 20:00:00,44934.16961879905,45566.47597472158,44913.173704639645,44979.78656916448,952.8297161530072
2022-01-26 00:00:00,44988.26780113145,45424.8617680484,44825.44606322606,45009.57851568997,919.2933769306395
2022-01-26 04:00:00,44714.509741196525,44911.205787095256,44151.82905435867,44501.9765394261,963.8451596336229
2022-01-26 08:00:00,44328.99225216092,44637.284293600904,43558.50920576471,44312.75281167096,1059.6825031876524
2022-01-26 12:00:00,45243.868383331224,46174.958776675994,44905.63047611384,45295.991933731006,813.5141283811081
2022-01-26 16:00:00,44662.87143271537,45210.03250130343,44544.29932985394,44858.202430261685,814.4199424676082
2022-01-26 20:00:00,45669.844984980235,46027.88155075822,45315.37071177744,45507.426902729305,1104.1832756917102
2022-01-27 00:00:00,45124.09032411563,45702.80707254771,44840.09287958757,45238.45381869369,993.5938674036219
2022-01-27 04:00:00,45343.0129347322,45481.56208704729,45128.406409959825,45138.93903423096,1181.1055514621276
2022-01-27 08:00:00,44609.257116556415,45089.9062003398,44258.2554587539,44693.478165851404,829.7347202598571
2022-01-27 12:00:00,44913.85130056833,44985.44894600007,44565.27565049173,44855.67386114649,1047.636854119455
2022-01-27 16:00:00,45363.06118415691,46137.09585080547,44673.05431440574,45445.803162072596,945.980703298243
2022-01-27 20:00:00,44309.64136372753,44994.33263006076,43595.3110236588,44300.72287161396,1193.534350335504
2022-01-28 00:00:00,44787.93771366363,45587.92616303676,44135.25611435376,44869.77357327373,903.993336602473
2022-01-28 04:00:00,45371.768139228334,45769.54258387895,44812.25742870153,45317.142858645646,878.2120884246223
2022-01-28 08:00:00,44597.4592744532,45173.28190014881,43795.73751366276,44422.61520343649,1188.8530345217566
2022-01-28 12:00:00,44975.533133120574,45089.70968884765,43900.05370200693,44785.23195548006,954.5445734192691
2022-01-28 16:00:00,45184.9774677486,46214.65351735683,45174.8326090727,45395.31504218675,1107.9739324206798
2022-01-28 20:00:00,44721.245641044654,45270.76458862795,43797.929012937035,44628.22169979145,1112.7567450099173
2022-01-29 00:00:00,44412.44710220081,45200.49807573409,43993.55626979366,44575.62714975173,1047.692076215759
2022-01-29 04:00:00,44665.62014778797,45604.232716973886,44016.74628658178,44809.51585894861,1103.0899939872031
2022-01-29 08:00:00,44434.001370394406,45258.09232245376,44059.37704151896,44489.24495177279,1079.6276973185188
2022-01-29 12:00:00,44748.47320995899,45110.02727450078,44085.433453911886,44953.15744426165,1013.6441072837714
2022-01-29 16:00:00,45139.39251232893,45858.562759303284,44906.0499959843,45214.18694266432,983.0561918263447
2022-01-29 20:00:00,44777.77444786229,44965.23507520153,43929.81447779932,44743.670067407744,1123.7090124458582
2022-01-30 00:00:00,44512.23533347395,44784.816839086394,43814.27332440508,44655.961639178575,906.8768218035121
2022-01-30 04:00:00,44506.53173598976,44750.23294987043,43724.96797408303,44662.823500896084,844.0530985987551
2022-01-30 08:00:00,43987.266796731274,44255.3156509301,43432.54013376466,44086.80819192584,1107.1164603433651
2022-01-30 12:00:00,43863.257643774836,44945.35774443434,43432.41634870222,44076.10654238091,1079.1398081211405
2022-01-30 16:00:00,44070.805530253696,44767.24934957894,43838.127514175576,44282.11024042079,885.4358332180883
2022-01-30 20:00:00,45187.63192110332,45221.262103941815,45051.36667145408,45197.25958493948,1021.0446051684992
2022-01-31 00:00:00,43986.43041880524,44557.21320413131,43128.7721624845,44080.00723534791,1014.2752043235321
2022-01-31 04:00:00,44460.12563881368,44882.31218964627,44217.750131661516,44609.175430467374,1067.750785340552
2022-01-31 08:00:00,44629.29971663777,45284.6354379852,44107.57932993412,44505.98492348838,862.4658884096651
2022-01-31 12:00:00,44350.228299080874,44676.05641990466,44069.7604531544,44479.99191578396,952.1807679302378
2022-01-31 16:00:00,44041.226740285274,44212.447482670126,43302.31926864089,44081.99147792673,1103.189203071725
2022-01-31 20:00:00,45059.35083291607,45344.865209179625,44293.62853868673,45131.79444778637,810.1281761376496
2022-02-01 00:00:00,43683.435301713784,44475.633851836115,43325.006795216126,43794.644730485124,1153.4825021828565
2022-02-01 04:00:00,44284.825343331446,45017.054872748726,43477.81398942072,44242.006925704445,880.1598038005485
2022-02-01 08:00:00,44411.19018895602,44936.612656837104,44304.630152383244,44525.26894096248,946.4338873986601
2022-02-01 12:00:00,45225.810801914806,45774.28162701709,44660.53988157715,45063.07692838654,1114.2475493887484
2022-02-01 16:00:00,44488.168639099575,45031.79106298928,44473.5103173521,44578.45297816354,1181.388134188076
2022-02-01 20:00:00,45176.66602381791,45657.88078276259,44699.86499045508,44982.69768087863,896.8908102079173
2022-02-02 00:00:00,43963.53960266483,44250.60728463909,43364.4706917123,44129.28032364619,964.7687648123251
2022-02-02 04:00:00,43653.846373009685,44279.06867012128,43104.22687388702,43832.56153523289,1063.604016559943
2022-02-02 08:00:00,44915.641614727465,45705.33556825967,44537.21129724002,44912.20772548491,1098.4104195486636
2022-02-02 12:00:00,44168.463100671834,44685.68206613259,43606.889684796806,44146.88728156235,1096.2899197614854
2022-02-02 16:00:00,44805.988001655955,45061.05952621843,43887.40925544794,44585.64998982167,845.9389049406652
2022-02-02 20:00:00,44308.25377473389,44758.04508469502,44085.71291506072,44180.51840913373,1093.3599711518
2022-02-03 00:00:00,44027.62158200636,44804.79596453539,43676.68825687744,44242.651309474626,888.7068138524055
2022-02-03 04:00:00,43866.81099721386,44566.883615282626,43209.89014292445,43815.421404477165,861.6390164139075
2022-02-03 08:00:00,44329.72842151223,44759.88337531851,44183.10264286444,44275.67692687011,816.7830141364078
2022-02-03 12:00:00,44681.42523362118,45411.39294610582,44335.55059001147,44517.84207720004,1186.7159901057887
2022-02-03 16:00:00,44804.008475246075,45174.45966428041,44205.36063409609,44904.65185314066,1093.195821979988
2022-02-03 20:00:00,44183.34717952753,44912.996303808286,43393.56009729309,44274.30040158189,823.1388127152369
2022-02-04 00:00:00,43773.157960184886,43984.15064218729,43302.40239417343,43558.67372512153,905.4229684102329
2022-02-04 04:00:00,43955.57945504747,44125.41341679667,43190.816852438715,43892.603358135464,1011.4224609641221
2022-02-04 08:00:00,43639.44196605355,43941.15399073031,43238.44917374292,43751.94490224893,996.131413436811
2022-02-04 12:00:00,43788.68350204791,44586.2837134219,43088.019047740454,43585.00516951512,1071.8014787123138
2022-02-04 16:00:00,44022.58965357175,44739.75178657879,43375.37751807591,44077.05718644413,924.2217291347495
2022-02-04 20:00:00,43673.23949228394,44411.27434330294,42904.693454893604,43714.11232949371,1064.8020337234884
2022-02-05 00:00:00,43603.54093532034,43693.4962720936,43037.56143922463,43581.68956097585,980.7646375863976
2022-02-05 04:00:00,44520.39759780041,45218.01249104485,43750.758303614246,44684.65734167429,1154.3136718031765
2022-02-05 08:00:00,44326.175463059,45199.42270790725,44069.12857748802,44106.86684208533,1151.9188241480633
2022-02-05 12:00:00,43538.23454544319,43906.93736204321,42624.91540492509,43449.62450598851,909.2692322886192
2022-02-05 16:00:00,44065.72698975193,44280.48350043945,43846.98458784128,44243.16266253247,1132.4405915285192
2022-02-05 20:00:00,44224.85695514281,45263.9084717278,43432.29900196754,44399.18375215688,887.8391239753512
2022-02-06 00:00:00,44142.93766710165,44948.71166287309,43917.82233554174,44211.799440505434,963.2720271007014
2022-02-06 04:00:00,44254.20098179268,44790.41038397361,44123.11836034691,44453.783335123604,951.8051837183979
2022-02-06 08:00:00,44319.4999531708,45066.25100729949,43321.03484111922,44189.86345225292,1100.3779405670898
2022-02-06 12:00:00,43797.76268228393,44315.95228573635,42953.2727519917,43880.57477957501,958.8286967433762
2022-02-06 16:00:00,43536.64422414491,44380.625676541786,42889.39369547093,43524.04030908053,876.8576620004288
2022-02-06 20:00:00,44511.00624077193,45111.59994756401,43941.40687440724,44642.7351250216,975.0521014859811
2022-02-07 00:00:00,43291.34158467687,44189.790811466,42617.87256064899,43390.82333471057,1015.9286841804335
2022-02-07 04:00:00,43728.89448177264,44594.1691018488,43088.8524143364,43598.305734268804,958.760526142999
2022-02-07 08:00:00,43967.387065047355,44680.69885655234,43890.502553556005,44042.86994683669,830.4980150648892
2022-02-07 12:00:00,43890.78719871487,44631.78261964536,43573.364410192364,43904.06149772834,1028.3085065108412
2022-02-07 16:00:00,43619.25599861193,44615.58198361642,43122.194573365436,43767.65070261885,1150.3852063590268
2022-02-07 20:00:00,44040.29510049508,44124.0275927807,43515.99222854539,44013.32780901008,1031.2904084927927
2022-02-08 00:00:00,44261.911438985655,44963.67824287129,44160.63474003938,44218.23989998007,853.4577354694834
2022-02-08 04:00:00,44319.02105257449,44354.09244483395,43655.58344520722,44226.94874033312,973.8343113416543
2022-02-08 08:00:00,44235.35550734944,44687.20236521799,43857.10886282786,44265.30566039288,982.6076964428819
2022-02-08 12:00:00,43641.713372622085,44011.339199754824,43109.63426403436,43517.01085457005,1176.2612139614675
2022-02-08 16:00:00,43351.80924996018,43715.24746827413,42940.07002666766,43370.01275883618,845.5179280186367
2022-02-08 20:00:00,44309.51836779287,44471.340909135084,43969.040824058866,44325.43924074462,1084.6428799526998
2022-02-09 00:00:00,43933.47318457195,44091.51906762169,43187.540632682234,43846.58383003055,863.7720403114258
2022-02-09 04:00:00,43895.804151461496,44120.64831123783,43834.71112704243,44049.23208707392,1050.191965340476
2022-02-09 08:00:00,43357.20552722802,43760.099931254364,42629.059958183534,43350.49320151148,1040.7457923755524
2022-02-09 12:00:00,44253.45219659117,44972.15906151856,43744.760944676185,44275.786462111544,982.8201328535911
2022-02-09 16:00:00,43943.69198884738,44811.71301322138,43817.21190320511,44030.5451269604,1063.2060009011223
2022-02-09 20:00:00,44283.369924145634,45003.266518086224,43932.99269930865,44359.7969118957,1068.0184282819964
2022-02-10 00:00:00,43913.12492664808,44429.80568575626,43470.59840836084,43785.574831309066,904.7917892605416
2022-02-10 04:00:00,43602.36776954996,44215.96232692479,42915.34518489229,43800.80040455146,1050.5120832576767
2022-02-10 08:00:00,43481.99878556402,44333.9836577041,42805.410256512856,43395.90372770277,1106.357434347963
2022-02-10 12:00:00,43085.98156587618,43407.596223770255,42539.33601967827,43081.09008142115,861.3707481299583
2022-02-10 16:00:00,43015.86531300077,43300.46288397412,42247.08430815002,43104.55041410724,819.5419860465371
2022-02-10 20:00:00,43480.15580670071,43857.96859383463,43018.014505188774,43335.31258109324,1125.9594901754995
2022-02-11 00:00:00,44235.17971113563,44390.15954995649,43642.121965121856,44128.85434061214,993.7247130877325
2022-02-11 04:00:00,43386.51033472895,43992.43637943661,43162.43465499438,43464.7243434055,814.896355832427
2022-02-11 08:00:00,43264.116835450186,43418.69346415966,42426.40580338296,43078.44521691766,1046.8218744662656
2022-02-11 12:00:00,44354.89899037784,44577.91860014953,43981.78025948134,44136.48394685589,986.7990216103376
2022-02-11 16:00:00,44254.722331024735,44481.52924814365,43547.49097505176,44167.01253214185,1063.0520116934545
2022-02-11 20:00:00,43508.02943932192,43864.79617056312,42728.58243238295,43468.55794053018,1068.9155235315804
2022-02-12 00:00:00,42788.9363256913,43043.549808852826,42226.99590428,42983.83596259796,1156.112315268851
2022-02-12 04:00:00,43769.487232159365,44677.32589083193,43074.10689756862,43835.43725396477,870.449433006204
2022-02-12 08:00:00,43964.24050302082,44628.782971732784,43605.7584547879,44017.905074020055,1176.3490306591439
2022-02-12 12:00:00,43557.12229816302,43778.555608868395,43345.40252293725,43566.1859019836,1005.3063431442891
2022-02-12 16:00:00,43081.707636541556,43328.394263164926,42730.48369777252,42941.35012885419,1094.3189658947622
2022-02-12 20:00:00,43065.09568207528,43743.66442423146,42544.69363465158,42968.58700738298,848.3314963578016
2022-02-13 00:00:00,43972.66949633986,44330.463978719505,43834.80717030333,43946.04655939533,844.4096852529958
2022-02-13 04:00:00,43611.856924592765,44294.86719023678,42752.02603520713,43496.37813777011,919.4708119170406
2022-02-13 08:00:00,43506.63544152887,44009.02207035957,42786.04131201146,43429.35728926776,1163.7110093782069
2022-02-13 12:00:00,43082.5628032897,43860.562042907615,42505.1134544638,43039.82557085825,922.8935612794593
2022-02-13 16:00:00,42872.36900573834,43179.76056307674,42442.73161032882,43047.10588076236,950.8238569204068
2022-02-13 20:00:00,43123.24519790364,43855.381478283605,42272.22520065093,43273.466634460114,1058.1958630723457
2022-02-14 00:00:00,43065.206795750055,43334.58154373585,43025.68726585842,43078.87045559739,1097.566655232144
2022-02-14 04:00:00,42693.217517837336,43421.438372631404,41965.60092581576,42881.790322481625,1093.9961903966469
2022-02-14 08:00:00,43213.29041287409,43499.697775894696,43148.27966718655,43261.8365274229,813.8017562306095
2022-02-14 12:00:00,43912.53760691404,44808.853342190305,43493.86225282435,43958.65572356623,965.9579135138486
2022-02-14 16:00:00,43982.51444983933,44231.910559756914,43456.92084113796,43907.08443957115,1057.298951207896
2022-02-14 20:00:00,42843.00343939978,43443.57299317269,42562.56713647971,43022.60591198682,922.0271293404521
2022-02-15 00:00:00,43594.259150175894,43800.1200065308,43062.45786459622,43595.83556720006,844.2858470107616
2022-02-15 04:00:00,43520.49595593061,43857.101911789796,42826.78242490596,43473.45455295837,941.9076782922876
2022-02-15 08:00:00,43267.20234372842,43703.30215301428,42611.77353348051,43116.11951540148,876.5175465029957
2022-02-15 12:00:00,43401.677782778934,43470.45607945855,42993.54075560454,43324.92001965614,871.714470322556
2022-02-15 16:00:00,43516.911417934985,43692.756571804406,42462.90291100783,43318.99158400973,839.4248763865642
2022-02-15 20:00:00,42925.3954328711,43177.31089908181,42048.46594909575,42772.59401450196,1074.0259587090457
2022-02-16 00:00:00,42895.65260094437,43581.94277088523,42446.11285149057,42954.58949877097,828.4692914840372
2022-02-16 04:00:00,43098.828876112064,43375.81858466281,42755.81017292264,43073.64346159194,920.9237592593804
2022-02-16 08:00:00,43604.18464527243,44435.417524113225,43009.6702931095,43461.599900196874,1094.1812486739996
2022-02-16 12:00:00,43280.01234288983,43952.96025555283,42818.53327816581,43319.93228790496,1065.1095307787134
2022-02-16 16:00:00,42606.23759128395,42819.82985295316,42425.38229255225,42595.316039892015,1172.2847680032785
2022-02-16 20:00:00,42925.62998486305,43085.726104832145,42638.775451034795,42949.32872701879,818.6586338370962
2022-02-17 00:00:00,42658.10947283665,42785.960025703826,42040.418218058316,42713.60460625221,1031.055608993579
2022-02-17 04:00:00,43194.74201014744,43838.77688595601,42856.11453993014,43375.50642776794,1029.1106526340002
2022-02-17 08:00:00,42876.220374441444,43709.3942753601,42361.66455925641,42725.652823590965,958.9153642271843
2022-02-17 12:00:00,42640.922626650456,43431.87955133893,41924.3076233824,42577.200428799464,1195.944007469792
2022-02-17 16:00:00,42880.289014857546,43705.68131684509,42600.77709699179,42680.30884121871,1113.5909300339015
2022-02-17 20:00:00,43287.19144172694,44240.649557377845,42800.61908169129,43415.81916259872,848.5175744550544
2022-02-18 00:00:00,43377.96042323642,43845.674284527006,43293.42143087572,43418.654095963255,864.2478168122921
2022-02-18 04:00:00,42997.13994807068,43974.53946029613,42549.042038417705,43192.98375587466,1040.3380506575907
2022-02-18 08:00:00,43538.76663678251,44364.3023365681,42650.70408526497,43483.13026989627,918.9193171925288
2022-02-18 12:00:00,43502.28807948062,44067.28125028981,42846.98514846374,43412.68158459895,960.4886619129682
2022-02-18 16:00:00,42424.6314641011,43207.71648753336,41773.885093297016,42500.40769270118,984.4704916434008
2022-02-18 20:00:00,42439.52140037431,43411.93094370397,41834.264765364984,42605.13323059315,1083.3334680912862
2022-02-19 00:00:00,43328.33175153862,43857.782729545295,42516.23599435073,43218.24655651743,865.5404064114367
2022-02-19 04:00:00,42985.4561549661,43482.00231448872,42139.81068180779,42944.48015593497,1052.2854098501246
2022-02-19 08:00:00,42223.13933724389,42874.86217443543,41579.310351690205,42289.521612624056,959.5850974332745
2022-02-19 12:00:00,42755.29345926947,43233.76473028911,42368.83124495831,42758.030540608845,1027.3990169097756
2022-02-19 16:00:00,42213.21943207202,42869.27245280389,41397.275114376345,42402.985777660746,1040.7704653885069
2022-02-19 20:00:00,42730.77804985155,43078.208551629104,42183.57030409414,42594.931699577304,1133.1199166808299
2022-02-20 00:00:00,42502.43459678648,43149.6644140838,41608.85975872123,42318.54732806173,1148.8809735590303
2022-02-20 04:00:00,42680.8513396155,43492.020221984385,42209.15623147839,42640.871592403884,842.4431436246653
2022-02-20 08:00:00,42061.34633304154,42431.86614578314,42050.165618307285,42247.55261661153,1196.498225399309
2022-02-20 12:00:00,42638.25763920709,42669.00531393676,41646.780472094535,42456.15057703638,925.8597534741767
2022-02-20 16:00:00,42597.32704359426,43095.24388067511,42341.833345346335,42454.62375418205,812.1987826151096
2022-02-20 20:00:00,42424.76956026315,42958.08774437749,42321.961131643,42436.51625311557,881.1537931503286
2022-02-21 00:00:00,42928.86611547426,43276.46602973308,42036.189841507636,42749.08906494454,907.7021806994737
2022-02-21 04:00:00,42519.7371297319,43180.572886471105,42002.417576571796,42497.75686399937,899.7357126327482
2022-02-21 08:00:00,43277.49013195519,43671.7300571515,42817.193559317704,43104.608599706495,813.2565260556865
2022-02-21 12:00:00,42290.135615043124,42584.73509332654,41637.77139807148,42430.777394869,831.6797303782885
2022-02-21 16:00:00,43054.181617137314,43405.31597718723,42241.53779563308,43208.57214464645,1002.4354938031258
2022-02-21 20:00:00,42542.85370682258,43160.23842754644,41771.827202073044,42540.06783514784,960.3719661381351
2022-02-22 00:00:00,42730.70286595481,43340.39120692996,42304.73663252245,42730.935449939236,803.3905257624863
2022-02-22 04:00:00,42814.766712283075,43292.600177940694,42019.49059676039,43013.46976956344,877.5874767571955
2022-02-22 08:00:00,42861.99027699798,43384.95746413817,42429.33127924891,42927.79020278933,838.6175491357551
2022-02-22 12:00:00,42935.81989713352,43686.033584173565,42246.825369462014,42935.88687525488,853.2643934317558
2022-02-22 16:00:00,43096.21998327804,43756.78983908421,42461.71510724395,43118.526538307386,1064.4192540184722
2022-02-22 20:00:00,42536.776717388384,43293.73567389392,41740.84131338048,42690.41898410178,989.789010876542
2022-02-23 00:00:00,42266.95820913423,43002.872110975295,42084.36059849645,42183.66662855002,1139.018512018751
2022-02-23 04:00:00,42467.94386845967,43406.705929841184,42042.601550240084,42614.54145049036,1132.153364739657
2022-02-23 08:00:00,41894.534903410466,42801.139127341856,41195.88784315719,41997.40864664391,815.5024274511721
2022-02-23 12:00:00,43104.9333857403,43955.830652065575,42430.460307827234,43061.386139474875,947.2446830811223
2022-02-23 16:00:00,42293.086087544325,42628.23231645797,41690.25918042749,42203.32675741265,964.0347354306944
2022-02-23 20:00:00,42540.97251239251,42896.51925663166,42256.904998055215,42406.71976749844,1130.6784237989152
2022-02-24 00:00:00,42703.40162613969,43102.05200288274,42176.05802907012,42575.79587545318,818.3999217234231
2022-02-24 04:00:00,42914.89021267166,43080.4296115746,42774.04187875835,42842.27959376357,995.8473141744853
2022-02-24 08:00:00,42960.58622839621,43001.082719337974,42065.55992688419,42814.86792668518,848.9171775256492
2022-02-24 12:00:00,42099.271806294346,42694.59117080481,42004.347976018034,42130.23527837556,807.6685598756089
2022-02-24 16:00:00,42480.73201620111,43100.692479308665,41763.91308004852,42286.462296026824,1032.1924842285537
2022-02-24 20:00:00,42351.41632822482,42491.80184965645,41550.58809596514,42232.31203573982,1012.0875792830809
2022-02-25 00:00:00,41855.130529663234,42585.77001428737,41006.850119814335,41804.259677102214,1104.7604673394421
2022-02-25 04:00:00,42739.51153096984,43430.580197885,42387.17873905798,42952.753440844885,852.525679926978
2022-02-25 08:00:00,42738.93824437928,43055.720015943036,42143.9724571565,42869.265902579806,1003.481771678468
2022-02-25 12:00:00,41805.93384489823,42673.808810543465,41769.65428073916,41961.6098858087,821.4089761868061
2022-02-25 16:00:00,42781.93097657853,43606.10529549342,42513.5462558591,42663.84595923565,1013.3542287716508
2022-02-25 20:00:00,42927.210832215154,43350.57156247452,42126.453368404946,42906.70987098193,1170.4782000771222
2022-02-26 00:00:00,42136.65235792073,42453.139310009436,42059.74532534173,42110.41963195772,882.8334885592997
2022-02-26 04:00:00,42431.01201805703,42593.49909514613,41484.38937663395,42303.89584272014,915.9098615031581
2022-02-26 08:00:00,42155.976714763354,42601.86080947404,41603.958029772366,42167.627643175714,1012.3356563440277
2022-02-26 12:00:00,42515.039614777714,43000.91191271121,41993.03944855428,42443.62921779057,1036.4557069805471
2022-02-26 16:00:00,42580.59408224992,42698.216872774916,41733.308652521075,42464.70717471688,980.8518128673977
2022-02-26 20:00:00,42263.70429497802,42934.31738157104,42177.665669019174,42317.78850191361,1152.4229581883142
2022-02-27 00:00:00,42347.82290828672,42465.026707941535,41897.76023053362,42440.57616639718,1172.7003070081603
2022-02-27 04:00:00,42010.99135437368,42695.691086275954,41571.44025925843,42146.77492149742,808.5729206871151
2022-02-27 08:00:00,42574.36658621429,42877.38083197858,42413.96233312091,42509.62870149714,1009.4110652812819
2022-02-27 12:00:00,42357.526517698476,42995.4236341431,41517.320448048005,42525.551062233506,1083.1333163152158
2022-02-27 16:00:00,41666.41550156413,41893.90234499952,41214.32203015463,41872.043221268854,911.5836190018706
2022-02-27 20:00:00,42525.802057811496,43271.14397832396,42290.67329678128,42524.020254055074,802.1409287244517
2022-02-28 00:00:00,42105.46432099834,42117.498548649426,41558.18479276355,41999.47283075698,819.0774039404411
2022-02-28 04:00:00,41888.75499856159,42516.83209040195,41385.17106654358,41945.17473297236,1185.1592515595428
2022-02-28 08:00:00,42533.455283340816,42609.08958788774,41699.15907094985,42557.90953047542,1103.094653273923
2022-02-28 12:00:00,42885.9131856039,43602.41827778041,42376.17749141465,42770.68739875688,928.4151898486256
2022-02-28 16:00:00,42248.5487711721,43010.68917042212,41976.750738683295,42076.05483866993,833.2524108531965
2022-02-28 20:00:00,42234.04335186104,42374.692448008514,41897.69802264225,42257.761794777005,875.0537907477849
2022-03-01 00:00:00,41799.43486309374,41887.07646812409,41359.43976782412,41878.30745807726,1114.6849563476983
2022-03-01 04:00:00,41901.510795771224,42360.62293009497,41312.44466476742,41789.54415885231,1058.9283264804492
2022-03-01 08:00:00,41512.91576865315,42286.982395895284,40718.83993607441,41638.40919618518,821.4315791809917
2022-03-01 12:00:00,42572.252784401346,42632.12980965779,41805.703419528814,42437.359151612174,1085.0909447100134
2022-03-01 16:00:00,42300.591069552254,42917.46473735855,42039.89770728731,42262.47638820331,869.8384143889311
2022-03-01 20:00:00,41610.172462727205,41889.742650513435,41099.60729923305,41512.129254318155,809.1576457866217
2022-03-02 00:00:00,41351.825741583736,42039.5493881937,40934.781119817366,41486.3465792494,849.2392656037393
2022-03-02 04:00:00,42736.06891364637,42967.91266970651,42183.087685614635,42585.28781792292,917.97192988999
2022-03-02 08:00:00,41378.42543105361,41825.06236427457,41377.51535132805,41444.7418635216,1113.397297704196
2022-03-02 12:00:00,41544.64146151457,42062.98027942606,41452.102829943105,41524.08637150963,938.2057769327319
2022-03-02 16:00:00,41523.267173501,42480.57691544253,40797.46122687007,41727.922316244054,866.580511147641
2022-03-02 20:00:00,41447.46912041602,42244.956746541226,40719.29632344852,41391.89966915839,1135.5076119712583
2022-03-03 00:00:00,41891.09646457686,42030.78005637701,41253.47584289657,41815.941896136326,1176.0699531194969
2022-03-03 04:00:00,41989.65890125828,42623.21291568593,41459.28558283566,41957.71931799587,1138.187734863688
2022-03-03 08:00:00,41739.669890143625,41927.60175542763,41517.05007050055,41859.26291704988,1196.0606523003366
2022-03-03 12:00:00,41420.48359468539,42309.38433385896,41210.81192015061,41604.27985635218,1162.2637756604527
2022-03-03 16:00:00,41231.09585229981,42231.5884828181,40616.739546118966,41412.146306576804,1007.1047817942344
2022-03-03 20:00:00,41727.65902466197,42407.63544537584,41144.23542928131,41914.39958468219,951.1825393069321
2022-03-04 00:00:00,42144.87835272699,42584.930276389765,41638.329379169,42079.540406409506,939.4957060443486
2022-03-04 04:00:00,41598.75357500245,42410.12222762072,41103.06444460273,41532.29313357838,1129.1872790231403
2022-03-04 08:00:00,41871.67670003578,42084.8643410662,41680.14132926764,41924.375185437406,1075.4794450659083
2022-03-04 12:00:00,41781.795175400475,41926.6481292642,40937.36369657,41595.6893150441,933.4142437748376
2022-03-04 16:00:00,41449.38165948174,41654.40377390489,40832.311222617245,41330.3520481111,853.04160447085
2022-03-04 20:00:00,41277.01153783488,41324.78428559039,41113.67632089677,41321.99379271277,940.5319353355958
2022-03-05 00:00:00,42085.03286672001,42983.69622537207,41369.840952864324,42174.3168059063,937.9105707553929
2022-03-05 04:00:00,41033.84650199785,41168.123066075554,40995.37143711172,41109.95850783067,1016.3237698783838
2022-03-05 08:00:00,41548.6476312692,41909.36006598046,40834.65468779441,41602.73702292474,918.1228838210486
2022-03-05 12:00:00,41027.49143527672,41796.91064802265,40384.180132750625,41180.773112864634,945.3555317569513
2022-03-05 16:00:00,41583.24916784974,42146.15439653314,40767.19042089561,41408.71069621412,911.5846859153999
2022-03-05 20:00:00,42201.1560784801,42449.653680625044,41487.59178824793,42294.496957103205,971.276535532078
2022-03-06 00:00:00,40889.72268763478,41190.21703477725,40601.95151744297,41071.436935775724,955.1847432028458
2022-03-06 04:00:00,41805.83434961555,42219.74818315644,41523.66082502077,41834.52764650906,1054.8535694811983
2022-03-06 08:00:00,42052.69078609293,42951.979546736846,41229.754356209596,42138.66114607315,974.5975192697995
2022-03-06 12:00:00,41084.82273817209,41924.248592905526,41005.42281388863,41189.69725520986,1117.5691395917247
2022-03-06 16:00:00,42022.502153467554,42172.69448830569,41390.55503244154,41880.77226814336,1198.9654965996779
2022-03-06 20:00:00,41775.321957742075,42577.843722239864,41273.591303034984,41797.87390238941,1090.1377197161678
2022-03-07 00:00:00,41773.34062665971,42634.24018159433,41363.35689513616,41823.28833222114,880.7093551538288
2022-03-07 04:00:00,41070.94130001419,41180.40308110955,40881.03349075482,41140.71594650422,895.5565144640371
2022-03-07 08:00:00,41269.35143290414,41977.12471170113,40724.21176303288,41294.00446025992,1072.2298702236537
2022-03-07 12:00:00,41751.60904117053,42384.581125021155,41178.33061388265,41778.0813092869,1172.011704563828
2022-03-07 16:00:00,41681.88619659557,41791.604047453126,41621.78779242888,41654.61459361366,936.9082809207714
2022-03-07 20:00:00,41073.07653221897,41618.176146350226,40484.484704095266,40953.1186096538,961.0573557161351
2022-03-08 00:00:00,41403.44757013991,42269.365814683915,40974.826495033594,41514.54330515078,925.8798604984406
2022-03-08 04:00:00,41073.00548226114,41956.68748513186,40904.93889699006,41147.10011697742,975.3673792084445
2022-03-08 08:00:00,40925.90640411022,41487.772387774035,40743.187166124684,40911.04460578948,1008.3464231616429
2022-03-08 12:00:00,40831.60194405873,41608.323157880885,40483.67527738996,40968.13891549626,1087.3492141576426
2022-03-08 16:00:00,41114.336035843844,41713.15460771326,40416.04643610085,40951.846743732924,1130.7270033797954
2022-03-08 20:00:00,41514.878486233494,42405.06177563061,41333.655250002215,41712.88409750623,824.3692151021298
2022-03-09 00:00:00,41588.52890222227,42461.692365126655,41029.7348135806,41730.61083083314,830.5328824763748
2022-03-09 04:00:00,41838.393627061734,41954.45190377125,41112.09386779724,41872.036352261304,921.2458804051982
2022-03-09 08:00:00,41695.07504350773,42445.17690535459,41310.59051004822,41808.26838580956,1139.3936455613534
2022-03-09 12:00:00,41978.34741371486,42407.74470431967,41841.654240327836,41856.7804963606,1138.798790371209
2022-03-09 16:00:00,41954.511884834596,41991.349194515846,41800.549379174045,41913.69835154968,1075.172492375472
2022-03-09 20:00:00,41285.059170386456,41935.782305017296,40714.299938860495,41149.357104277624,949.8923143440475
2022-03-10 00:00:00,41401.110910851334,41744.089571724464,40750.36364796291,41569.7495884122,1034.7844556810505
2022-03-10 04:00:00,41262.692553914785,41412.37660157335,40809.94441615255,41237.911575809965,1158.9713847160474
2022-03-10 08:00:00,40674.694593430555,40851.358576774495,40237.397537265744,40795.792084286964,892.6304178604602
2022-03-10 12:00:00,41611.91124284285,42344.83013792709,41175.92020862624,41642.810175197956,917.8831448428612
2022-03-10 16:00:00,41138.814997578826,41768.436307832046,40483.58258228393,41038.294896015104,906.4144469250232
2022-03-10 20:00:00,40923.03746079331,40995.66762838654,40460.45533081739,40766.366036034335,1153.7607546265112
2022-03-11 00:00:00,41437.09801386506,42140.5919089103,40731.411311091826,41468.55889813217,1153.2200214332408
2022-03-11 04:00:00,40798.461370761695,40887.26764242196,40546.986953390166,40849.805205382254,1071.2506263032012
2022-03-11 08:00:00,40740.621940374076,41439.77942069356,40340.52372849897,40779.90896567858,877.0132458647628
2022-03-11 12:00:00,40587.03579623633,41272.22186876284,39946.222731408016,40710.86937556937,968.6788297349584
2022-03-11 16:00:00,41680.48610793742,42302.29977069283,40851.314806109294,41658.557522903364,1130.0299370827533
2022-03-11 20:00:00,41422.05877111712,41662.70794325329,41029.41548076971,41582.747279419134,1019.9978461312502
2022-03-12 00:00:00,41600.29949068764,42210.51680328247,40876.09127885972,41586.67236703776,977.3405075918863
2022-03-12 04:00:00,40756.18323131636,41172.551916716715,40096.36294815417,40649.895901750075,831.8166857826684
2022-03-12 08:00:00,40802.85304144224,41519.48710248896,40576.81069883212,40838.35359283398,1166.6753857218448
2022-03-12 12:00:00,40731.00433565573,41264.40352499646,40585.6255952122,40823.161528254226,1181.1007437224196
2022-03-12 16:00:00,41007.19092260422,41435.627994528906,40401.05424877734,40845.827752413425,891.11587335974
2022-03-12 20:00:00,41433.05690669259,41727.72104872924,41154.50320750028,41265.78307052787,1198.4151065734798
2022-03-13 00:00:00,41109.15887563244,41328.9906264572,40437.144095803895,41293.47263420019,821.9352607347921
2022-03-13 04:00:00,41309.19664392378,41815.34635584325,40585.80054103188,41192.30187290881,1166.9352349953247
2022-03-13 08:00:00,41188.87161314416,41254.941958970856,40591.61158554909,41070.902302978786,982.631024850165
2022-03-13 12:00:00,41349.45158803676,41743.20189701081,40818.717795719705,41260.893755324476,1081.1592554734611
2022-03-13 16:00:00,40730.297518114945,40861.66963148676,40170.65850828204,40722.173274613066,1093.6641688393418
2022-03-13 20:00:00,41001.99120905895,41094.153946336315,40579.44947665457,40894.01444011454,920.451828814659
2022-03-14 00:00:00,40624.847171419286,41083.719606778475,39792.45199639197,40530.93070425341,917.5948485271341
2022-03-14 04:00:00,40890.59233462774,41355.75529728868,40093.29351863327,41056.424117587514,858.3698116347931
2022-03-14 08:00:00,41608.028662735866,41834.498161114796,41231.07101597295,41488.372500238416,861.1232531901105
2022-03-14 12:00:00,41442.86390279903,42171.53497789507,40935.074941979154,41533.43234927687,1001.8423895781348
2022-03-14 16:00:00,40759.16551560597,40959.2323544177,40199.99415960062,40718.762573588225,1077.7290885994405
2022-03-14 20:00:00,41261.59721657163,42014.17561521039,40579.52376997934,41349.64602890723,946.3009623826065
2022-03-15 00:00:00,41026.60053402457,41692.75737728613,40370.67128217388,40979.70287730338,894.3202602525191
2022-03-15 04:00:00,40932.7635632667,41494.30810194354,40703.121150798426,40828.61084984642,900.5942917425481
2022-03-15 08:00:00,41222.033496190794,42004.128516465826,40912.994476187865,41365.099638367574,967.0804759772574
2022-03-15 12:00:00,40466.1246295794,41171.85970335082,39723.34139373139,40568.552219091085,850.5409902049537
2022-03-15 16:00:00,41545.175856291244,42114.77638313939,41370.224894110135,41382.67168371418,888.5197785286786
2022-03-15 20:00:00,40959.491530585765,41368.0232000521,40683.669111730924,41064.9361676886,956.4376872374727
2022-03-16 00:00:00,40440.08888934843,40641.16788589394,39749.54099848781,40245.54013815923,924.4434469658622
2022-03-16 04:00:00,41253.11069725995,41674.721517038655,41121.16308731961,41311.29734664944,992.6431030113756
2022-03-16 08:00:00,41201.09541120728,42007.44205079497,40810.44235710818,41354.65915941572,1014.26127203126
2022-03-16 12:00:00,40908.02227146022,41361.2800674093,40501.112582290305,40913.06549363225,802.2597181650448
2022-03-16 16:00:00,40711.89959677958,41128.86206464403,40703.34147916313,40782.47763809963,1076.2085316987063
2022-03-16 20:00:00,40633.08556731761,41128.98979691049,40095.039935707995,40700.3052901056,1169.8526612026415
2022-03-17 00:00:00,40883.29410169114,41242.95617982915,40342.94127328847,40701.994601312865,972.8174434481662
2022-03-17 04:00:00,40424.094295262876,40812.80832257045,39949.86416684623,40418.96340255345,1150.5804130755268
2022-03-17 08:00:00,40238.00640254141,40733.015027049325,40228.52074741558,40359.88989532581,976.2835109569162
2022-03-17 12:00:00,40358.04468398566,40987.49683269399,39610.36422853978,40481.389775353055,907.2796210423822
2022-03-17 16:00:00,40580.63994100256,40966.995926064126,40042.96239954878,40448.8466157481,865.8692267954683
2022-03-17 20:00:00,40554.98463635099,41252.048140748826,39790.56041411526,40357.92872163067,1053.131722369888
2022-03-18 00:00:00,40743.80658941119,40828.81943949387,40413.90658804282,40679.271195584515,889.1272866305433
2022-03-18 04:00:00,40025.16879974334,40972.492282814565,40000.57417514659,40226.12610356799,1022.2738097412323
2022-03-18 08:00:00,40185.25570140002,40378.49350696282,39598.09377116464,40201.449580277025,913.100693602104
2022-03-18 12:00:00,40380.50839725447,41000.353290975465,39989.446161564694,40315.31177932644,971.1209401484731
2022-03-18 16:00:00,40216.70246589158,40705.572291076925,40040.57069957334,40063.76889394819,849.9419731452758
2022-03-18 20:00:00,41313.75004954249,41818.71304030195,40553.654355479914,41207.483775269786,860.8011016596599
2022-03-19 00:00:00,40344.65268341678,40936.93446401174,40202.914311913875,40335.27542131486,1195.2488728996157
2022-03-19 04:00:00,40949.18494457492,41562.61657186605,40313.83077755684,40920.84939087121,862.5778425573734
2022-03-19 08:00:00,40001.24428851533,40988.209571396976,39410.72506119313,40189.57639105655,807.8944047372925
2022-03-19 12:00:00,40172.595359923325,40172.741431830866,39485.36748674024,40056.95193935113,800.1426909418155
2022-03-19 16:00:00,41190.50440748879,41410.689587175126,40421.69352345965,41128.27011153623,1012.6745624111304
2022-03-19 20:00:00,40708.746776243024,41456.261111490974,40376.28439723774,40507.3845526242,801.9935134111084
2022-03-20 00:00:00,40924.04179172941,41374.26807260856,40779.88537981082,40906.249110860044,1027.2933317735456
2022-03-20 04:00:00,40018.970486430284,40321.61886757211,39549.62282938743,40018.521576618456,1143.7538639954648
2022-03-20 08:00:00,40097.111973022606,40689.79771594645,39312.0169036386,40049.70080695505,1181.6287043532031
2022-03-20 12:00:00,39910.55752012952,40561.51274774148,39808.20503130572,40062.60856217068,1194.7568821374912
2022-03-20 16:00:00,40651.07777158987,40794.65681344487,40370.59775578758,40748.4111062136,1188.806584112185
2022-03-20 20:00:00,40779.09274178624,41510.705544508724,40167.00656350799,40686.1297734722,1057.0771357828694
2022-03-21 00:00:00,39870.56867209445,40558.25971198913,39858.67611837286,39974.018024605866,1143.3327270317936
2022-03-21 04:00:00,40629.937707156794,41317.862124206076,40394.069995775884,40604.76710155815,1083.144368018371
2022-03-21 08:00:00,40262.229284282526,40826.247238861135,39744.388952180394,40327.880398418056,1188.0157234922267
2022-03-21 12:00:00,39869.388259752486,40396.53094760051,39672.13647568534,40052.50985179852,1186.9419425160418
2022-03-21 16:00:00,39874.14699772524,39912.655932916,39692.687482168294,39806.21154563538,1037.121287169946
2022-03-21 20:00:00,40374.70990532441,40499.22790538234,40312.39978623569,40497.1422321951,1074.5549411759105
2022-03-22 00:00:00,40167.368938081716,40718.22151300385,39894.211145653324,40191.38505091007,1161.2330630862887
2022-03-22 04:00:00,40784.143903064505,41075.86549080558,40504.18170589196,40824.03428853086,1146.0306018768692
2022-03-22 08:00:00,40367.30136131717,40744.564851796655,39815.343590992,40545.737244369106,1074.1844754452593
2022-03-22 12:00:00,40046.71537752642,40431.19692679098,39879.078335261926,40172.81615146734,922.5550379003323
2022-03-22 16:00:00,40820.67015619034,41323.04077207361,40188.32261340994,40803.65410643364,1170.3599868227093
2022-03-22 20:00:00,40486.91475317503,41166.12756392442,39854.57362094971,40489.51202041783,929.9896506264835
2022-03-23 00:00:00,40204.23264902602,40420.83743678181,39806.12476877713,40284.91267806314,803.5560773654934
2022-03-23 04:00:00,40969.143096415,41137.56157725733,40550.48191002196,40788.72372086105,1046.8163860815523
2022-03-23 08:00:00,40016.43964623662,40366.51959768162,39775.39417179489,39954.27367334363,868.8945577794847
2022-03-23 12:00:00,39993.84437052512,40374.874564652666,39512.15663674015,39997.3374798524,1089.9553228526343
2022-03-23 16:00:00,40353.19056949478,41022.55994527522,39999.49096475407,40438.84003263342,883.9895708882141
2022-03-23 20:00:00,40281.650537305606,40444.66159869681,39650.26876271179,40418.10582379495,1109.705809863297
2022-03-24 00:00:00,40005.02204732636,40689.65138542742,39891.05652346783,40189.455577066976,1173.8877212354844
2022-03-24 04:00:00,39886.48390445995,40339.64921256813,39616.23076839252,39881.68581631517,895.4698226212582
2022-03-24 08:00:00,40730.474225227896,41522.399440212226,39870.445801739035,40665.629300039,1035.1505725521306
2022-03-24 12:00:00,40349.94020804795,41336.23333912398,39642.853487019085,40536.51385810171,876.697269727808
2022-03-24 16:00:00,39556.13118782851,40262.81895592586,39221.64417749551,39569.3344174039,1124.2808282576577
2022-03-24 20:00:00,39994.28932882278,40174.009506977985,39412.05375960145,39875.270780462626,1077.0110482658533
2022-03-25 00:00:00,39680.07500609982,40334.11236981958,39151.78029975008,39707.97490627102,927.561537524535
2022-03-25 04:00:00,40406.97698081915,40890.584303726486,40393.13431855638,40589.462830695484,1059.0844422725668
2022-03-25 08:00:00,40058.26492713372,40159.45743140048,39788.95641463043,39879.92211280764,1029.7970598625268
2022-03-25 12:00:00,39862.31056973854,40214.913020616805,39468.05761201728,39713.10250790255,919.1719499380415
2022-03-25 16:00:00,40488.06327953404,40869.48870435308,40167.06343385326,40495.1968737176,839.5616589905327
2022-03-25 20:00:00,39613.57341713324,39850.65270023634,39322.9727162773,39615.434564369876,875.2727902010676
2022-03-26 00:00:00,40244.24005513767,40482.039275299365,39620.8580529935,40116.38430197344,1021.9554816869979
2022-03-26 04:00:00,39392.716344049724,39431.15591064902,39054.835488287325,39417.86079168858,1189.9363312648627
2022-03-26 08:00:00,39901.307725188926,39906.44536352007,39139.18745671201,39758.67797365534,828.2786751806182
2022-03-26 12:00:00,39606.65982811431,39910.18485472131,38843.47726469342,39569.39547645424,1036.3059295740995
2022-03-26 16:00:00,40186.9519429634,40899.283714482575,40007.464820385634,40338.46944644805,980.7140879212888
2022-03-26 20:00:00,39644.64069782314,40305.9219590019,38973.441051913476,39749.18387909427,811.0384306214696
2022-03-27 00:00:00,40288.09768104889,40497.486633344284,39624.56647945154,40231.32391051273,1000.8399097229608
2022-03-27 04:00:00,39232.822235893764,39453.401443958646,38623.22662771698,39311.03841625979,1165.9069759615209
2022-03-27 08:00:00,39847.799669134714,40631.01951167314,39812.95788831361,39866.78670773967,1121.152503411418
2022-03-27 12:00:00,40435.13367268053,40959.56268907264,39766.66383735753,40314.87233001684,821.914649023348
2022-03-27 16:00:00,39804.00119701586,40306.63998040998,39487.218984971434,39644.31645971108,950.320290210469
2022-03-27 20:00:00,39747.5253745592,40017.39022946342,39121.8825569086,39577.34462358941,976.247328554419
2022-03-28 00:00:00,40307.30436829109,40596.66519792889,39832.40191867841,40203.04552157645,828.2178154907791
2022-03-28 04:00:00,40000.93662298695,40829.253618836825,39488.41374184815,40054.560235261924,831.3239491433916
2022-03-28 08:00:00,39962.10932282588,40488.98442947268,39498.12755807518,39902.69524856002,856.1335663880217
2022-03-28 12:00:00,39377.81586581392,40106.2573178281,39109.38839814825,39510.75107702552,942.1800268564525
2022-03-28 16:00:00,39155.37554427283,39395.45914985517,38736.364000857175,39224.23452168172,941.4151882482953
2022-03-28 20:00:00,39257.22425892326,39947.13634934638,38567.91889600133,39327.78407569824,942.3919973686291
2022-03-29 00:00:00,39332.06021045412,39929.31946198547,39025.45184900269,39153.896154529335,1181.339019795762
2022-03-29 04:00:00,39981.445161348085,40543.45142713766,39404.02902415764,40154.455062151465,835.346155416129
2022-03-29 08:00:00,40445.03841939169,40965.100103876845,39603.60288035467,40255.85494548351,990.7122755970738
2022-03-29 12:00:00,39174.85441763318,39590.702292662805,38872.89460443488,39343.39463670457,929.9681750192019
2022-03-29 16:00:00,39664.144703158,40142.34022459009,39446.388291736876,39562.51157229393,1175.5633437679242
2022-03-29 20:00:00,39163.7650741049,39494.207998923404,39128.172572914635,39199.90411667027,983.6116193396075
2022-03-30 00:00:00,38913.73425605714,39505.41576156914,38203.41009257127,39059.42625169803,1193.1086543552424
2022-03-30 04:00:00,39280.11620698031,39597.792602943846,39153.57266551431,39255.145537640914,847.1515414510137
2022-03-30 08:00:00,39909.563646583076,40717.94246903931,39205.30486464904,40058.23311219728,957.4445466140171
2022-03-30 12:00:00,40240.44115321207,40772.547404194505,39541.59457466367,40207.570310963296,984.1993952962081
2022-03-30 16:00:00,39271.45645320792,39774.94205912011,38635.271132633534,39335.76865407261,1073.9174026285245
2022-03-30 20:00:00,38990.91464744819,39121.23304004099,38661.99763285848,39079.1742971247,887.8757342722197
2022-03-31 00:00:00,40023.09185668318,40179.363973855405,39358.326081298714,39850.39131052474,1104.4755065359896
2022-03-31 04:00:00,39165.75092914076,39850.80739029929,38659.44190281377,39354.78487657314,1074.349923339831
2022-03-31 08:00:00,39948.027886612195,40204.26053574527,39813.08205184113,39923.494052197995,854.352499849624
2022-03-31 12:00:00,39289.06484595028,39548.94565396956,38924.66029225857,39104.286888833136,881.7080673856207
2022-03-31 16:00:00,39273.84999624054,39698.69001103959,38596.64569088739,39466.91041710502,856.8174668625854
2022-03-31 20:00:00,39230.936953654375,39609.76884793042,39109.43208088142,39199.47289169338,1070.0742426046243
2022-04-01 00:00:00,39628.66606187531,39782.31197278167,39568.515164450066,39658.08263961913,1151.0173085038239
2022-04-01 04:00:00,39159.626522701634,39922.990288604524,38465.59597520156,39178.53395687431,873.9757303766314
2022-04-01 08:00:00,39895.817868558566,40571.21942902283,39888.15256183564,39978.77216246662,1107.5532555541163
2022-04-01 12:00:00,39912.044276649984,40780.540389869595,39420.867428271486,40070.43129510304,1019.8745909811123
2022-04-01 16:00:00,39805.08925143754,40489.07684285672,39670.43529510919,39806.18134353559,886.748575951306
2022-04-01 20:00:00,39750.267291944416,39895.46290100384,39303.39865562575,39571.966521690985,843.9763803049578
2022-04-02 00:00:00,39270.3695549783,39427.32122439937,38828.339487950594,39206.69251057016,1069.0865237635135
2022-04-02 04:00:00,39223.61772125865,39457.7182257191,39194.72980326147,39348.851311840575,896.65080321299
2022-04-02 08:00:00,38846.89135935383,39128.068408534324,38360.17964079641,38936.689279252925,1097.6191219189393
2022-04-02 12:00:00,39185.021141329074,40048.17586741383,38684.27147502647,39339.30171007234,1076.619938790634
2022-04-02 16:00:00,39877.93227226898,40103.25026103137,39430.315468019864,39823.39206164252,1020.7147302368725
2022-04-02 20:00:00,39840.832174172705,40216.41311960125,39039.23381291986,39675.369889658905,1185.9599934104654
2022-04-03 00:00:00,39179.92650705958,39282.97878972088,38613.162170610805,39010.287064014556,1123.902956393596
2022-04-03 04:00:00,39341.10261945284,39579.76093047197,38557.191194400184,39500.9341541253,995.6323585365196
2022-04-03 08:00:00,39128.98679129878,39453.80317192191,38789.800773276176,39217.20602744794,1098.9305402082557
2022-04-03 12:00:00,39598.230194851865,39888.53944674302,39343.33605693082,39748.49760970838,1142.7601952813184
2022-04-03 16:00:00,39485.63190281929,39731.686827896396,38833.86012980519,39372.693107698826,1122.8607848754464
2022-04-03 20:00:00,39533.144454507375,39673.21892709236,39335.52734379166,39628.71975502754,928.2979304386891
2022-04-04 00:00:00,39772.98054292137,39887.18356739897,39177.41687691124,39773.57213023758,1146.2869614913536
2022-04-04 04:00:00,38568.35377691632,39076.01714580397,38313.701323201436,38731.43969846944,1163.970621452699
2022-04-04 08:00:00,38848.80746840634,38912.3831407178,38156.648627595634,38894.81904813103,1008.2723253701414
2022-04-04 12:00:00,38951.49881254948,39280.83455163906,38666.7023462518,38908.34785510572,845.7140739468839
2022-04-04 16:00:00,39351.79785050915,39364.43581557897,38622.65733584851,39241.52981985615,1130.599255151974
2022-04-04 20:00:00,38948.060079342904,39221.90180567563,38589.70590484951,38754.41570321957,834.7380963614851
2022-04-05 00:00:00,39060.90457677651,39570.70568122938,38402.85883418971,38875.55920428505,1047.721889995371
2022-04-05 04:00:00,39113.68785602063,39210.013144816105,38988.37812390831,39089.86016672384,1066.8793208834272
2022-04-05 08:00:00,39444.89226029802,39867.02162568183,39090.6083409868,39384.697437847404,889.9032072102289
2022-04-05 12:00:00,39575.74921072427,40099.03918426287,39123.07728175216,39446.15933453922,1020.0573559489931
2022-04-05 16:00:00,39528.21569621612,40021.09394110405,38989.67293647802,39610.89367953578,1126.452299164831
2022-04-05 20:00:00,38703.26864186492,39040.53611424233,38703.1960468668,38753.00328777389,840.5063794684198
2022-04-06 00:00:00,39509.963164256544,40130.69443291215,39282.518777016136,39341.755156549094,898.362909277788
2022-04-06 04:00:00,38757.56056411362,38767.05585445866,38684.30076892797,38749.107940810136,805.182298752529
2022-04-06 08:00:00,39270.42942637022,39430.49611354856,38463.56587654093,39097.61144014285,1028.8635729062848
2022-04-06 12:00:00,39288.80989255547,39993.72336035238,38802.619624467996,39148.17221696624,952.4287734096328
2022-04-06 16:00:00,38542.19214887026,38909.90052097627,38446.85387537623,38556.21544363024,839.2885751325947
2022-04-06 20:00:00,38658.3772563942,39278.76032078324,38048.333628632805,38692.42380804007,1057.8668167372016
2022-04-07 00:00:00,38565.20733360251,38595.34640304458,37889.78473752124,38535.46441750458,1100.0157699449305
2022-04-07 04:00:00,39182.147545185624,39198.5072527825,38623.598601245954,39131.091336585516,1033.0292230054736
2022-04-07 08:00:00,39364.963021678115,40097.98488089279,38887.051542425455,39258.14041958842,1116.836820227172
2022-04-07 12:00:00,39587.873885212495,39607.80150880731,39256.9459626566,39460.65325779843,1137.8344338898944
2022-04-07 16:00:00,38763.239567951256,39276.27995239884,38330.23022029565,38948.0502391664,1072.21161935175
2022-04-07 20:00:00,39147.687366239756,40023.87365419907,38617.028181318194,39261.30634136212,811.6681779854223
2022-04-08 00:00:00,38809.14372012074,38813.93418670326,38168.0519271996,38638.685690173385,809.1257168546074
2022-04-08 04:00:00,39118.26862584841,39811.16732636544,38569.96798173706,39075.88217344309,1039.817347200349
2022-04-08 08:00:00,38934.86254217695,38980.32941824772,38260.87851488599,38805.97295423878,833.111310922458
2022-04-08 12:00:00,39137.926468123136,39257.483568683136,38417.0906888443,39152.75694121883,948.5907446515258
2022-04-08 16:00:00,38824.269371799055,38926.64214357111,38313.20597708292,38869.38050486769,1017.0315898424531
2022-04-08 20:00:00,38358.15196945802,38562.95152743357,37650.11452081106,38449.46468029044,1045.9869620648317
2022-04-09 00:00:00,39423.98069496191,39682.3029626876,38838.31801579153,39274.39019412938,849.2835291980355
2022-04-09 04:00:00,39069.857489190035,39304.72312225026,38774.56849914507,39185.86139764679,833.8472866529993
2022-04-09 08:00:00,38791.09460249595,39155.55452245541,38549.1589982112,38644.48438898059,1021.8592305322763
2022-04-09 12:00:00,39446.320305643276,40055.80535923757,38708.6762000712,39262.68636409302,1040.6756365591332
2022-04-09 16:00:00,38873.399746735646,39573.92204982979,38283.15859211208,38934.29209630314,906.6651256976986
2022-04-09 20:00:00,39360.47390415914,39813.48820839552,38655.44504822306,39173.21385149384,1000.5027951410226
2022-04-10 00:00:00,38082.976376891886,38170.58246501943,37718.84383831947,38155.7158342984,911.3737833579219
2022-04-10 04:00:00,39147.67804147815,39776.30776758821,38547.56658682941,39003.428385170766,1191.9759491416735
2022-04-10 08:00:00,38379.249268566644,38834.95069144669,37957.66060388969,38494.201751504326,901.1136881170377
2022-04-10 12:00:00,38814.3836393169,38817.960613626696,38045.449714915754,38790.12782220672,831.163810573954
2022-04-10 16:00:00,38743.58492740125,39443.47097670926,38465.65792959076,38741.31287545679,1081.653191736752
2022-04-10 20:00:00,39138.74892647993,39599.98561812975,38660.83560454533,39276.36725567693,892.4977191992972
2022-04-11 00:00:00,38669.81805947182,39191.127691162925,38313.02715434441,38809.213239839926,855.8906336981743
2022-04-11 04:00:00,38082.50366799762,38521.779705995694,38004.77810375979,38114.85166072478,899.8248492608209
2022-04-11 08:00:00,39051.64582647388,39587.17922255256,38529.44679138067,38989.023995564756,856.6292969855931
2022-04-11 12:00:00,39230.057884552254,39327.72144291896,38947.532950056426,39174.368415996425,830.9203757784959
2022-04-11 16:00:00,38650.61883335381,39440.23629913771,38271.34861801354,38684.08398992367,879.264201481957
2022-04-11 20:00:00,38414.613786966365,39102.712824831266,38402.13358910478,38423.83929006764,849.705073886115
2022-04-12 00:00:00,38259.09550084961,38487.49222457672,37947.288064542874,38248.80060616978,817.7528356987827
2022-04-12 04:00:00,39105.81636436815,39515.12117605072,38917.92317051537,39034.77300547108,802.3585646041015
2022-04-12 08:00:00,38880.3897954071,39506.363402881456,38322.52794845828,38977.00585650697,826.0388165108303
2022-04-12 12:00:00,38084.29072796162,38281.547389203064,37481.61748335291,38076.90157336934,905.2456970213848
2022-04-12 16:00:00,38438.10499478343,38958.624999241314,38030.69754088805,38265.666372545835,817.0314981715958
2022-04-12 20:00:00,38144.84858543598,38690.01939743295,38087.83140198096,38134.01631148932,901.3495183262332
2022-04-13 00:00:00,38377.91159574687,38928.84115102698,38366.800829596636,38509.83109375568,1014.4623372847554
2022-04-13 04:00:00,38527.024928804414,39247.92740418739,38447.740744966904,38566.649491564116,982.1345976299946
2022-04-13 08:00:00,38752.20116870875,39345.51947918343,38236.50576066859,38796.852645410465,813.0686838439614
2022-04-13 12:00:00,38673.187250188705,39102.234172184806,38073.728958245876,38672.54710092306,1036.850867053318
2022-04-13 16:00:00,38260.02418868412,38831.895563061364,38060.69704698736,38118.25155776067,1167.7706431325505
2022-04-13 20:00:00,38343.73080193552,38627.13988017019,37688.47164773547,38194.44316194218,1024.9718759957552
2022-04-14 00:00:00,38674.725436185836,39477.86774807367,38522.70092847778,38740.60252669434,1103.4915919651762
2022-04-14 04:00:00,37909.8952653098,38667.02821930106,37633.28915167014,37890.067252924244,919.5256990420481
2022-04-14 08:00:00,38696.0293188708,39037.18254394054,38586.817260595984,38816.55499109342,1049.3634326349213
2022-04-14 12:00:00,38145.506004792456,38484.03669638733,37903.293545861685,38218.45939327005,955.998139583008
2022-04-14 16:00:00,38028.14758117792,38740.6462124473,37440.93892467149,37900.037719303706,1128.5542039633815
2022-04-14 20:00:00,38564.15537265305,38999.897494960336,38439.480165165216,38631.31288210054,810.5470618322946
2022-04-15 00:00:00,38267.37446719825,38507.02563726086,37943.55237806899,38414.03047622071,942.4944727951602
2022-04-15 04:00:00,38394.89410755129,38707.47828558446,38149.016407788156,38540.79837567817,968.2216980837109
2022-04-15 08:00:00,37795.44759625415,38115.90934113626,37708.1136996922,37954.788843276736,1073.5039193161833
2022-04-15 12:00:00,37785.508141143204,38505.03672306014,37083.88810145139,37828.28880766493,1001.184461680079
2022-04-15 16:00:00,37692.48548379714,38189.3698502186,37106.91055126274,37739.321514068106,1084.0922667071459
2022-04-15 20:00:00,38747.75818991855,38812.616410191986,38200.66102175858,38622.663961363585,1154.6014376953137
2022-04-16 00:00:00,38327.17806569629,38565.540692912145,37742.79711010796,38488.59677118362,1062.0513573577236
2022-04-16 04:00:00,38050.080966131296,38265.57257047872,37896.23688692961,37905.460914572126,1083.9421008072197
2022-04-16 08:00:00,38595.524339582254,39012.598242513624,38082.15504935385,38501.02555864248,898.0125848752426
2022-04-16 12:00:00,38256.894617641454,38257.47566994529,38072.45920193944,38153.613097895875,1002.0445435683725
2022-04-16 16:00:00,37959.571613827015,38131.83605887813,37223.720778691284,38105.432882456844,1078.5832619433343
2022-04-16 20:00:00,38460.8753127312,38670.75482641782,38141.785736852325,38359.510769028544,1099.8680578034443
2022-04-17 00:00:00,37811.425272626715,38093.51503143804,37136.6934905984,37922.43394116152,1115.8902862859081
2022-04-17 04:00:00,38831.862601751294,39104.04782923869,37920.77123929662,38669.59104868323,1182.3217707238753
2022-04-17 08:00:00,37540.23890940449,37784.557781669355,37248.163276481784,37703.77881414951,1128.7947973593666
2022-04-17 12:00:00,38456.56854054952,38903.32547612525,37925.62596208048,38631.26007087393,1167.7325758501268
2022-04-17 16:00:00,38661.829092105996,38900.08681721187,37894.31523433179,38516.54760005976,820.7346028207835
2022-04-17 20:00:00,37678.31264268892,37790.77173604957,36930.96275996614,37751.41170698248,840.7382210602409
2022-04-18 00:00:00,38085.35115893832,38260.464928120455,37392.538091308255,38025.45631399216,1024.8114331404768
2022-04-18 04:00:00,37581.1308384977,37710.54048774942,37072.04658306188,37667.951175370654,1147.7934640940366
2022-04-18 08:00:00,37528.41441486447,37982.96897687694,36932.90354534848,37603.18253670505,1074.9769457775928
2022-04-18 12:00:00,37466.80148556238,37738.2731584417,37028.387727232104,37653.708575026125,844.1289427996858
2022-04-18 16:00:00,37777.902466277556,38375.11151176378,37232.86064482915,37702.464215005006,1070.6880902502985
2022-04-18 20:00:00,37967.92817936713,38658.32737109824,37184.60814816371,37829.11620065003,1135.6727018210909
2022-04-19 00:00:00,37938.28073756252,38178.85690762724,37850.58052969306,37854.55870633624,999.4486002573119
2022-04-19 04:00:00,38048.11782605884,38232.479297074984,37757.696610161955,38165.69326788969,978.5351477255352
2022-04-19 08:00:00,38361.17690326554,38450.47595091492,37666.132464029106,38216.48306940071,823.2392038131338
2022-04-19 12:00:00,38489.17163362352,38518.137861903866,38174.656736486766,38297.922510814744,819.2455557746439
2022-04-19 16:00:00,37239.524527476315,37936.57159680356,37217.29738580588,37406.72991192218,1094.3154869312652
2022-04-19 20:00:00,38049.36111543343,38595.22968409516,37584.141135440404,38237.94034657799,959.6565319918911
2022-04-20 00:00:00,38093.377650478775,38451.80560290098,38063.90892888241,38251.825194089375,1057.3484504046596
2022-04-20 04:00:00,38352.88295604904,38525.09859954225,38113.3319664586,38455.60682009876,870.2739004333446
2022-04-20 08:00:00,37760.85767267279,37866.987410152135,37399.721743896174,37638.51734355758,1167.7760389646173
2022-04-20 12:00:00,37997.33289175877,38711.96298321161,37253.935774200356,38030.711402221976,1029.6492828986454
2022-04-20 16:00:00,38029.073037814705,38188.18711056795,37554.582842406715,38093.38215250333,1101.6301209661415
2022-04-20 20:00:00,38191.46195185455,38514.28680110268,37696.092375336244,38336.12816883933,894.7153063708174
2022-04-21 00:00:00,37309.78625484679,38117.23527423313,37197.88586098574,37407.63381956927,942.2517819860061
2022-04-21 04:00:00,37524.555072358824,37628.99317287327,37198.90048092408,37398.68776119927,846.884204616977
2022-04-21 08:00:00,37168.986521820734,37536.942524786784,36754.67828265189,37249.73621593418,1161.3594087894398
2022-04-21 12:00:00,38296.22831033215,38901.05137603969,37757.253883840305,38342.989556655346,961.4474427807221
2022-04-21 16:00:00,37696.42500255374,38338.818956588744,37165.06386484594,37706.64459726601,846.2182034966843
2022-04-21 20:00:00,37493.89901131495,37711.742316679156,37387.15654438874,37578.78060048554,941.1903215003241
2022-04-22 00:00:00,37957.943840649015,38658.930298580235,37311.54126814143,38027.851496013776,956.5024299617473
2022-04-22 04:00:00,37328.59438385418,37842.818632919465,37006.21815934999,37385.86572980914,947.6471575132614
2022-04-22 08:00:00,37731.04108325336,37930.488457349624,37177.69429621455,37660.19188134388,947.018171666163
2022-04-22 12:00:00,37705.42715917103,38302.07655923476,36955.39293867003,37557.30603149278,1019.0167408819618
2022-04-22 16:00:00,37453.819778624995,37983.898025703784,36817.43882971897,37378.61947658202,912.1923021246772
2022-04-22 20:00:00,38163.93355852391,38255.0622910511,37482.239726734086,38056.03623348007,1060.3781892490438
2022-04-23 00:00:00,38209.90423788035,38698.59507107296,37693.525256057415,38096.98907159733,845.1626950760236
2022-04-23 04:00:00,37966.02331269998,38094.61486538125,37536.62164167143,38077.45574708766,1047.6893744563145
2022-04-23 08:00:00,37702.56020237553,38193.86547284847,37019.841792123036,37686.06461641848,1156.9843244341605
2022-04-23 12:00:00,37841.743348130636,38500.47770732901,37821.894354586155,38015.186372097596,1112.0786107331714
2022-04-23 16:00:00,37784.22273313467,38331.702340310694,37141.72272386427,37850.25738688536,1125.5135816029622
2022-04-23 20:00:00,37595.32250204664,37665.42933226441,37143.045355147486,37425.808495786485,846.8517426159408
2022-04-24 00:00:00,37364.37993872163,38170.301871767784,36826.38494793623,37515.09717922643,935.8624309179945
2022-04-24 04:00:00,36999.25808895053,37415.24498850076,36393.11285474089,37170.58144498475,1109.421423604375
2022-04-24 08:00:00,37709.01701384376,38242.930323724286,37439.50543173773,37585.640591969706,1005.0725882285412
2022-04-24 12:00:00,36830.27261131197,37257.73009000619,36475.77798713329,37007.333953975554,877.1931953729427
2022-04-24 16:00:00,37866.25813208098,38206.989936311824,37840.48443052325,38016.12183453007,1041.0700754731295
2022-04-24 20:00:00,38012.49870007937,38586.88104638309,37496.3167222567,37935.65892136942,1197.1463850465484
2022-04-25 00:00:00,37485.1828975809,37802.9985419547,36921.8090414663,37502.7130973688,924.5849824961365
2022-04-25 04:00:00,37659.69013993443,37759.28332799012,37086.070699005286,37696.704379559684,868.2064611815053
2022-04-25 08:00:00,37990.09128355551,38238.985227874226,37403.96264756555,37890.007827127745,904.3657028321388
2022-04-25 12:00:00,37342.44083086321,37653.60544510124,37141.999013223685,37338.22045485056,889.708946007033
2022-04-25 16:00:00,37769.30591933631,37976.65886559049,37179.022154887374,37652.23502813089,876.8746579587088
2022-04-25 20:00:00,37504.48366178455,37940.120885503005,37024.463686780335,37592.3728478557,1170.8302277586354
2022-04-26 00:00:00,37931.3089993534,38162.9764959671,37595.8778934415,37779.02206199877,928.1201116081538
2022-04-26 04:00:00,37929.367966189435,38516.996737533926,37692.96860662358,37756.00100001588,907.2365567150194
2022-04-26 08:00:00,37675.84313199612,38144.32356481055,37308.9447913167,37779.14323912557,999.6583978103029
2022-04-26 12:00:00,37277.9760266382,37853.57726956119,36922.949120640726,37389.8084557454,1010.1860630125548
2022-04-26 16:00:00,37198.10815780978,37888.072192067426,36595.72152502918,37089.403628380685,1037.418607839867
2022-04-26 20:00:00,37385.46957340876,37835.2861449386,37189.22437678338,37335.625688082786,1019.2243940375126
2022-04-27 00:00:00,37477.58467158326,38222.23834841536,36942.60875093489,37425.82030306087,1125.2728494438466
2022-04-27 04:00:00,36940.178917284145,37417.349077129984,36096.19806342888,36829.764478777004,807.6799779646634
2022-04-27 08:00:00,36883.21295369117,37323.24472627296,36069.62731219847,36764.62649962497,974.3972554532481
2022-04-27 12:00:00,37802.70145105378,38330.86693300384,37730.20548448086,37787.05190930707,984.3206202852286
2022-04-27 16:00:00,37816.17589156593,38342.69896932348,37130.27519922834,37724.41222558415,1000.1970664910157
2022-04-27 20:00:00,36645.77243260349,37298.92276658311,35931.88214104358,36802.20969951995,1175.2392551261646
2022-04-28 00:00:00,37478.09942188898,37766.64291807979,37388.45442355589,37502.839299642204,890.3394354358985
2022-04-28 04:00:00,36782.11822613195,36925.18865744411,36695.44637749333,36803.3046739349,855.9163833460203
2022-04-28 08:00:00,37281.72430397631,37890.29197801895,36818.67277584958,37253.47451041484,1014.7820050341604
2022-04-28 12:00:00,37554.56582053107,37639.97690934265,37283.97074178264,37384.0532729346,1062.978360430891
2022-04-28 16:00:00,37156.55491029726,37410.825988989425,36534.79202790735,37110.76673640033,1038.4653881096674
2022-04-28 20:00:00,37458.83954943846,38178.306970335136,36724.08696033746,37303.44202112367,986.8254256650074
2022-04-29 00:00:00,37554.71804192023,37906.442781628764,37161.37663658704,37469.27038605455,1060.8679877827149
2022-04-29 04:00:00,37575.70677216597,37937.877205857665,37420.47992264131,37503.90403598273,1027.1895434492865
2022-04-29 08:00:00,37501.6184484724,37802.293094611625,36841.458597444354,37329.810946954996,1193.5302157717679
2022-04-29 12:00:00,37392.84061456133,37880.875824880764,36727.22680964913,37506.80231134768,1042.3661404396516
2022-04-29 16:00:00,36814.1253346243,37334.27220345304,36148.593617101265,36699.15677855916,1150.1902509705933
2022-04-29 20:00:00,37155.15037403071,38030.74957209502,36851.53565621577,37301.251047033606,1174.2837712361322
2022-04-30 00:00:00,36620.612773245695,36849.28338357583,36516.12381356565,36541.93253798563,863.6618801293382
2022-04-30 04:00:00,36675.82206656703,37300.0092996178,36591.19402519683,36809.93492742748,1091.6976536981279
2022-04-30 08:00:00,37111.33218560381,37225.52204810506,36397.71987014066,37026.11006359943,889.6082514517798
2022-04-30 12:00:00,36716.75472606253,37374.49078936307,36250.34676597817,36799.3937432357,921.6609545809108
2022-04-30 16:00:00,37415.10584002174,38012.53781158801,37001.05919588791,37543.29116600734,1168.1356819461976
2022-04-30 20:00:00,36660.32815955052,37135.53257168862,36081.82653959572,36599.27182558507,1056.3398935271816
2022-05-01 00:00:00,37316.08298583032,37566.38835193076,37030.70143263244,37141.04465837031,1026.9113391939254
2022-05-01 04:00:00,37289.30135089247,38060.653490532844,36816.6511642201,37332.882326868166,1093.953015222161
2022-05-01 08:00:00,36847.15725863975,37212.58425832275,36084.29801456442,36757.85750712608,1024.8140059556292
2022-05-01 12:00:00,36359.77275867038,36613.6324187914,36223.44834358608,36457.910347413985,1110.5855709030486
2022-05-01 16:00:00,37349.6847856668,37918.94272413328,36985.35419190332,37361.78390000574,1026.1146969210201
2022-05-01 20:00:00,37423.716839922046,38061.39192613212,37250.283323608484,37454.5808120341,1073.9735560268282
2022-05-02 00:00:00,37001.984472291115,37758.215378250505,36794.4910075554,37159.123310453266,1036.9927468596525
2022-05-02 04:00:00,37165.32649621614,37614.294347792464,36864.79501390838,37116.3254829051,1176.3473983278896
2022-05-02 08:00:00,36637.15160958298,37074.24934979044,36165.9907231169,36529.5524793264,825.7405964958144
2022-05-02 12:00:00,36470.26537508889,36826.14933283711,36389.240404032105,36424.018163019966,1092.3158135727872
2022-05-02 16:00:00,36291.14548562809,36723.501878767864,35986.03130358353,36351.950678706206,1035.5051955807583
2022-05-02 20:00:00,36501.74184950969,37076.28191790792,36084.59020271695,36646.71286176255,1060.9914222992234
2022-05-03 00:00:00,36266.423561684824,36363.22015808934,35840.544395446974,36357.62506467924,1089.3381422976734
2022-05-03 04:00:00,36950.161654259566,37639.89844790262,36393.709252876244,36965.9853373338,1105.896046697368
2022-05-03 08:00:00,36510.74982311661,36812.3623787224,36187.96392439576,36509.531876622976,1027.4543184992672
2022-05-03 12:00:00,36393.943655863186,37041.87890326663,36079.90622474246,36320.138644413484,1182.2232449696496
2022-05-03 16:00:00,37099.23736772952,37238.17538122028,36753.89992371779,37111.79394345504,1091.6361161666723
2022-05-03 20:00:00,37199.947446965016,37735.62823844304,36739.71804189578,37038.33158395604,1142.4080411449067
2022-05-04 00:00:00,36462.758084482986,36635.615961792944,36105.70822927937,36294.6393641988,957.663094028237
2022-05-04 04:00:00,36090.37689400664,36741.863227382266,35430.29133225196,36171.29668286689,926.1635886801291
2022-05-04 08:00:00,36835.035226901375,37193.78913486191,36211.71007000891,36798.67930305982,1010.9060735732168
2022-05-04 12:00:00,37256.99777660796,37717.98062821883,37127.8959750111,37177.39515608823,1048.8926566902107
2022-05-04 16:00:00,36247.95707136767,36894.488337953604,36125.25840171475,36414.67531982926,1081.0291441793001
2022-05-04 20:00:00,36276.72806425641,36398.02813165113,36266.618365193935,36291.796670459094,1117.7227794337045
2022-05-05 00:00:00,36993.51995682753,37406.83448103476,36697.25689750108,37176.04600166566,846.8374617941756
2022-05-05 04:00:00,36206.93669819868,36625.9270389055,35694.62596665246,36361.71743137304,856.8049514726979
2022-05-05 08:00:00,36407.706909442735,36923.29608788095,35784.156647423755,36580.39820713424,1124.2988110864585
2022-05-05 12:00:00,36241.5183872446,37083.187092414155,35619.99073175613,36397.31283893812,1092.7927847941967
2022-05-05 16:00:00,36555.794652918434,36787.766260681674,36513.7597081032,36715.003962541974,860.1258696819823
2022-05-05 20:00:00,37048.69765631318,37430.92522294322,36351.299826952876,37122.23361597029,929.8584190917315
2022-05-06 00:00:00,36725.63192914947,37105.78961764664,36043.398031228826,36894.32344814856,846.019355954522
2022-05-06 04:00:00,36991.24417993029,37002.14732567964,36704.916152580074,36831.46133992908,857.4410451716382
2022-05-06 08:00:00,36938.799965280945,37253.68346674607,36249.627268990735,36951.079948086866,1077.6013575136735
2022-05-06 12:00:00,36812.42866138471,37291.16492753952,36608.35498273196,36946.680401492216,1162.1597718872035
2022-05-06 16:00:00,36994.20044598201,37773.14219097869,36764.00765823597,37057.064273411626,947.3898496088256
2022-05-06 20:00:00,36972.85208927228,37346.28075348457,36650.99822944402,36843.50909870474,942.0487166433402
2022-05-07 00:00:00,36717.635736162956,37109.07991910976,36687.98693455459,36860.925604804484,1153.9884334235635
2022-05-07 04:00:00,36153.82998123131,36713.85079765084,35547.634089089675,36040.67251542388,1107.9513595312624
2022-05-07 08:00:00,36035.96783465794,36407.05298965257,35982.60061942904,36038.94573009221,874.9248922408192
2022-05-07 12:00:00,35973.07399493755,36575.101619677844,35842.54127068738,35932.91211681024,1159.9337071070922
2022-05-07 16:00:00,36901.66169030871,37241.46380449623,36675.9935359827,36894.78600325897,840.986093535371
2022-05-07 20:00:00,36578.20710075031,36728.691577427744,36385.482341108225,36531.440877462635,1080.789152182379
2022-05-08 00:00:00,35941.22720848349,36373.24460130644,35454.499644000956,36108.167148957975,1069.2221389581216
2022-05-08 04:00:00,36554.27994143026,37249.46151962818,35940.746954878654,36699.027015072126,894.6623942578449
2022-05-08 08:00:00,36407.948373443,36970.60605259556,35915.65701150387,36561.013473561565,845.1925601616546
2022-05-08 12:00:00,36321.546807853156,36724.95371448031,35879.634246663,36369.1500587342,997.50126138756
2022-05-08 16:00:00,36849.72114712553,37361.711202596285,36224.68027192602,36890.37785589636,1189.979302682847
2022-05-08 20:00:00,36581.62489441343,37116.95105563174,36080.50485977624,36453.56191782145,944.6686927516212
2022-05-09 00:00:00,35722.984337051756,36321.72654144111,35242.423979718566,35787.05325322757,1067.9585531356472
2022-05-09 04:00:00,35791.892440675416,36145.42307138249,35093.93721800868,35964.96486673338,1031.415373678555
2022-05-09 08:00:00,36457.828428430505,36912.979103207515,35771.227816440434,36459.43059261165,987.8607065145414
2022-05-09 12:00:00,36013.03489234521,36366.533497240656,35393.27240483472,35934.270829195564,1012.8076035350005
2022-05-09 16:00:00,36808.44699303486,37207.96614630418,35944.25120279822,36636.53857286713,1162.6172995084469
2022-05-09 20:00:00,36500.86039391026,36803.601551347776,35949.34942647408,36611.71622925867,845.0193387115794
2022-05-10 00:00:00,35809.10428577739,35883.39975058591,35261.86466475632,35729.400476026814,1059.5944685295565
2022-05-10 04:00:00,36131.55778837048,36842.96040861278,35784.52254451064,36312.95707565987,961.0167625099758
2022-05-10 08:00:00,36317.84566396634,36561.01151221669,35654.28860429081,36311.42772398975,1130.564729305267
2022-05-10 12:00:00,36214.685926043945,36856.00075305052,35659.03298956245,36105.768796114564,1149.8331319275185
2022-05-10 16:00:00,36742.06863896432,37215.408251237546,36240.50276474233,36719.25617586266,844.3013382378789
2022-05-10 20:00:00,36035.256004391624,36138.051691921704,35719.36243739874,35883.89688898164,1016.8699799824244
2022-05-11 00:00:00,35693.79511748206,35753.969644755714,35648.82991221275,35663.578300648536,1136.3967779282598
2022-05-11 04:00:00,36156.46689652274,36212.92139271794,35796.09417829529,36146.2911471152,990.0828134059402
2022-05-11 08:00:00,36040.93819857029,36479.95491011423,36022.41170291035,36141.00243652089,1002.968278163695
2022-05-11 12:00:00,35966.85560286325,36261.31809635135,35745.65946589418,36143.16650180763,1169.81984894592
2022-05-11 16:00:00,36089.44530445874,36362.8099430962,35455.24814667723,36137.89830275802,1022.2012079585701
2022-05-11 20:00:00,35689.05005044218,36102.66272291359,35213.349924357084,35758.89540873191,812.039553748613
2022-05-12 00:00:00,36245.85710028946,37058.28712555424,35604.65201859952,36401.63377169932,1047.6890141935103
2022-05-12 04:00:00,35544.66095121859,36338.29724415285,35070.56923373224,35672.40704053947,1195.6206337410028
2022-05-12 08:00:00,36120.654180955906,36632.18766319628,35744.59508452153,36091.01793447143,1004.705470468259
2022-05-12 12:00:00,35834.821452070355,36427.045025329964,35283.142601418345,35901.51064849354,1003.4110467212172
2022-05-12 16:00:00,36382.14450797164,36633.483431020366,35893.973212410834,36402.30485854476,932.7814798899067
2022-05-12 20:00:00,35541.67448082792,36052.75705262915,34931.46695469216,35717.49641826733,837.5792077809509
2022-05-13 00:00:00,36457.272416496264,36822.54303440341,36331.34468099138,36450.961942534035,925.4270991638531
2022-05-13 04:00:00,36532.02307679143,37197.12936159684,36423.183989267185,36452.39983236525,1010.089366668369
2022-05-13 08:00:00,35781.66396645747,36212.61956465714,35251.3336258637,35824.180013771234,1184.6707732317561
2022-05-13 12:00:00,35590.22418658617,36165.851000857576,35064.46335598117,35481.70125084374,1092.332960886043
2022-05-13 16:00:00,36475.540919054205,36866.484046867525,35757.966289775606,36331.60110253435,867.3297693928351
2022-05-13 20:00:00,36182.26141680799,36722.90950740043,36176.5861892074,36356.20755661721,1020.0048744253772
2022-05-14 00:00:00,35714.29121970667,35983.95429830081,35389.63409802968,35659.37085808605,926.1701935673753
2022-05-14 04:00:00,36456.6620996489,37065.53762838914,35920.85640230886,36374.18740241948,1170.9703776748197
2022-05-14 08:00:00,35706.466047157475,36196.329692124935,35235.87335046697,35635.06775180265,970.4291368477427
2022-05-14 12:00:00,36072.55402046474,36260.22958973017,35634.504575046296,36112.13287022234,945.5601229029827
2022-05-14 16:00:00,35897.174574889716,36089.920014888856,35105.18184893863,35759.63612304518,883.7914046784558
2022-05-14 20:00:00,35734.90178387111,36219.94001845476,35627.137091876946,35694.64741273481,909.8690073850631
2022-05-15 00:00:00,36036.06712682676,36757.48357382798,35477.223527995324,36165.08289698344,1043.4046269475316
2022-05-15 04:00:00,36293.40144851949,36341.19157576282,35484.996085196,36137.270437083105,932.9884405130547
2022-05-15 08:00:00,35849.7520597912,35863.047065077066,35564.351168336645,35812.127255832536,969.1284420270132
2022-05-15 12:00:00,35462.60580607352,35938.74739953686,35288.92294703097,35318.60036710636,1128.0637244665409
2022-05-15 16:00:00,35448.443539329994,36086.88429824221,34967.31932140789,35419.981069367575,1073.6620707730303
2022-05-15 20:00:00,35463.945888587274,36035.95634049936,34950.711701271284,35511.52781901385,1116.3401542278482
2022-05-16 00:00:00,36253.63396079822,36417.83228801907,35655.90245923084,36222.93331121519,1066.7634810529485
2022-05-16 04:00:00,36278.97571516781,36556.756166021914,35923.8689841552,36251.1654228665,1126.7816383448253
2022-05-16 08:00:00,35930.6844934047,36562.84452172675,35310.55617377186,35909.31989012678,963.8768901433931
2022-05-16 12:00:00,35075.36523057446,35585.11358116653,35020.164950508566,35230.65677132569,1183.8333882824977
2022-05-16 16:00:00,35534.478578239716,36011.405162714116,35137.302295042566,35381.906036913504,1187.3090310162263
2022-05-16 20:00:00,35306.79377559165,35662.64120900168,35032.837361337384,35478.62180654059,1016.8801317051275
2022-05-17 00:00:00,35688.587399586606,36393.64764310673,35171.812352172354,35848.821878520255,1117.1766612597812
2022-05-17 04:00:00,35621.49780727956,35667.477618235396,35246.35374057872,35451.43117747878,1083.0620524847905
2022-05-17 08:00:00,35899.73244130517,36208.7468744876,35315.02907356966,35786.75235064843,925.3532542066587
2022-05-17 12:00:00,35620.20226603278,35724.12180714396,35211.118211358764,35556.32104966549,826.637376611709
2022-05-17 16:00:00,35225.3527863474,35368.04079706802,35194.71692670696,35262.27527696325,856.9956433908709
2022-05-17 20:00:00,35792.63295772251,35848.67604617612,35557.56430058869,35772.69441569656,820.9859685709008
2022-05-18 00:00:00,35875.32423491809,36004.661691920795,35119.83776732778,35699.22296009049,994.4421799712354
2022-05-18 04:00:00,35659.254735078706,35885.35130827998,34985.1923118124,35600.88475463612,1158.8047557665068
2022-05-18 08:00:00,35567.27256466631,35976.06698318066,35405.869384227844,35476.79625954303,813.3301621879327
2022-05-18 12:00:00,35750.05701686309,36493.64029991247,35050.99931422539,35800.50833205995,811.6513215272208
2022-05-18 16:00:00,35384.9696402812,35761.73159346935,35144.22372789763,35453.28305495369,1162.1762886012787
2022-05-18 20:00:00,34901.55646818801,35241.0675762243,34692.40964590844,35075.64171496216,960.75461137641
2022-05-19 00:00:00,35893.67311029291,36139.80436284312,35514.494922849684,35997.32029752244,912.329056255446
2022-05-19 04:00:00,35495.137050976846,35793.40112770488,34790.440992023076,35547.47556902056,825.437612334313
2022-05-19 08:00:00,35406.84466211445,36131.29206594004,34852.794506833525,35503.224934643054,1088.1768011777922
2022-05-19 12:00:00,35213.98337403571,35512.34998011618,34606.59503338178,35167.860095172146,1054.8213748784333
2022-05-19 16:00:00,35196.31820487992,35467.246213914885,34557.6063810939,35268.28782977857,971.0161669251133
2022-05-19 20:00:00,35913.41049554734,36296.69706634177,35261.30920141484,35765.66270920704,1149.2290119368008
2022-05-20 00:00:00,35189.48672263997,35352.10238147535,35125.867373598485,35260.98055352342,951.1089923406273
2022-05-20 04:00:00,35574.45108906013,35981.08031318602,35228.96813569525,35435.37437220171,1001.2968622022235
2022-05-20 08:00:00,35722.48509606382,35949.92660849822,34970.54111772848,35555.12609617645,967.0132455436517
2022-05-20 12:00:00,35727.298247223254,35938.17136053354,35193.98242792308,35571.80753373007,1087.4647383759211
2022-05-20 16:00:00,35355.7425660124,35527.88141355591,34878.698372943836,35512.269003761525,1052.2102951134516
2022-05-20 20:00:00,35702.24126236615,35843.052332863546,35370.733843675654,35664.07687209659,1067.4988157219088
2022-05-21 00:00:00,35122.80484101172,35180.05986514319,34743.40561463706,35074.54944707945,1025.8179182413983
2022-05-21 04:00:00,34964.95563726811,35538.36110241188,34595.15097690966,34903.43270682284,809.9718392816832
2022-05-21 08:00:00,35617.65450627864,36235.63411623879,34958.708036542484,35666.35062986786,906.4736184411622
2022-05-21 12:00:00,35617.70753946123,36001.35240095875,35388.592815438446,35549.51146803534,870.5355913099443
2022-05-21 16:00:00,35643.836612679814,36249.10084488962,35401.43187726926,35733.520114002895,1094.5407177949671
2022-05-21 20:00:00,35444.513999329145,35861.29965507631,35384.348776623614,35443.98500989731,1018.8184558777185
2022-05-22 00:00:00,35123.02258674897,35791.88435503324,35027.058872420144,35173.47530555444,1136.2261986318942
2022-05-22 04:00:00,34774.41993728719,35263.33052131725,34566.84029193445,34918.96428539805,973.3443288109968
2022-05-22 08:00:00,35827.36809781234,36478.42769999287,35077.172293646574,35683.69805668828,817.2380166258307
2022-05-22 12:00:00,34957.44839049682,35011.372945399904,34638.444768720525,34939.778850320734,988.3604680988814
2022-05-22 16:00:00,35359.90865412201,35731.69454622376,34957.79260519,35393.553378436496,836.8456646302844
2022-05-22 20:00:00,35465.82580659347,35685.005451558995,35014.36514397799,35521.14174455522,836.0012607407075
2022-05-23 00:00:00,35299.128248695924,35733.54953294696,34828.045194372775,35184.8671833049,980.6755487185891
2022-05-23 04:00:00,34621.2286512759,35110.09938998187,34317.005539057536,34660.25681420386,897.6944854967652
2022-05-23 08:00:00,35532.63240758989,36224.0196799046,34768.88641085917,35440.75211160244,985.2789153851957
2022-05-23 12:00:00,35804.677679309694,35838.174551430435,35484.73764175459,35640.645493555356,983.63544955149
2022-05-23 16:00:00,34916.196872749046,35100.19577269129,34759.61287582321,34878.11775045654,934.9191412190919
2022-05-23 20:00:00,35547.30464440421,36195.741208498366,35036.64451416807,35420.75954807993,985.1721070304089
2022-05-24 00:00:00,35053.85386171564,35724.67394560098,34964.28399997675,34993.50893295933,1028.0230595518742
2022-05-24 04:00:00,35443.03840182199,36117.38337182788,34972.23248860066,35570.00014057307,1153.375640059123
2022-05-24 08:00:00,35531.0848129353,35561.445672522845,34708.94817063841,35375.38080189173,902.1406248755226
2022-05-24 12:00:00,34922.68070379302,35181.826059714505,34841.131218015034,34935.80894399273,931.5613150160991
2022-05-24 16:00:00,34567.54858270774,34894.61854226016,33914.790557486886,34670.04801729198,858.1970254209787
2022-05-24 20:00:00,35486.79409924137,35878.98127083111,35358.22305514179,35567.71338718116,1011.5030018285042
2022-05-25 00:00:00,35239.73421387099,35931.86573323066,34420.998542382615,35065.807412067006,911.3199509276972
2022-05-25 04:00:00,34823.41381994285,34910.651012657785,34377.56720272312,34857.21263966844,1070.1313576283364
2022-05-25 08:00:00,34582.93329724063,35247.8289451663,34233.25008921074,34603.91237810097,899.1359688286916
2022-05-25 12:00:00,35364.536314257966,35916.38463090132,34866.89088169669,35386.049658664204,844.452459386792
2022-05-25 16:00:00,35091.08285407551,35429.94531049761,34585.757371304455,35008.75994106511,999.952599202138
2022-05-25 20:00:00,34496.81931736937,35012.241469705245,34031.85046711761,34547.56899838465,827.4991086973953
2022-05-26 00:00:00,34534.9388350203,34740.5659892708,34131.54877617501,34575.54760655368,1046.720869164326
2022-05-26 04:00:00,34463.46136218747,35078.129292439124,33934.1752554643,34593.811394541626,832.6601961911775
2022-05-26 08:00:00,34521.86702898067,35147.746894125994,33833.85629236674,34472.13154617817,1116.5333519922742
2022-05-26 12:00:00,35142.72646772748,35385.49461894797,35024.890572939905,35026.862964232954,996.4635879693251
2022-05-26 16:00:00,34460.79111258206,34544.179793956784,33989.444119165266,34440.73488031871,1115.674158918271
2022-05-26 20:00:00,35300.66083523542,35899.332433543204,34897.13721610432,35379.117696138004,939.8964009749686
2022-05-27 00:00:00,34889.40109639261,35202.82095757954,34745.817778152385,34756.97459658167,1179.2804927929305
2022-05-27 04:00:00,34618.41992059176,34878.60394903136,34143.22080550598,34534.33142462081,959.5584937513996
2022-05-27 08:00:00,35100.4152414805,35547.1555993898,34940.37977868589,34974.10453571462,864.3740694476351
2022-05-27 12:00:00,34521.920829390205,34991.34319430615,34366.84920042978,34653.8627489185,1005.2558769346499
2022-05-27 16:00:00,34193.45667256411,34833.764448858514,34155.03469654983,34308.172333017574,1038.5992280002924
2022-05-27 20:00:00,34393.21659809579,35090.21582076058,33999.21224892999,34506.93490260139,856.5780931469976
2022-05-28 00:00:00,34442.148747333194,35040.47438408657,34052.35261282409,34317.3235021775,1151.3951822676263
2022-05-28 04:00:00,34691.933878786695,35077.57011419356,34674.78254570482,34816.2327982759,864.3842358518938
2022-05-28 08:00:00,34255.04364992494,34347.8662487119,33849.93526292046,34345.419139252015,833.4966119708995
2022-05-28 12:00:00,34595.42952775404,35248.32693647859,34170.63250219815,34502.2090552536,975.4248478439981
2022-05-28 16:00:00,34794.75395537468,35396.35809520847,34787.08883260607,34801.34725583253,808.6374999236358
2022-05-28 20:00:00,34622.367344945145,34852.00396783469,34271.13748935172,34659.09217230919,1002.840094811261
2022-05-29 00:00:00,34997.946114985105,35585.757812639604,34517.53095234007,35055.27681428522,1134.2588728693331
2022-05-29 04:00:00,34581.721114089036,34865.67490824921,33881.78291873602,34441.69591888108,870.3200515706783
2022-05-29 08:00:00,35085.92774578213,35225.80170426632,34825.22053173981,35083.61390089493,822.2726597619878
2022-05-29 12:00:00,34241.2085040531,34767.38953225757,34202.36860620016,34306.31310420953,1076.6274465586966
2022-05-29 16:00:00,34587.30065734227,35398.908958934466,34536.520078507936,34719.74534007065,864.3590012089887
2022-05-29 20:00:00,34348.65927977116,34871.53698704575,34092.59548642647,34212.067718712395,867.3692762306637
2022-05-30 00:00:00,34573.19622701704,35063.70426710318,34120.64686032301,34465.57502106266,1101.815954385263
2022-05-30 04:00:00,34912.03421134887,35560.593306062605,34778.19164195979,34930.61245165689,1102.7550499248916
2022-05-30 08:00:00,34911.12850972939,35221.44538631406,34328.57536041686,34741.07951727828,802.992570671918
2022-05-30 12:00:00,34730.81477467795,34764.64772546838,34189.715588864,34681.953813409156,856.2667486952154
2022-05-30 16:00:00,34784.697088863206,35544.07548860654,34593.08674113307,34892.188287195815,1037.403169517651
2022-05-30 20:00:00,34661.1794213477,34847.314799887,34332.26315321803,34512.795538672755,1177.6411837972619
2022-05-31 00:00:00,34582.41278255255,35047.49462772027,34103.21407896709,34693.59100423616,1124.3919416762335
2022-05-31 04:00:00,34938.73386797537,35108.829972184125,34545.5652906473,34908.23127597358,956.8281773299445
2022-05-31 08:00:00,34662.12044337234,34851.99296801238,34405.38441209802,34730.08600749962,1127.1895173252544
2022-05-31 12:00:00,34355.29414347628,34551.95678621736,33995.285224101164,34456.081121904375,981.3088264207558
2022-05-31 16:00:00,34953.190052717444,35460.476401024534,34310.62490170425,34781.449859303895,1183.3337417390392
2022-05-31 20:00:00,34040.5238528082,34330.97662839963,33511.47363181066,34209.5599529548,832.7822508834751
2022-06-01 00:00:00,34085.4419961167,34097.737336355625,33320.95004802598,33987.27971748867,1046.787929351751
2022-06-01 04:00:00,34298.312336326606,34417.887814963055,33841.64620476418,34129.10438714059,973.7467743333641
2022-06-01 08:00:00,34046.55475543684,34627.87848846081,33959.300535427814,34059.214524913106,884.63382948227
2022-06-01 12:00:00,33823.532181809656,33975.17191086943,33564.0477275503,33905.78514538409,929.8516788758417
2022-06-01 16:00:00,34538.976266381076,35100.597660784355,34146.145399615496,34452.67521352671,909.3103276709542
2022-06-01 20:00:00,34152.81190080656,34762.697910380404,33962.367411389685,34283.96281534909,1085.2472190364444
2022-06-02 00:00:00,33961.94586313865,34428.86704486665,33573.506861183734,33821.54628179129,1093.5188694158105
2022-06-02 04:00:00,34419.066237634106,34716.28232825809,33757.45273130677,34502.63672347638,840.7498816994888
2022-06-02 08:00:00,34229.68636930065,34737.902923900096,33829.3476774124,34233.57457941907,847.6294176769002
2022-06-02 12:00:00,34089.84203580896,34635.37786185652,33353.638671412344,34014.3535999695,934.7914697852422
2022-06-02 16:00:00,34368.96311578709,34571.60729928923,34033.86020665832,34302.99049735101,982.7493983592705
2022-06-02 20:00:00,34759.64266846833,35324.55684909275,34196.26287121869,34723.843870039585,811.4783002913254
2022-06-03 00:00:00,34556.4747389942,34855.26902641324,34002.35785199868,34577.21531122632,1179.5146838720887
2022-06-03 04:00:00,34114.22552513905,34662.58657449809,33902.66441231862,33992.15866419964,938.4390934484381
2022-06-03 08:00:00,33900.96343248765,34346.72051537466,33727.538028008414,33986.01769877333,818.5831247792669
2022-06-03 12:00:00,33679.59138957895,34189.263398063194,33602.061155606614,33771.43596954196,1188.499410507421
2022-06-03 16:00:00,33949.48291415337,34556.167187878506,33298.54277275901,34018.73086643298,984.4524336019576
2022-06-03 20:00:00,34163.2153304344,34785.088403952985,33973.6351373742,34114.858653892305,986.6926889633321
2022-06-04 00:00:00,33642.97896937367,33865.46784490607,33163.312967555445,33686.136686291626,874.3957570953899
2022-06-04 04:00:00,34338.467232326264,34672.58869465622,33678.73281445528,34441.236093180036,900.2538648323068
2022-06-04 08:00:00,34225.90034429346,34869.39288190751,33600.264444751636,34396.64397408592,1133.7156548004077
2022-06-04 12:00:00,33770.532681949895,34094.154508544714,33350.8077313038,33810.92560670609,892.890889417979
2022-06-04 16:00:00,34473.18453374556,35142.82288466316,34014.844038553594,34585.167744453116,866.3417857654103
2022-06-04 20:00:00,33948.82786842054,33997.02292265123,33215.7811867182,33842.84265562349,1183.9838003002656
2022-06-05 00:00:00,34230.19574532321,34695.064243116714,33531.27717010534,34205.61733737242,998.048969056182
2022-06-05 04:00:00,34126.529208063526,34174.93154040184,33687.586147221205,34062.83973433593,1138.8718836520225
2022-06-05 08:00:00,33749.8668614533,34277.607124283255,33329.67202138953,33904.560303927916,958.9403430590517
2022-06-05 12:00:00,34199.22926998479,34366.326098678095,33886.87749355009,34068.47356418288,926.1114483719597
2022-06-05 16:00:00,34425.26215558395,34922.41720348806,34002.260161177415,34427.230942769806,1184.233913196074
2022-06-05 20:00:00,34181.95416545169,34596.488123550385,33702.85009217321,34251.48382663015,1109.4532679380518
2022-06-06 00:00:00,34322.87628521811,34700.831162199276,34030.678346363406,34354.64577553171,996.3183306525908
2022-06-06 04:00:00,34516.87835637613,34745.32446899403,33961.58486893648,34416.26409831357,805.6440431649355
2022-06-06 08:00:00,34091.42877463091,34300.62161706717,33335.52160296616,33960.22882250097,1141.3880386128099
2022-06-06 12:00:00,33561.266399142616,34274.14563565311,33439.36213014033,33690.7580288987,804.8288676834612
2022-06-06 16:00:00,33969.85964173481,34434.26424132437,33899.064277883874,33989.63240217887,1184.3359132711469
2022-06-06 20:00:00,33365.58847422361,33703.03490659192,32823.69035224151,33463.83858230565,986.6549960374991
2022-06-07 00:00:00,33741.655134361135,33899.63293039648,32974.763999769166,33586.76597476822,857.8865889042697
2022-06-07 04:00:00,33662.13968233587,34238.07056672086,32888.62242212188,33531.651207944706,991.1995939228811
2022-06-07 08:00:00,34118.800348116936,34288.142183308635,33862.84817024029,33992.515285964146,1109.2673197954164
2022-06-07 12:00:00,33576.260557296744,33677.96744884068,32930.07220688584,33512.65322456559,1090.4828786863982
2022-06-07 16:00:00,33411.8510345378,34032.45892002429,32977.217583201316,33440.10596480871,1017.4174831687453
2022-06-07 20:00:00,34238.88778438054,34862.29703881167,33839.391128287105,34258.000893550015,910.3972762582134
2022-06-08 00:00:00,33884.48775596621,34349.770995489336,33806.47602537942,33826.73849046136,943.560530374694
2022-06-08 04:00:00,33512.63271524638,33815.66269587307,33086.46458898505,33559.19611469318,820.1862369513685
2022-06-08 08:00:00,33949.963627751036,34524.76948219768,33680.17479150379,34110.64064594951,1187.495390899931
2022-06-08 12:00:00,34152.42644143599,34403.05030043892,33865.798885424054,33995.607615374654,826.2967747169024
2022-06-08 16:00:00,33798.326395682954,34458.12472590727,33646.90148961871,33843.35276137554,1048.016068091342
2022-06-08 20:00:00,33989.158508889974,34610.7480633272,33560.99683889888,34144.04391595509,1184.3077361674525
2022-06-09 00:00:00,33657.02534867685,34134.86722727611,33324.23322440332,33721.16879193368,856.3690559600979
2022-06-09 04:00:00,33566.48821454056,33626.22021709795,33520.63359733341,33549.277845558754,987.0957008703062
2022-06-09 08:00:00,33765.50138221747,34352.018954818086,33165.03287889763,33760.255420321286,909.1308479423225
2022-06-09 12:00:00,33961.585117469294,34726.91279183661,33472.30063413701,34099.599027678254,804.6733861842389
2022-06-09 16:00:00,33757.17622496586,34389.067608729434,33368.50289982849,33864.41825188654,958.7303551958281
2022-06-09 20:00:00,33844.16303310158,34360.597786791106,33509.60648521624,33777.80893737682,1019.3906397235017
2022-06-10 00:00:00,33128.25233305712,33777.715346992154,33063.08754854248,33259.67925041174,1068.1954915859235
2022-06-10 04:00:00,33695.179193027645,33698.631738962744,33085.2854004198,33677.94982314816,908.3609884830055
2022-06-10 08:00:00,33566.39154448267,33877.531085331655,33361.904388426155,33464.36435890371,1028.0175599759161
2022-06-10 12:00:00,34097.16089846384,34338.34403972386,33607.08044437164,33966.44879714292,1199.5948446928728
2022-06-10 16:00:00,33619.87385198541,33858.32087569889,33141.63037942461,33633.56871107798,1198.80508029897
2022-06-10 20:00:00,34048.91402920519,34486.55697642814,33844.332911133635,34098.01740006623,903.5665989301045
2022-06-11 00:00:00,33509.98437393797,34168.87389651611,33317.948059461305,33413.08609035927,856.1490835293544
2022-06-11 04:00:00,33182.02319081504,33486.5151473999,32833.97325719491,33123.68673887699,1172.8881517200662
2022-06-11 08:00:00,33517.99465878195,34188.963117454994,32878.54266729196,33607.915200552285,935.5412700939404
2022-06-11 12:00:00,33314.857521881786,33828.11252927874,32954.16638173508,33264.382286169726,1121.0055801470676
2022-06-11 16:00:00,33127.16267015097,33180.73113574849,32495.206636432427,33107.1554806313,1083.7804829634122
2022-06-11 20:00:00,33608.281070023244,34175.73237878129,33211.61681021368,33536.96425202946,835.1514683895793
2022-06-12 00:00:00,33530.58419067068,34100.778703636584,33402.6203342128,33470.75812249867,899.6824495832503
2022-06-12 04:00:00,33627.020374290696,33709.84806342912,33558.36581388429,33673.725066457315,1191.442660987537
2022-06-12 08:00:00,33413.20061125839,33910.42489404527,32916.79120750068,33404.960777678796,845.001856484104
2022-06-12 12:00:00,33185.95682143135,33658.68608833695,33063.785087983415,33278.3470075523,1009.4089579194842
2022-06-12 16:00:00,33552.283659470624,33806.7473967831,33099.55294647711,33423.66125138181,821.5961140456584
2022-06-12 20:00:00,33669.5365014016,33716.08627598057,33571.14362510078,33684.69291681748,801.5013025260686
2022-06-13 00:00:00,33044.86266798885,33194.641399874075,32508.334116576352,32959.24297996515,879.6474345503126
2022-06-13 04:00:00,33173.20754031141,33471.23170873269,32933.63629657114,33223.401914548725,988.7445701354916
2022-06-13 08:00:00,33153.4952919071,33190.743342866284,32521.185479414,33150.102600950704,963.0164677155321
2022-06-13 12:00:00,33407.52149481367,33705.087561435095,32882.96246127845,33380.0124034235,1143.4500469916752
2022-06-13 16:00:00,33029.80961573998,33206.88453101469,32746.17784830549,33023.89199089689,906.0727749239244
2022-06-13 20:00:00,33112.14952436683,33465.66717189231,33070.48459547746,33151.3768270919,918.0711423047427
2022-06-14 00:00:00,33328.76861790951,33820.433506149755,32975.71990074708,33233.463700820175,1073.1906176561306
2022-06-14 04:00:00,33152.33104152033,33613.63156310688,32890.20590457931,33115.047316240525,1046.2786109650206
2022-06-14 08:00:00,33098.79550403106,33142.69800913743,32751.363026446536,32966.83228274801,838.8807895501214
2022-06-14 12:00:00,33488.614127650835,33862.898608001975,33371.8340880661,33556.79865461157,903.6952009452743
2022-06-14 16:00:00,33427.78170163747,33741.17469456898,33147.56017965846,33289.245795727984,912.7400667579702
2022-06-14 20:00:00,32981.891210917725,33608.6162959316,32243.374373614068,32833.96056390172,802.760174523887
2022-06-15 00:00:00,33531.993777033815,34197.465038060865,33123.786588062285,33455.65326304707,925.9363787017431
2022-06-15 04:00:00,33190.55381943659,33799.87648708143,32852.69913698545,33042.147785668436,1055.8655560416205
2022-06-15 08:00:00,33457.77067504637,33802.41861747388,33119.39629597198,33516.49103468135,861.4718477008315
2022-06-15 12:00:00,33675.893686968615,33912.19593402073,33283.06358105826,33676.45959806454,850.9255700388055
2022-06-15 16:00:00,32844.81779765361,33349.42555454071,32608.961618989815,32893.86629676433,1016.3397902785231
2022-06-15 20:00:00,33572.30855523391,33668.808082283635,33167.371638459605,33510.5812849496,1192.6674888505465
2022-06-16 00:00:00,33525.928447016406,33603.27485978238,32825.515493817074,33365.57635280275,1127.7789354265255
2022-06-16 04:00:00,33022.384601141246,33498.09301269513,32422.019422465342,32921.27885049031,1161.4914705274966
2022-06-16 08:00:00,32881.55284015864,33521.23809731439,32333.32895131013,32943.49813585064,861.5629020743856
2022-06-16 12:00:00,32668.993207574797,33210.634735517924,32221.71260616923,32702.162602876466,846.1196835638207
2022-06-16 16:00:00,32980.59473770495,33306.81404149609,32495.7759370558,32862.894939830934,1174.02863739929
2022-06-16 20:00:00,33328.76073904238,33903.24499851179,32968.49799544189,33474.272479781925,975.8872516428664
2022-06-17 00:00:00,32847.643604285324,33413.15196284095,32693.795266793102,33009.15202834996,987.1563559148158
2022-06-17 04:00:00,33369.6069102935,33728.541449488155,33278.14711688189,33448.21634802504,806.3328730380621
2022-06-17 08:00:00,33369.93332030557,34091.88262911134,33337.75862552044,33495.706360828124,1153.73934545866
2022-06-17 12:00:00,32865.609947193254,33106.78600387165,32589.589185466375,32785.224088393305,984.2741923474605
2022-06-17 16:00:00,32865.613199173575,32994.68974666072,32321.1201845119,32836.32420211359,1162.6271152719228
2022-06-17 20:00:00,32845.61251735371,33082.602595535245,32307.15886473787,32907.4964634035,1129.0797344817647
2022-06-18 00:00:00,32614.244187129752,32709.84415503158,31874.935861178274,32488.536868119667,954.5180537623753
2022-06-18 04:00:00,32640.47729672845,32823.94327066889,31909.827203160443,32541.696698155603,1126.6380203651736
2022-06-18 08:00:00,32734.342742309615,32824.93659967919,32505.978720319454,32724.790582950194,1118.480844791933
2022-06-18 12:00:00,32666.095048594038,32941.51947210847,31949.871062510712,32518.09445885581,1007.8504332955225
2022-06-18 16:00:00,32978.56169229275,33102.323465859656,32780.80128642683,32989.639620680624,1016.2707482355917
2022-06-18 20:00:00,32986.883849731326,33266.35534128364,32282.533518925164,32873.75661704324,1145.287622385935
2022-06-19 00:00:00,33183.162762581946,33852.8999011704,32875.4950909732,33314.07352557859,1115.8250773393052
2022-06-19 04:00:00,33152.09529467674,33374.6146755426,33116.07978908868,33176.614286398,801.2906951677273
2022-06-19 08:00:00,33285.22203526389,33854.28205730852,32855.2277224884,33264.3227589888,900.4324472055216
2022-06-19 12:00:00,32902.47320312006,33248.8963751186,32653.455309245095,32783.345120982645,1138.6620986841433
2022-06-19 16:00:00,32729.12669071415,33303.85957062393,32066.63410498921,32638.070991457964,967.3415290302853
2022-06-19 20:00:00,32534.9162125414,33084.860223322044,31966.081049253742,32686.346806587375,1166.0667227596132
2022-06-20 00:00:00,32395.936336678416,32716.860996014482,32218.673553736073,32414.444321520794,982.3579070140597
2022-06-20 04:00:00,32731.024258320947,32880.35734026651,32156.70124755731,32771.11271217028,1134.8514232336076
2022-06-20 08:00:00,33072.732760746905,33606.27429280556,32363.259422131498,33020.13672240181,987.8316244606713
2022-06-20 12:00:00,32486.40993457058,32745.327188337,31882.99872857424,32504.359641109997,973.6108447296753
2022-06-20 16:00:00,33121.15732478708,33405.5986624427,32774.484731138036,33118.811701800856,1178.4436205545358
2022-06-20 20:00:00,33020.6784370106,33249.666174887294,32561.8351905267,32970.6955247602,1165.8698979467658
2022-06-21 00:00:00,32750.948489655304,32999.35325679605,32609.966986988813,32636.120050552723,1020.0480773650686
2022-06-21 04:00:00,32964.89286889727,33064.27993755099,32351.16294700933,32835.87922490971,1068.6525640210866
2022-06-21 08:00:00,33220.604440656534,33437.0524326377,33087.724074366415,33143.647228855014,948.0508774307898
2022-06-21 12:00:00,32505.306851152087,32806.100945095284,32316.208218535776,32348.863480742453,1147.984008202437
2022-06-21 16:00:00,32530.88702192964,32651.571718949137,32375.16815017648,32468.418406788223,807.1541195566568
2022-06-21 20:00:00,32377.848744599047,32768.92178668809,32023.35452495061,32479.755529327897,1160.391665428016
2022-06-22 00:00:00,32377.104631774175,32420.429417333926,32270.58109626992,32282.23078966102,1030.063145046156
2022-06-22 04:00:00,32380.06597664041,32598.31108162004,31822.435140918245,32392.06398888062,937.4281382420914
2022-06-22 08:00:00,32631.96964134764,33203.055562864494,32322.125883247885,32731.676992160592,914.3490031146333
2022-06-22 12:00:00,33221.44317757999,33342.249067548844,32730.62638890355,33086.36164309552,808.585823035258
2022-06-22 16:00:00,32838.211956162,33422.25862739575,32196.829814997644,32948.563251488464,838.3451998293201
2022-06-22 20:00:00,33011.00092262532,33618.213148869305,32613.538095758566,32977.581867621295,1109.3862536149793
2022-06-23 00:00:00,32636.115942318178,32909.82003473991,32053.52693883192,32681.116656641505,1043.1878111673968
2022-06-23 04:00:00,32338.742679152612,32435.69126038094,31657.377775776386,32198.167816632995,1100.5846345755892
2022-06-23 08:00:00,32739.2465238052,33220.90398568525,32334.35945356977,32835.180150628374,1033.784212323578
2022-06-23 12:00:00,32733.727807068288,33359.57461875867,31936.478815791055,32586.497452516895,875.8932791463452
2022-06-23 16:00:00,32180.163308662704,32361.46683240992,32048.770967663753,32281.266931142858,1008.6109809932083
2022-06-23 20:00:00,32783.15791649058,32997.03471341966,32192.039676139128,32805.68199419505,1177.833103178224
2022-06-24 00:00:00,32001.046037326865,32689.097100331186,31385.713202837294,32146.228311937415,1099.8790154706853
2022-06-24 04:00:00,31962.822810547095,32130.837134530644,31831.47097771693,32009.00970440525,877.278143930904
2022-06-24 08:00:00,32698.476764330204,32882.27467493056,32275.46339693131,32659.031856790683,921.2594085057308
2022-06-24 12:00:00,32713.607227953296,33394.99202780853,32585.460406027847,32833.60761503651,1027.6119549559417
2022-06-24 16:00:00,32935.171229182684,33275.73641306057,32278.564142442217,32796.169879177796,891.84918846627
2022-06-24 20:00:00,32700.483273844005,32943.669999524645,32647.714636511228,32834.41114144901,982.8506172325184
2022-06-25 00:00:00,32735.71197846954,33177.97882221906,32626.61818428563,32851.40767191438,988.706296756594
2022-06-25 04:00:00,32373.663507747584,32457.01056755414,31912.636964170895,32395.299528614636,839.8618195395211
2022-06-25 08:00:00,32052.910994477388,32158.21840443061,31556.164115500294,31980.03154473679,1054.5442877760945
2022-06-25 12:00:00,32507.188534550256,32531.409899650018,32258.052573199235,32447.36180999481,800.6157529568092
2022-06-25 16:00:00,32015.67488672597,32486.12154275845,31547.53708394556,32018.575525129247,1025.5853903962322
2022-06-25 20:00:00,32437.79191499108,32774.46888422281,32155.724573616775,32354.888525221224,1159.6977763698587
2022-06-26 00:00:00,32718.907349888614,33018.58907863129,32351.55600528847,32773.42429904686,1032.7951799989692
2022-06-26 04:00:00,31771.719177429433,32425.477731372324,31210.350765882213,31882.82084577522,906.2149442535607
2022-06-26 08:00:00,32416.254645047604,32810.62481184584,31872.250772177285,32517.74281243481,1007.2117208553063
2022-06-26 12:00:00,32264.811130285187,32950.84546933247,31879.577483136054,32340.414650820156,850.9344212940763
2022-06-26 16:00:00,32424.53287238791,32967.42349424757,32351.89694014675,32566.821036882528,855.1078196695819
2022-06-26 20:00:00,31991.843693051167,32361.94143788765,31953.429729439053,32011.011958921663,815.2069789498363
2022-06-27 00:00:00,32635.23833224519,33238.07353740583,32365.28393212898,32476.489938671817,1118.056274985571
2022-06-27 04:00:00,32561.640285495778,32590.631561088565,32002.620646427047,32453.92602985175,881.6420387542219
2022-06-27 08:00:00,32379.172001081854,32703.874389549725,31955.14410099578,32489.051478169513,1121.0877635140591
2022-06-27 12:00:00,32360.706267242356,32957.75498101285,31979.53496182567,32309.069463547334,1181.3553177008341
2022-06-27 16:00:00,32480.75382671354,32641.802822218786,32251.51051672252,32456.519051852363,1156.6676372603906
2022-06-27 20:00:00,32470.10540210985,32861.171800118515,32129.83822886118,32322.61614559465,869.7489888890402
2022-06-28 00:00:00,31904.64815172262,32043.65732437719,31407.054213850948,31882.85854382182,1053.6348357343054
2022-06-28 04:00:00,32166.727907393568,32618.028829984574,31785.02989129384,32259.858407416832,986.4059415324695
2022-06-28 08:00:00,31850.4527737146,32076.714637503108,31175.771580061526,31801.75970145083,1071.8677936870054
2022-06-28 12:00:00,32310.1696842089,32980.379342208944,32227.142795395263,32367.3491934605,923.5570272551519
2022-06-28 16:00:00,32583.71056796632,32642.48229319601,32030.567858447615,32481.18277238015,1003.6036763945239
2022-06-28 20:00:00,32030.191010384464,32131.423286884972,31424.10304212639,31893.04267797216,862.3450729819587
2022-06-29 00:00:00,31944.09124253496,32209.48533012462,31890.25805500574,31890.52677609815,885.4945117355089
2022-06-29 04:00:00,32248.921486556104,32763.77216890529,31874.71806063727,32109.378534949446,1070.3344096230378
2022-06-29 08:00:00,32450.28419796879,32749.12178661442,32036.884293834843,32433.859063404594,1181.0332272022213
2022-06-29 12:00:00,32384.003129426503,32809.2993301,32177.110419390297,32417.569689154763,1063.21224958434
2022-06-29 16:00:00,31637.80519146988,31822.90153079576,31145.6159971149,31766.113144711406,1190.9837301944945
2022-06-29 20:00:00,32252.33319055018,32712.216167099883,31946.46780314757,32113.311118245427,921.4777265238612
2022-06-30 00:00:00,32149.539222225714,32628.208815907354,31769.62334875338,32083.279912882994,1082.4175387310077
2022-06-30 04:00:00,31703.700882969013,32054.974893943694,31128.78826070766,31734.66259793983,1145.1531071465429
2022-06-30 08:00:00,31867.370288086633,32341.577044646117,31722.88965975145,31959.39408399891,812.2608973040273
2022-06-30 12:00:00,31835.42212461422,32395.398654418455,31549.1088483041,31747.193707648414,1082.9854657894393
2022-06-30 16:00:00,32033.86067734691,32272.18485937002,31560.6483814937,32153.136018266574,1023.3088611596849
2022-06-30 20:00:00,32208.4069237595,32510.19232037647,31712.45063841842,32280.810151550166,848.8385526738218
2022-07-01 00:00:00,31673.206757228527,32043.266355670974,31595.978523302307,31807.66802804435,1047.8901888004343
2022-07-01 04:00:00,31631.2282156749,32105.16513854319,31089.084667431434,31595.93090022944,1068.724443169029
2022-07-01 08:00:00,31462.195788999194,31486.589947635173,30867.705304195213,31449.506637036757,1156.6971785855856
2022-07-01 12:00:00,31466.875426375784,32141.081299355406,30871.56083900145,31517.77307288509,829.8052216026119
2022-07-01 16:00:00,31945.549127056758,32423.890425640377,31840.607971076963,32084.094504382145,1135.6676055930532
2022-07-01 20:00:00,32129.079603355898,32259.931511020473,31756.714844814902,32254.67660359506,1118.279767985817
2022-07-02 00:00:00,32276.258490736618,32890.45575328243,31755.921996248366,32130.686735834224,882.8058432664598
2022-07-02 04:00:00,31296.375015676367,31771.12212412518,30989.92821353191,31342.57344491713,1120.641786658498
2022-07-02 08:00:00,31364.34905060804,31789.65490665407,30857.70610042488,31468.58745830191,993.1293862102264
2022-07-02 12:00:00,32103.688193199538,32436.23251554179,31687.31487270994,32188.06367356659,890.6534317609182
2022-07-02 16:00:00,31957.256640414314,32691.956813781253,31329.331648460735,32113.55864498752,808.4121557184476
2022-07-02 20:00:00,31428.66493241663,31990.6734370499,31371.798827935672,31373.81734649176,954.0570059478702
2022-07-03 00:00:00,31872.315345011906,32091.851700341158,31845.70440187184,31904.655660181066,1093.587043681213
2022-07-03 04:00:00,32059.396342510667,32291.757843234813,31523.849102364726,31929.15386086051,986.7722775820873
2022-07-03 08:00:00,31470.547842279313,31890.523805292596,30981.158083733688,31543.207549954583,1026.227196985205
2022-07-03 12:00:00,31432.300553710113,31544.54104334547,30986.92982268286,31540.2798609811,1000.6246439923199
2022-07-03 16:00:00,31833.76650026391,32339.48811261206,31516.132650423224,31961.931003170346,904.7367401521481
2022-07-03 20:00:00,31355.379217612004,31934.65204403003,31038.811119460268,31445.918306863958,1166.5744272107822
2022-07-04 00:00:00,31783.734509645572,32266.803370743703,31397.676460091247,31921.069814983683,840.2718203152689
2022-07-04 04:00:00,31575.959885511256,32003.78467245251,31479.939721452218,31483.72466530515,1054.9289329985422
2022-07-04 08:00:00,32012.832158416833,32218.159397770996,31347.103348689383,31883.83772113627,1011.9710411210161
2022-07-04 12:00:00,31916.481518880293,32155.52131928803,31397.538862918256,31993.50272460278,883.3309014580013
2022-07-04 16:00:00,31301.490760185647,31653.102115187357,30722.54837797598,31155.619481564987,1140.06786874837
2022-07-04 20:00:00,32081.49158425345,32473.34359657172,31790.83500488086,31958.069451269053,1161.7762463353793
2022-07-05 00:00:00,31976.230384497074,32235.946986699702,31777.344274122162,32003.115239402236,1153.7994701638415
2022-07-05 04:00:00,31196.472936454928,31786.679539605004,31147.45918263079,31285.430534718424,867.3348415357765
2022-07-05 08:00:00,31693.29978942077,32133.272738734293,31060.376168461167,31835.334049629822,1081.3439326706832
2022-07-05 12:00:00,31293.11923237341,31823.450375043645,30656.014510462617,31256.37281902643,1058.3849666411706
2022-07-05 16:00:00,32050.044945255202,32116.619856859168,31917.82568164368,31941.123825769646,1089.7316818121128
2022-07-05 20:00:00,31851.918613095237,32456.918423092073,31222.55183571124,31992.153401726526,1094.646128005021
2022-07-06 00:00:00,31393.831917908756,31919.321194676882,31085.931866582698,31384.730914707765,972.4571433545485
2022-07-06 04:00:00,31155.836974395763,31282.879519374474,30721.501750849606,31231.71974907785,898.5933582379864
2022-07-06 08:00:00,31215.19249234002,31720.94532607785,30731.482336440808,31260.906345411306,826.4378808255451
2022-07-06 12:00:00,31326.29482413243,31738.34268117094,31211.379844674655,31277.0312404387,962.5906650477884
2022-07-06 16:00:00,31055.56530237368,31297.414068194143,30639.90410401872,31151.407921083584,1045.7203524435556
2022-07-06 20:00:00,31251.37810557468,31440.80618411786,31119.925446808644,31141.088982218957,1156.5409133779262
2022-07-07 00:00:00,31841.880587499916,32215.885447288325,31263.724050557434,31710.23698602193,865.1011006645251
2022-07-07 04:00:00,31601.11958240241,32097.943735969126,31295.342090321938,31623.87835718487,1051.097065333081
2022-07-07 08:00:00,31420.939601991555,31815.817213763225,31072.96918720561,31523.713856347724,1130.510943203393
2022-07-07 12:00:00,31229.914679865862,31904.09045280648,30908.915925823858,31351.986071304764,1095.6845801464328
2022-07-07 16:00:00,31108.893246253196,31635.406327767734,30599.459273254946,31143.893485040015,840.887986265141
2022-07-07 20:00:00,31081.702507731847,31379.30872377413,30483.511167301767,30976.087973778136,895.6120989553075
2022-07-08 00:00:00,31422.349787753505,31503.284686327042,31113.498961097263,31285.67553401928,905.3624912453547
2022-07-08 04:00:00,31194.133949582425,31210.101369929976,30969.501862947545,31077.990531362615,1170.285179220551
2022-07-08 08:00:00,31513.109854142353,31610.790541069266,31278.2631690742,31592.55105605891,1085.5584620811997
2022-07-08 12:00:00,31346.620235000933,31801.73248602184,30833.538777857102,31416.463189850325,1167.445338576884
2022-07-08 16:00:00,31359.136466642103,31528.613090215433,30732.9640007845,31370.8402546166,807.8335575944385
2022-07-08 20:00:00,31026.298546497386,31623.39991553436,30856.102113266017,31004.686675497072,881.1860089110475
2022-07-09 00:00:00,30706.546254292065,30988.165171795412,30357.46941233254,30804.993195657833,1047.1368561881156
2022-07-09 04:00:00,31569.523456277046,31946.489141900383,31337.62467822485,31657.280198831224,893.5881416228552
2022-07-09 08:00:00,31253.164023211684,31264.293174880677,30530.289541738486,31142.71552205777,1153.757768066915
2022-07-09 12:00:00,31104.316293967877,31643.919791824268,30520.67087725055,31176.25235524766,906.6390515856775
2022-07-09 16:00:00,30897.78168786231,31444.863094370823,30328.167380807805,30886.493789524622,1179.9903522935206
2022-07-09 20:00:00,30934.57677278747,31436.866879136378,30318.972886820608,30982.989309102137,824.5565462558478
2022-07-10 00:00:00,30751.207684338064,30874.416633747354,30681.491928183004,30728.354277943512,875.9405226541796
2022-07-10 04:00:00,31001.557901049473,31155.462094913415,30667.289365719866,30854.48989959781,1135.2271009567444
2022-07-10 08:00:00,31329.02920830549,31697.46498643712,31145.839654901094,31308.705424758526,1143.9448291554575
2022-07-10 12:00:00,31577.190171845272,32118.549421289197,31207.114750440982,31495.97484454529,917.518286685069
2022-07-10 16:00:00,31264.920400504063,31850.024737730022,31018.868450947884,31117.38246535994,838.0810522464855
2022-07-10 20:00:00,31017.59026538439,31128.425020305036,30880.835671439578,31103.573280808883,848.0641142632089
2022-07-11 00:00:00,30461.76756612372,30740.568104532806,30330.029093044846,30583.134879736615,1146.241134689002
2022-07-11 04:00:00,31240.424822215533,31788.983287983287,30970.703253637083,31373.144288044325,1120.6379403897542
2022-07-11 08:00:00,30827.475573185366,31127.925118578314,30761.379804959408,30860.396265462587,1092.2361493264764
2022-07-11 12:00:00,31366.522850748333,31892.067008820428,30986.727855153826,31497.844182067693,904.5230250553142
2022-07-11 16:00:00,30594.26505797589,31151.719306419956,30510.420061022287,30735.885346725274,1121.7088672317445
2022-07-11 20:00:00,31092.472852281455,31295.694830982717,30638.41067256045,30953.523100016406,825.680759955744
2022-07-12 00:00:00,30715.91377483178,30998.9758946138,30411.647279700763,30667.333862465523,1184.5878434232736
2022-07-12 04:00:00,31271.558083292897,31440.910464075856,31236.19302564981,31258.997065659532,871.4789326951043
2022-07-12 08:00:00,31271.852467130266,31506.311136429107,30847.969527019755,31147.344530423834,954.9810889666055
2022-07-12 12:00:00,31014.650825425808,31482.167199679367,30960.90210824756,31033.45308806232,1181.9849610887104
2022-07-12 16:00:00,30784.910697368232,31396.21346931402,30683.612234240733,30776.279841500265,1160.2431523833736
2022-07-12 20:00:00,30899.981196557503,31180.90614612023,30779.03277557048,30995.764697625622,1185.2935559313523
2022-07-13 00:00:00,30872.84384073734,31407.47928742734,30572.250245636485,30813.648579215536,905.9040714127989
2022-07-13 04:00:00,30351.485516046952,30650.37892751261,29879.03871333815,30436.417887655425,1024.310746656816
2022-07-13 08:00:00,31167.509497787585,31356.021457307023,30942.531700206513,31176.874821046236,888.522481676503
2022-07-13 12:00:00,31367.640690494325,31763.335334696174,31130.38333557146,31224.938330754347,899.7719790909871
2022-07-13 16:00:00,31254.203734235245,31390.91667604579,30953.15347105708,31310.860825717602,1174.4380066078838
2022-07-13 20:00:00,30650.71025979885,30935.909982059424,30451.809353486962,30694.10513575735,1050.3136887771798
2022-07-14 00:00:00,30508.348812255103,30633.68584026981,29853.5123210374,30378.47254135135,899.4385119601246
2022-07-14 04:00:00,30336.44246362303,30574.266948167322,30278.855592169308,30414.103942025056,1120.5304389672308
2022-07-14 08:00:00,30367.757459966735,30600.009836748093,30144.869478345918,30442.944766800614,1054.0906033042083
2022-07-14 12:00:00,30608.524646328184,30929.92302108266,30372.78037476954,30543.548095464932,898.4371990997106
2022-07-14 16:00:00,30738.006569333294,31252.274996751967,30615.466851372326,30720.174656922256,1083.888683219161
2022-07-14 20:00:00,30695.31621669318,31433.976082366375,30203.32473781977,30819.61981532194,1044.3501832060185
2022-07-15 00:00:00,30887.95029836285,31282.322740068626,30619.00431690889,30793.472192516165,892.3153876008626
2022-07-15 04:00:00,30983.845525977336,31188.487273675433,30895.72256676547,30970.607429215564,1046.5838217811242
2022-07-15 08:00:00,30528.504508651287,30545.618459459365,30336.982024077064,30421.153562876712,941.5326933992321
2022-07-15 12:00:00,30203.884396191283,30279.972170864246,30003.395699540375,30253.30583652816,1048.523114710576
2022-07-15 16:00:00,30883.727822640645,30889.59906144907,30228.57852138994,30790.527033620234,1127.8443508531377
2022-07-15 20:00:00,30345.580416756857,30511.751873275407,30277.286610424468,30452.207272407744,1113.9036742068565
2022-07-16 00:00:00,30168.09230199144,30739.742237306273,30067.60782896551,30193.302159303188,1180.2415352058551
2022-07-16 04:00:00,30785.957511115794,30942.376171030082,30379.42666723657,30845.349220895096,946.1961149568367
2022-07-16 08:00:00,30637.44042588019,31267.132880139146,30468.015366706695,30737.85775551917,1095.4533790138723
2022-07-16 12:00:00,30649.89396723421,30947.558733905164,29973.533612243347,30549.022901181983,836.9993176538455
2022-07-16 16:00:00,30791.872473430223,31403.1909604054,30415.8289017536,30816.81453735037,961.8062079844524
2022-07-16 20:00:00,30206.66572956192,30272.263604732263,29895.559407575918,30212.974937842486,1195.009348787247
2022-07-17 00:00:00,30446.420928160114,30658.554528511115,30339.342370516883,30529.700165904476,1130.6039969343676
2022-07-17 04:00:00,30228.964853214373,30496.873581188866,29818.964479245897,30184.647850573765,837.185419240771
2022-07-17 08:00:00,30310.106816600884,30545.719725324783,29821.593726656632,30378.11332140462,903.4357253457719
2022-07-17 12:00:00,30592.89307384446,30733.477631661328,30434.601926632546,30542.09697811458,987.7778333898848
2022-07-17 16:00:00,30110.25458920411,30691.389545728456,29856.099488439424,30250.956607765624,1191.5604514651038
2022-07-17 20:00:00,30131.35878898991,30261.08489926121,29896.53249234241,30095.174569537678,1104.1890272043552
2022-07-18 00:00:00,30745.448879641855,30932.544694123717,30564.489337368035,30836.242950621458,1048.2814009066228
2022-07-18 04:00:00,30194.95978162589,30597.13134291261,29896.22907344503,30216.029022211245,993.1618500846463
2022-07-18 08:00:00,30678.524421321097,31127.358752584623,30094.66655007146,30555.436598035554,802.5567844026024
2022-07-18 12:00:00,30500.69664601243,31051.71869307312,30083.90319681286,30642.655826268485,1133.7183166049876
2022-07-18 16:00:00,30615.093154103015,31103.476159241876,30360.833759086214,30570.13356488847,962.9117899386615
2022-07-18 20:00:00,30937.179780029644,31366.9922114117,30534.924635931613,30857.785547615975,807.7680072475302
2022-07-19 00:00:00,30664.31775603155,31270.834157815127,30117.51152276111,30792.73267104532,871.6078516955195
2022-07-19 04:00:00,30510.625142782254,30975.92376593712,29952.453919245887,30589.472639493797,973.4951239661677
2022-07-19 08:00:00,30920.07175689349,31380.642367972472,30343.969068110862,30813.453050814267,1005.4688829450814
2022-07-19 12:00:00,30448.565165058128,31033.422769468034,30186.584336842552,30485.78369119138,1145.8275515912069
2022-07-19 16:00:00,30683.309301112484,30740.048863131426,29966.976664277598,30563.33085047475,853.5969675052575
2022-07-19 20:00:00,30151.083663274665,30639.516458227878,30063.22628876167,30102.297340281904,1085.2919392589984
2022-07-20 00:00:00,30424.007641458837,30750.854472797626,30034.99501306248,30303.164670330072,1035.1976259859464
2022-07-20 04:00:00,30554.60870539252,31020.156103313228,29997.704984068947,30437.698242054907,960.8188006596334
2022-07-20 08:00:00,29762.90949137146,30253.568214088074,29603.39149616659,29897.392511594368,1146.2784856942455
2022-07-20 12:00:00,30084.116639182364,30559.817791787107,29839.574439835716,30037.64706688167,957.6651473776809
2022-07-20 16:00:00,29901.510473776365,30516.20820049164,29525.78343239905,29948.2222809807,1046.3142570821963
2022-07-20 20:00:00,30458.939471743935,31056.255504648645,29942.79303679073,30532.670586577588,875.0758041398914
2022-07-21 00:00:00,30508.640072120943,30871.792500609077,29874.374236633135,30374.349510952394,991.9198528071755
2022-07-21 04:00:00,30187.937909156935,30427.660134709517,29772.192763444596,30191.27569888855,1154.6315143076195
2022-07-21 08:00:00,30065.57436740987,30267.807477679846,29657.5601544702,30112.114325048497,1095.8282829433406
2022-07-21 12:00:00,30556.725309730147,31002.496247065614,30249.320068005007,30605.54393753808,972.4894317039921
2022-07-21 16:00:00,29949.990349062173,30008.791228015125,29403.747609143367,29960.734415901225,859.2437753523701
2022-07-21 20:00:00,30189.199823187682,30610.162525562413,30089.46055030381,30269.123559435553,1024.5207326932173
2022-07-22 00:00:00,30195.117262006468,30743.688444413838,29895.45194240606,30310.063883547456,1005.5650182903684
2022-07-22 04:00:00,29877.930926518653,30444.856466159617,29742.121540835684,29772.499463929347,1012.6685475883077
2022-07-22 08:00:00,29916.464746768583,30549.467010581575,29772.33839897942,30013.07444171003,955.9782219282406
2022-07-22 12:00:00,29882.61475508581,30124.938032855694,29208.932667087294,29773.043908531006,1040.7671523155632
2022-07-22 16:00:00,29925.51388157766,30511.875822588376,29580.229598887163,29913.450541356753,864.4971972262357
2022-07-22 20:00:00,30425.69260625237,30467.998582952077,30358.395228138244,30404.551160969564,868.0936332052814
2022-07-23 00:00:00,29799.169235390713,30534.047415023964,29757.079419021495,29943.233530315923,863.971364886679
2022-07-23 04:00:00,29892.04134196929,30053.88215068987,29890.329440707534,29930.910646970795,1187.9631930642656
2022-07-23 08:00:00,29945.2201054768,30227.724098358925,29797.08386731883,29924.11492202447,839.7362910955657
2022-07-23 12:00:00,30162.460737006408,30392.17038926828,29926.18556684918,30062.18338037164,1183.9082521448972
2022-07-23 16:00:00,29889.16198903918,30177.52483843494,29362.384697250836,30009.264413338973,1163.264022163502
2022-07-23 20:00:00,29725.721274969237,29907.23562689194,29152.711824497328,29688.168020966743,809.2632127493632
2022-07-24 00:00:00,30241.099664458303,30682.807227973375,30187.576356929534,30221.512277483867,963.71138609756
2022-07-24 04:00:00,29554.50847812776,29897.12354321854,29180.590503436953,29576.622079677938,839.4776864071135
2022-07-24 08:00:00,29892.566913695307,30247.038362112635,29606.447184034223,29905.751548643926,1124.9864843491205
2022-07-24 12:00:00,30143.83305555871,30247.31498375766,29724.83137661178,30105.87961841055,1095.9440606707476
2022-07-24 16:00:00,29859.419642326833,30316.078045083035,29516.26021731562,29904.94211976747,1011.8795233068423
2022-07-24 20:00:00,30026.09568304279,30548.13739980337,29960.183129789613,29984.031924512004,926.9090228172352
2022-07-25 00:00:00,30011.78452780047,30353.4855666433,29534.567222355763,29889.769336563477,1137.7920713897117
2022-07-25 04:00:00,30063.08224617752,30361.120469918507,29503.859348258335,30212.254712025777,1177.6082161448655
2022-07-25 08:00:00,29957.849130094604,30505.03745081521,29697.161752163756,29812.31917750293,1197.0087370106935
2022-07-25 12:00:00,30152.340373700554,30514.520052843563,30080.711082201058,30293.09851161519,813.8561569900877
2022-07-25 16:00:00,29706.559565432068,30039.33466936951,29432.599457945715,29609.265472919105,1151.813390192633
2022-07-25 20:00:00,29676.70881753088,29903.865551013816,29336.154656232284,29608.18980039007,1068.708166937796
2022-07-26 00:00:00,30039.26255441429,30635.75351668026,29441.693275364254,30140.705474058563,888.227945007181
2022-07-26 04:00:00,29884.348795319227,30187.121473375286,29586.784149560222,29773.888920740155,1109.9716360966534
2022-07-26 08:00:00,29798.492645693088,30137.9759069116,29585.525135719414,29828.44161018134,829.612442316665
2022-07-26 12:00:00,29743.54020410838,30278.772189865078,29514.717736620558,29632.012717150148,1156.9850309918922
2022-07-26 16:00:00,29541.91968022259,29790.371860705152,29511.443444788198,29581.770805867633,859.7482208982798
2022-07-26 20:00:00,29822.548273193137,30539.417297115913,29319.09501453177,29955.412062756073,1044.5909442791651
2022-07-27 00:00:00,29415.337980937904,29967.88152103092,29028.781820437882,29322.468598310854,879.5805978920478
2022-07-27 04:00:00,29828.932073447417,30192.491738828296,29275.642079868107,29935.71383792645,958.3448084351066
2022-07-27 08:00:00,29628.020455062848,29669.79295957628,29139.520845511845,29550.962215358104,947.9007871027684
2022-07-27 12:00:00,29658.965434634098,30044.12150360172,29374.317941015655,29618.019236113796,888.7450025473132
2022-07-27 16:00:00,29421.794277171673,29569.082871880863,29384.508016667834,29535.45992708779,1001.2867459077211
2022-07-27 20:00:00,29654.040272400896,29853.79416391337,29018.393615087745,29604.69397938987,1051.1659766853272
2022-07-28 00:00:00,29878.415316299284,30104.956333802005,29391.04095337565,30009.433586214494,935.3759450343741
2022-07-28 04:00:00,29973.58794574537,30302.39002040458,29637.7872412343,29999.272907444476,1145.2743252936248
2022-07-28 08:00:00,29245.649965996232,29394.130579842014,28764.933517315738,29292.571898764792,1064.9160017106835
2022-07-28 12:00:00,29098.141972597805,29291.03604213323,28876.429397535714,29213.557378190708,935.2301178405822
2022-07-28 16:00:00,29558.911103033573,30026.122272607594,29224.809888428255,29591.639670715995,934.2200188787727
2022-07-28 20:00:00,30029.711344894284,30353.138871544325,29527.372906250566,29904.64692605606,865.8121152654606
2022-07-29 00:00:00,29541.622183111485,29665.302893529657,29404.029058462344,29413.894753902823,943.0052449648213
2022-07-29 04:00:00,29428.03507976718,29514.794206939467,29171.21990790443,29511.355417575953,835.4137326107332
2022-07-29 08:00:00,29809.375147344133,30056.150260115963,29286.990622446046,29668.146048003364,1125.4052443978007
2022-07-29 12:00:00,29914.19747464304,30385.473403696276,29833.494902578863,29975.634995969784,896.9540029984835
2022-07-29 16:00:00,29350.313416359775,29681.2729826698,28851.573816605345,29437.87344871669,1044.802873974484
2022-07-29 20:00:00,29766.135670737654,29839.257785734946,29114.85792769356,29702.57937397022,1182.5494247098095
2022-07-30 00:00:00,29340.308444252176,29480.0058810387,29042.106903195687,29375.932622309545,1183.486423645716
2022-07-30 04:00:00,29427.463540589928,29858.402479385688,28881.352761025006,29446.803153912682,810.2611957996968
2022-07-30 08:00:00,29828.33240579151,30409.86657523865,29138.61040122049,29687.745121329655,1024.3525933163082
2022-07-30 12:00:00,29386.548063349044,29873.334646293377,28907.00463491283,29279.575570891786,930.0551494552255
2022-07-30 16:00:00,29376.49052986866,29537.525279863632,29169.928374012663,29409.839011063483,1087.299504289614
2022-07-30 20:00:00,29962.627372670595,29966.28039573814,29828.508583485047,29862.08858221409,890.7462142310399
2022-07-31 00:00:00,29533.65506124659,29635.32363182341,29248.078829981092,29530.121181292197,902.6918173540748
2022-07-31 04:00:00,29760.923726469515,29883.990841110117,29591.575673154206,29717.31459990969,914.6125016052974
2022-07-31 08:00:00,29056.403243344597,29489.832363232992,28947.365325942774,29028.334915817562,1162.8827759664703
2022-07-31 12:00:00,29095.030057367356,29571.531005334287,28857.412538077697,29007.319247122057,1120.56890918882
2022-07-31 16:00:00,29194.404512113357,29248.70620891411,28974.73443217847,29176.137060901227,1074.177183686865
2022-07-31 20:00:00,29019.63910193416,29092.273462488698,28879.82077625401,28940.314908139102,1098.7074449666147
2022-08-01 00:00:00,29066.77771275741,29566.676299042265,29009.200901370943,29100.760529407824,1021.1169737097408
2022-08-01 04:00:00,29481.30999717889,30026.438929766326,29191.133115127457,29554.386693403972,1063.3982326932148
2022-08-01 08:00:00,29065.88839090094,29361.452483996152,28536.703302122605,29023.002116765845,1152.8552980027723
2022-08-01 12:00:00,29143.192089051798,29537.27597187435,28816.298507108964,29113.24797575682,996.6165520165035
2022-08-01 16:00:00,29591.775238351896,29762.24350915123,29123.644650833725,29591.99325220915,1098.0645350222603
2022-08-01 20:00:00,29475.495393870016,29516.137363348163,28982.740826782094,29442.523996594,815.9060160483376
2022-08-02 00:00:00,29236.964598573664,29387.853954717888,29126.95429159769,29270.234769486015,875.3992753131668
2022-08-02 04:00:00,29011.934259551672,29284.823551750284,28454.9443733207,28996.739022048703,1171.6241219324465
2022-08-02 08:00:00,29350.446580193395,29793.951428499127,29216.894166344973,29235.34508178826,827.865274875236
2022-08-02 12:00:00,29660.26417054043,29790.058634289428,29574.55751380883,29606.561304298473,1016.9414344989736
2022-08-02 16:00:00,29388.850445799602,29708.11834775163,29181.88091045051,29475.380328469404,1014.1554068389084
2022-08-02 20:00:00,29366.609066626686,29520.384332391608,29179.258736118605,29376.110508923502,826.176172596386
2022-08-03 00:00:00,29481.077335417118,29815.052479860955,29216.429804766216,29470.67810031593,1169.8983868604564
2022-08-03 04:00:00,28893.60625853574,29499.098221886066,28596.07592026494,29011.623942365644,891.5313786177637
2022-08-03 08:00:00,28926.841212927488,29250.371397925137,28390.957636664632,29062.10279097786,890.0835007019967
2022-08-03 12:00:00,28774.392953540213,29182.30815842675,28613.381942214193,28697.98955352961,997.6827414686321
2022-08-03 16:00:00,28662.596385191595,29192.0801988553,28387.4790458638,28697.340679469256,1120.6437870244297
2022-08-03 20:00:00,29051.856745933776,29191.50916514013,28917.979430623785,29109.659999844273,1112.4796624826906
2022-08-04 00:00:00,28673.733274494312,28774.12751166451,28492.57799832696,28715.075360643397,955.5755322392497
2022-08-04 04:00:00,28934.239916270468,29418.18839580559,28375.41980115323,29068.650912864035,840.6722857348119
2022-08-04 08:00:00,28767.20761802562,29150.89206908787,28229.99761975978,28765.006309569995,998.0614160574218
2022-08-04 12:00:00,28637.91597943265,28832.350570249633,28382.71541052406,28758.516460218332,861.034670749323
2022-08-04 16:00:00,28477.799797461463,28934.25270014422,28389.263413771907,28612.561299233825,1181.9798542500057
2022-08-04 20:00:00,28549.409183838823,28997.109569144493,28436.56624793024,28621.40651005487,1038.1448182757097
2022-08-05 00:00:00,29454.620652276633,29843.328555058455,28868.000366412474,29352.36109952946,971.5738408547941
2022-08-05 04:00:00,28633.205884067524,29079.03773103088,28626.080455174248,28687.49568058586,1082.0154465256705
2022-08-05 08:00:00,29457.81372076201,30043.654313726358,29331.5428701232,29350.80114892747,1019.0731674798221
2022-08-05 12:00:00,29174.315177383025,29746.40105403789,28717.943683396825,29111.11333047777,1076.6377584717206
2022-08-05 16:00:00,29002.963092705086,29008.657684062393,28467.197747247177,28888.763398376053,1133.9870784674847
2022-08-05 20:00:00,29320.981395277493,29430.091331261327,28992.119023444844,29318.00367637831,876.8376292903923
2022-08-06 00:00:00,28644.426301783627,29316.55886922139,28156.943112243054,28778.851595480985,1165.7821118173567
2022-08-06 04:00:00,28905.783860473417,29312.151512034216,28474.546466197557,28992.71638612012,1011.3564947994579
2022-08-06 08:00:00,29079.418313361104,29323.890843474317,28685.234482829965,29151.831282782405,1173.4703741710978
2022-08-06 12:00:00,29134.781897849036,29504.748693444202,28879.3946866826,29278.04176580993,1055.820862047988
2022-08-06 16:00:00,29022.644706601593,29530.743539480438,28545.189880505317,29002.52637847925,1153.1151040770706
2022-08-06 20:00:00,29227.473508866777,29642.086287136182,29185.375569638767,29258.868285306748,986.7252313964556
2022-08-07 00:00:00,28522.39063315418,29152.62570938941,28269.221986339082,28623.092497472513,880.3149233550026
2022-08-07 04:00:00,28578.773449069846,28605.53399457162,28193.426009954983,28532.186446080617,1095.2607272503437
2022-08-07 08:00:00,29089.277295971617,29638.240501969012,28508.13373308527,29100.45865353788,1112.3238522356885
2022-08-07 12:00:00,28772.025480763492,29110.25008884781,28682.74326172949,28794.623615976263,1020.498989811292
2022-08-07 16:00:00,28821.06647120215,29149.45255819057,28322.404684128538,28863.879273845832,909.1401139969962
2022-08-07 20:00:00,28851.010465526222,29060.87823886537,28770.395913030356,28959.281615183732,1026.6354227405095
2022-08-08 00:00:00,28571.25041910268,28598.937538551476,28082.53410630162,28440.198854552393,966.0371800703073
2022-08-08 04:00:00,28842.594160314828,28898.862819438258,28215.845337890565,28722.653375230006,896.6321007820366
2022-08-08 08:00:00,28394.93482780591,28790.948353885502,28309.315558934377,28442.631715297703,871.3510743044944
2022-08-08 12:00:00,28298.84483600037,28823.633950358406,28298.5566539795,28409.93322655392,1048.47139740472
2022-08-08 16:00:00,29144.746190912567,29560.84573802336,28541.193595658526,29066.707352394893,855.3575367941127
2022-08-08 20:00:00,28550.529317408633,28633.78731197716,28025.41602089465,28518.319043801093,946.2925127728927
2022-08-09 00:00:00,28848.172979546645,28929.272252863,28554.338321973926,28805.378062279684,1196.7860592889392
2022-08-09 04:00:00,28865.573087507837,29180.431709073586,28501.597318735243,28877.2544707354,1149.9373392755606
2022-08-09 08:00:00,28249.0288967067,28631.72184977994,27993.82726532462,28228.887287302798,1064.5410092509965
2022-08-09 12:00:00,28293.35381613836,28503.255663099546,28141.106951164824,28203.14842645855,959.8870432394094
2022-08-09 16:00:00,29077.82867257995,29171.782647813885,28601.43981766246,29031.82730574162,1086.3818341110687
2022-08-09 20:00:00,28897.215783395855,29173.327866219443,28718.564838913095,28945.022355216133,1092.4712508242812
2022-08-10 00:00:00,28759.0856690615,29230.277750324698,28453.795029081328,28695.95359559663,1169.9458057032375
2022-08-10 04:00:00,28622.760745046973,28753.950719282235,28085.16403824311,28591.132699096484,1127.5693161096608
2022-08-10 08:00:00,28177.788758082876,28333.165832806044,28108.836990796324,28225.08441794569,1078.566089722984
2022-08-10 12:00:00,28214.594550585476,28739.003831269274,27897.39449681873,28294.22142709298,907.511333973305
2022-08-10 16:00:00,28523.52593614933,28987.7089984324,28380.542878036787,28614.49902687747,1058.2932671825663
2022-08-10 20:00:00,28417.18654755971,28927.902601672056,27918.548569735365,28333.68157007374,1151.8674503485997
2022-08-11 00:00:00,28662.26071975519,29088.63671274383,28203.651323343445,28721.07943552576,1190.8945929714928
2022-08-11 04:00:00,28740.83513568865,29267.52452594773,28227.31154467555,28757.37802731045,958.3165106894935
2022-08-11 08:00:00,28477.668096224596,28598.065141709998,27858.488848027704,28421.260086792412,1093.3507178072414
2022-08-11 12:00:00,28534.495955629853,28696.552250710934,28382.485071213407,28471.428139042247,827.1169805645399
2022-08-11 16:00:00,28700.36752162698,28923.480139843363,28420.489825660698,28663.932011161083,1065.5002482380148
2022-08-11 20:00:00,28065.780413168555,28680.055673343977,28046.5178147684,28190.531069680204,951.1905338553158
2022-08-12 00:00:00,28238.48794552512,28328.518267641342,27720.566339264955,28305.677524985607,984.0720392360945
2022-08-12 04:00:00,28383.140496497454,28795.537875019738,27880.349557083115,28294.19097847668,1119.0090017571945
2022-08-12 08:00:00,28386.477248084175,28576.652541119725,28226.786616595753,28320.409363070976,1027.6809926675453
2022-08-12 12:00:00,28290.421199651708,28456.11552326555,28283.24876444793,28321.875161569104,1089.4625945175412
2022-08-12 16:00:00,28614.438185339448,29294.785509517747,28389.91024618969,28731.089329445178,1086.0087834922579
2022-08-12 20:00:00,28770.379997321208,29138.616917707815,28500.191816797942,28668.82712238566,889.7190327596294
2022-08-13 00:00:00,28174.522756347687,28330.40098950127,27698.958379619675,28215.457154509382,958.2423117470602
2022-08-13 04:00:00,28075.10477419387,28667.875212474406,27872.154547990627,28150.555262028993,1190.9711172538246
2022-08-13 08:00:00,28011.80879410332,28399.961880990923,27656.735193979246,28091.68080733317,1112.7319985367576
2022-08-13 12:00:00,28643.613055568767,29014.080902931306,28605.375380759695,28668.212227503427,974.960340653575
2022-08-13 16:00:00,28589.499686420982,28751.934099214737,28307.296011929495,28489.70144764196,1199.0293831183953
2022-08-13 20:00:00,28305.616552986037,28866.86739974547,28166.863169301203,28264.842185720783,1072.1951505684074
2022-08-14 00:00:00,27726.262622862057,27852.471729931196,27350.78233433022,27822.414481562435,929.1543527979873
2022-08-14 04:00:00,27688.837747364578,27993.837509373465,27430.995090722423,27776.879891045155,857.8651051637003
2022-08-14 08:00:00,27875.723737114364,28087.86563302991,27461.621661931174,27954.89173366858,1097.1960386541068
2022-08-14 12:00:00,27915.60808278805,28167.371721165382,27817.56001903357,27919.183674292046,821.4745286261414
2022-08-14 16:00:00,28527.69356182163,28652.208222757585,28016.762358547276,28487.617742615963,1059.724506999849
2022-08-14 20:00:00,27733.14563948526,28330.656618376797,27240.58605913588,27854.976090798405,1169.8114372861885
2022-08-15 00:00:00,27723.489947122558,28154.660360822618,27194.804533560462,27712.206600150137,802.7642893307651
2022-08-15 04:00:00,28236.14412726811,28485.110009469707,27839.560893841935,28365.02611964615,1128.894053503158
2022-08-15 08:00:00,28474.725503687605,28773.631429573405,28198.508633451198,28409.772460221393,1106.953778025863
2022-08-15 12:00:00,28383.80180320271,28656.603625962358,28074.697340080413,28363.713841333316,1197.6033734108605
2022-08-15 16:00:00,28017.45167526896,28193.39822151483,27571.562686418787,27984.443609436796,1094.6150443696188
2022-08-15 20:00:00,28112.450960990704,28484.92289384057,27634.08787244606,28093.411195223467,1068.0651655291229
2022-08-16 00:00:00,28312.530342161994,28338.039741374105,28015.690853762688,28271.85306435939,949.5173317899886
2022-08-16 04:00:00,28185.53687094179,28445.81156283763,27802.356714218848,28073.332821047374,880.4945048831373
2022-08-16 08:00:00,27532.12108329829,27735.406003819124,27411.623928151825,27664.66352824979,858.5002561679353
2022-08-16 12:00:00,27844.39201042888,28376.970984445976,27422.215908923372,27922.206058384792,1101.1323650455338
2022-08-16 16:00:00,27597.569556346734,27812.435106053734,27214.788802437983,27619.298860014384,880.714299865084
2022-08-16 20:00:00,27718.64266889687,27948.867808729483,27291.535586124886,27660.779635564184,1064.1706242794644
2022-08-17 00:00:00,27669.355976967556,27793.36109065706,27355.10217206947,27677.7858097849,1100.005700820842
2022-08-17 04:00:00,27622.043658597726,27989.598401872863,27146.750252535796,27673.385707299014,845.9623057394854
2022-08-17 08:00:00,28354.31685766839,28592.29581295281,27970.24301713653,28358.96810464617,996.529208311639
2022-08-17 12:00:00,27683.028479072036,28030.173372103014,27569.540461304176,27577.519173212906,1024.9543156525172
2022-08-17 16:00:00,28034.207952309094,28689.49506116483,27657.20691737207,28131.953743065686,841.8309300549428
2022-08-17 20:00:00,27636.96611842522,27781.073126714924,27014.069525838575,27541.358278398067,1023.5258840236604
2022-08-18 00:00:00,27632.448097102064,28012.60969483415,27533.46554479133,27720.902026927764,1074.3280419623024
2022-08-18 04:00:00,27837.507099588434,28063.748416525137,27804.94480508983,27883.74685265046,1103.0428347303273
2022-08-18 08:00:00,27993.701910698226,28096.359186986923,27777.584886888344,28021.90732389659,1167.0014262925442
2022-08-18 12:00:00,27856.58495376164,27992.771195395602,27642.349624332972,27770.57872172408,1001.4904093694703
2022-08-18 16:00:00,27682.250513168285,27922.812860965627,27629.90538891073,27693.87488640221,965.5970732685154
2022-08-18 20:00:00,27748.499696556355,27919.44957567927,27706.008005943924,27847.936061952627,1013.8099899554682
2022-08-19 00:00:00,27571.117401956675,27895.69448675374,27241.444089968034,27558.45342634063,1086.658209974945
2022-08-19 04:00:00,27820.053489108817,28146.22090478235,27710.831260517287,27811.604574492525,961.1655905829266
2022-08-19 08:00:00,27463.02729002749,27866.67894042634,26992.86650738991,27569.657205917963,1021.623314384601
2022-08-19 12:00:00,27550.36003134023,27966.510880251113,27069.69504982667,27600.426759686285,1090.317015142583
2022-08-19 16:00:00,27278.161140766788,27467.55424215228,27106.58523956853,27377.086588845323,846.7555457831949
2022-08-19 20:00:00,28234.05443176268,28427.38780709882,27744.47144941968,28166.51734861243,1089.1506212757258
2022-08-20 00:00:00,27882.82287975289,28304.632326230712,27579.444992311528,27835.705437833767,1092.3240913091086
2022-08-20 04:00:00,27321.065764247647,27583.584948647705,27196.12674001506,27407.30472766039,1093.3729527036196
2022-08-20 08:00:00,28211.756605881925,28424.084108861916,27624.869126734593,28105.730371103782,997.7621183816515
2022-08-20 12:00:00,27467.324110806712,27654.197441754364,27259.728028995654,27335.4176297681,817.3460483218596
2022-08-20 16:00:00,27683.896551152488,28206.233228739904,27157.994068456013,27738.66356562989,1061.7398098432232
2022-08-20 20:00:00,27932.533125131667,28285.113784833848,27574.8437084399,28050.086600841852,1044.790470402645
2022-08-21 00:00:00,27865.76842625984,28283.7905420526,27718.65083410517,27924.965254113435,899.4953815004742
2022-08-21 04:00:00,27590.91846337334,27937.82585051788,27173.022332214496,27580.62180008866,966.3560271765759
2022-08-21 08:00:00,27770.77932825009,27972.96209009302,27275.734125808387,27798.23540938282,1014.4848259815311
2022-08-21 12:00:00,27770.015714768426,28025.556255766318,27628.077187246854,27814.129353890403,935.1990934848194
2022-08-21 16:00:00,28071.878063310694,28544.2869793643,27487.809586951065,28019.193536120238,976.0182386036702
2022-08-21 20:00:00,27428.175593480788,27766.778973521785,26946.998451161384,27490.01937655134,806.4422739272501
2022-08-22 00:00:00,27347.66868599575,27692.249965822288,27091.191392721696,27262.10750733156,1120.3405553529917
2022-08-22 04:00:00,27078.214860595388,27446.48600444633,26985.244928199085,27189.051984994177,859.4962509198159
2022-08-22 08:00:00,27087.559643866298,27487.083112856857,26922.780257026243,27149.658682645553,869.2268055827533
2022-08-22 12:00:00,27630.837674308463,27768.521824878535,27373.62990740689,27680.743600052858,923.670350387266
2022-08-22 16:00:00,27358.349982601107,27740.210654600138,27221.031929737488,27320.32141115722,845.421076330682
2022-08-22 20:00:00,27143.43078151726,27434.54163889462,26856.71538005147,27262.114748702275,834.1796842000728
2022-08-23 00:00:00,27368.7503120179,28034.577825669876,26928.63297565208,27494.335402138768,1160.0350481876233
2022-08-23 04:00:00,27334.99005148526,27876.342653474414,27204.69589739019,27322.331586628665,1026.6836714046374
2022-08-23 08:00:00,27553.191279214814,27710.139777518638,26959.699501416366,27458.513932487363,1081.601573061609
2022-08-23 12:00:00,27457.34368182328,27777.880645605557,27226.862762419136,27557.87126718718,998.7915302535386
2022-08-23 16:00:00,27808.02236598857,27945.0796742801,27276.437613405124,27691.764556029677,1037.2546422796015
2022-08-23 20:00:00,27803.903057800835,28012.423816637507,27376.800927026918,27709.791003084607,1163.9379486305663
2022-08-24 00:00:00,27107.574838151697,27524.73609863378,26695.079203134555,27023.021014355418,944.7334897111617
2022-08-24 04:00:00,27144.378696914937,27539.19514818308,26692.918332442747,27055.93531781619,1172.07495062316
2022-08-24 08:00:00,27413.59901456338,27845.832662556448,27298.942753593772,27475.61361930648,978.0667316480734
2022-08-24 12:00:00,27321.42712559065,27617.454216732433,26821.044847058434,27350.870219165718,1051.1208279922953
2022-08-24 16:00:00,27645.66872931934,27790.319715944705,27058.425998425177,27534.491959293588,1145.8578244382188
2022-08-24 20:00:00,27622.867642978814,28018.229768117533,27219.844464159243,27619.939207688865,1017.32374643622
2022-08-25 00:00:00,27089.871085142353,27333.685200828004,26889.613808352296,27194.543355266418,1130.874041286301
2022-08-25 04:00:00,26944.9922825522,27413.797216365656,26834.891000659813,26905.23442208828,966.4963109277928
2022-08-25 08:00:00,27397.505745176804,27945.146025536593,27069.001962301343,27519.955739426256,1116.4586020612253
2022-08-25 12:00:00,27340.25798928342,27717.92556723316,26810.771896378832,27380.115794894704,1068.3168263585821
2022-08-25 16:00:00,27233.208775785166,27441.50736195511,26996.66351229955,27359.933771112457,1101.2459595489754
2022-08-25 20:00:00,27073.180222727173,27567.006934485733,26763.743534837224,27047.261625989875,988.3825418855815
2022-08-26 00:00:00,27417.289637212514,27613.324311322853,27336.081129371847,27477.809419800713,989.0044439032342
2022-08-26 04:00:00,27352.571371051145,27405.321381477825,27199.849350989796,27222.26424501448,860.6866475891718
2022-08-26 08:00:00,26869.537383190556,27398.149678272075,26730.09818789676,26929.39869617616,803.9225927396824
2022-08-26 12:00:00,26770.737252989187,27137.105776670152,26709.383516412552,26841.715827512224,1052.4142125393882
2022-08-26 16:00:00,26761.6459411866,27269.611194041077,26388.188387650454,26860.98018560492,1175.3409816138737
2022-08-26 20:00:00,27150.224351112018,27520.395172032837,27125.753685514817,27194.666795775862,1176.8215743592118
2022-08-27 00:00:00,26919.615971334722,27233.84781582422,26595.2434265539,26903.158822734513,1094.237770206704
2022-08-27 04:00:00,26826.44736073475,27112.97203911248,26453.616795610767,26890.598967447786,848.8822691158515
2022-08-27 08:00:00,26718.121040441674,26984.983970514546,26641.071552029043,26731.258307721422,1014.7604055681255
2022-08-27 12:00:00,26960.12077519333,27371.607269033073,26448.09104462235,26976.520035148107,1014.1547542828604
2022-08-27 16:00:00,27022.97592049132,27492.81142285482,26608.08540634228,27050.690943598063,1124.7257652123412
2022-08-27 20:00:00,27469.159138418807,28006.809407680954,27248.880692018563,27333.591522684732,1069.6539815621154
2022-08-28 00:00:00,26799.290510372775,27209.849229022755,26652.919579025543,26742.562240134914,891.714621433118
2022-08-28 04:00:00,26863.894165195652,27266.1170901493,26813.703226410707,26856.05899928083,853.8425664892927
2022-08-28 08:00:00,26980.804360842863,27281.861051290445,26779.76272292409,27044.631578822165,843.349193372348
2022-08-28 12:00:00,27016.48966984879,27118.266631952312,26627.755560310226,26922.339060215523,952.7770803426454
2022-08-28 16:00:00,27317.531216406507,27367.73158691026,27209.5273189058,27275.309614913684,958.6767815388251
2022-08-28 20:00:00,27378.11562005117,27536.11854224164,26811.828980869963,27252.371536420826,1016.7778062789092
2022-08-29 00:00:00,26657.599118252154,27104.145959961494,26406.25286781219,26753.81919301845,1074.513910476987
2022-08-29 04:00:00,26955.693940785775,27512.242541715706,26603.046334474424,27029.957682002794,1120.6763897397566
2022-08-29 08:00:00,27018.762416771893,27311.659451900046,26541.053208404068,26915.040711260197,1068.7600290945095
2022-08-29 12:00:00,27097.596061459288,27441.172555091565,27009.3493349107,27180.90923504932,834.3963294019408
2022-08-29 16:00:00,26722.523422338447,27075.409251049794,26334.67256574755,26746.413843891867,987.5105872998788
2022-08-29 20:00:00,27251.94466062926,27826.829615861054,27207.870239076234,27287.159841150435,1052.5296414520378
2022-08-30 00:00:00,26578.298036112246,26768.07464032992,26194.662357507274,26676.074940120736,1071.6790798910638
2022-08-30 04:00:00,26847.86451308975,26954.923387778672,26496.986994381637,26901.522644295237,1135.969185181918
2022-08-30 08:00:00,26536.740237767674,26871.361275562373,26259.19360784535,26512.51827681145,839.6322649740163
2022-08-30 12:00:00,26494.512090528635,27018.20571372291,26215.192744903557,26574.03112321356,1025.7201618019906
2022-08-30 16:00:00,27017.57340809262,27253.138627547905,26998.243195756288,27095.881743805294,1121.9620125317035
2022-08-30 20:00:00,26635.079689860264,27120.350510420398,26438.435358502018,26660.845503078126,1032.976472210119
2022-08-31 00:00:00,26976.626708424235,27518.205932535737,26843.421700427185,26990.43763813443,1047.723439580507
2022-08-31 04:00:00,26478.27712085012,26937.143807832326,26153.2451630319,26492.755222856387,893.5727026506984
2022-08-31 08:00:00,26873.733148506464,27410.09682616248,26656.227093048936,26879.32248357996,946.7049741443593
2022-08-31 12:00:00,27245.567924177183,27441.561228433482,26757.171872013012,27170.761047094373,1156.8355316457998
2022-08-31 16:00:00,27033.179858131956,27575.051793703456,27020.13171009532,27115.898212122593,1089.9247442041515
2022-08-31 20:00:00,26964.389531568326,27415.973759168068,26614.506511446776,26985.173187422864,1169.4254543061197
2022-09-01 00:00:00,26956.974085146918,27123.951712344962,26729.296588082652,27030.91755157937,954.110561700727
2022-09-01 04:00:00,26439.01403266055,26974.49179666189,26297.804694549,26497.46416790098,887.6664904790966
2022-09-01 08:00:00,26426.54911947978,26764.795324205697,26335.410796811248,26427.572225910302,1179.962818970877
2022-09-01 12:00:00,26493.233520095335,26547.779210957553,26045.092999217988,26488.717990975398,1146.3629936656828
2022-09-01 16:00:00,26348.744178607867,26757.332374509326,25902.60133528761,26479.66183384159,1045.2442468607792
2022-09-01 20:00:00,26370.788157590287,26858.866182447888,26145.760590479902,26343.555496405043,1188.6618866991093
2022-09-02 00:00:00,26793.13168241333,27040.136917107226,26354.36974362824,26800.895368463538,870.1095040941557
2022-09-02 04:00:00,26437.771763176515,26618.56559563459,26183.99102335201,26481.60688617506,939.3155579314038
2022-09-02 08:00:00,26645.81652499383,26734.230989407755,26248.739966378416,26696.93673544704,960.3914618275824
2022-09-02 12:00:00,26909.774723426737,27306.682438374824,26821.357727165327,26978.91814465147,1039.323718837576
2022-09-02 16:00:00,26200.346583010247,26353.380323628724,26136.4443385878,26313.779928048185,954.3954366699209
2022-09-02 20:00:00,26618.818586340014,26853.335708219704,25987.982335119083,26492.3760913027,1130.3117496957575
2022-09-03 00:00:00,26560.87501842117,26704.323571017067,26491.973158427147,26539.301741084906,889.4816922035468
2022-09-03 04:00:00,26724.182613798504,27087.870534669237,26626.378955182572,26727.160857593924,964.2335065884738
2022-09-03 08:00:00,26189.00585624828,26394.488414563224,25752.438485113922,26265.213456739577,904.1085532254992
2022-09-03 12:00:00,26759.68980036967,27154.552444891167,26595.94541878193,26783.361995486466,1119.9945447556372
2022-09-03 16:00:00,26403.47698055894,26830.259371994878,26374.86183486347,26404.012123724802,962.2735176984938
2022-09-03 20:00:00,26512.567914033232,26738.403149176116,26037.3432757161,26635.221889726363,814.1159528075713
2022-09-04 00:00:00,26506.745222997823,27035.278248378367,26402.83114912756,26509.964419435855,803.8594677304405
2022-09-04 04:00:00,26792.068349670262,27001.29565381523,26700.760323272927,26704.567394302667,965.0238434964515
2022-09-04 08:00:00,26384.000422151752,26676.519054051845,25922.360309590367,26390.539315263646,857.109382388082
2022-09-04 12:00:00,26085.720682994823,26154.57023187829,25931.45952988872,26146.954019719655,1098.4806852686493
2022-09-04 16:00:00,26184.212916644035,26480.781503336515,26040.822513194555,26275.34912884484,847.5231595530083
2022-09-04 20:00:00,26683.83773121894,27139.551549890297,26176.14026373148,26669.18232227403,1010.021859281302
2022-09-05 00:00:00,26082.246430552084,26442.140508195087,25929.095865705116,26207.201889537882,901.0539158512206
2022-09-05 04:00:00,26023.378815872507,26187.192269910058,25986.510512370776,26145.7128362527,1169.1351817199823
2022-09-05 08:00:00,26521.03516494192,26709.96262060162,26189.027060672975,26543.49521398454,952.9633497509292
2022-09-05 12:00:00,26550.409437322207,26913.508549022852,26110.861047832805,26481.42247905305,962.896505098021
2022-09-05 16:00:00,26286.755269880694,26308.750909274127,26171.451014758957,26306.971418188168,890.1231018894405
2022-09-05 20:00:00,26520.027223958645,26697.331101531472,26030.273835700074,26462.15832685866,1046.0226824068961
2022-09-06 00:00:00,26602.50067818585,26701.370502783193,26492.50986005146,26622.824457550396,1014.0267111127681
2022-09-06 04:00:00,26705.731751484014,26797.33826998531,26383.225151299885,26642.471848151785,1127.6741913037044
2022-09-06 08:00:00,26653.498586260204,26681.396467914794,26523.493859141607,26633.090864315243,1131.3193136314949
2022-09-06 12:00:00,26751.6400953526,27229.892023164815,26256.928311534357,26633.038373380103,993.6777966321081
2022-09-06 16:00:00,26618.644855908635,26826.18882731772,26489.35903742045,26627.09968501999,869.1127285901387
2022-09-06 20:00:00,26179.15314304392,26235.49137675603,25710.773237107172,26049.850994418044,899.516063385435
2022-09-07 00:00:00,25815.998379466357,26276.138718327984,25794.708361557095,25850.485592372504,824.5865308647826
2022-09-07 04:00:00,26468.316978832096,26793.686096709716,26333.174676349,26360.892593860044,1099.210466479134
2022-09-07 08:00:00,26439.21822606207,26543.239620619774,25995.533347054497,26347.564553551372,1174.2996857405296
2022-09-07 12:00:00,26014.097828045433,26597.12729976547,25677.225765913143,26128.5571531431,921.8918259593968
2022-09-07 16:00:00,25973.64552365088,26068.566202350816,25875.04973708286,25887.253913609737,1073.1896197006467
2022-09-07 20:00:00,26468.3401549585,26576.221638815143,26391.600558961414,26553.02305181462,935.3164179261852
2022-09-08 00:00:00,25941.053129798536,26015.009043556496,25652.1719431379,25825.72187631913,846.1865711117599
2022-09-08 04:00:00,26478.345850871203,26780.48646783504,25870.967361421845,26369.419378964565,998.5582346190942
2022-09-08 08:00:00,25661.02244219709,26037.632004302064,25306.95719925914,25779.381269532907,1162.9605200519068
2022-09-08 12:00:00,25811.55814811251,26121.77625810315,25333.429218643105,25748.13961988132,881.0983181743045
2022-09-08 16:00:00,26413.55827792217,26685.876929445563,26127.989482865603,26422.014605271528,838.0792017194144
2022-09-08 20:00:00,25966.702746291066,26363.106282534463,25937.48237125333,26023.532361157995,1147.9304121174227
2022-09-09 00:00:00,26204.466604852834,26426.871727463735,26011.25709166199,26144.066787197728,1043.8795456045652
2022-09-09 04:00:00,25855.814318448807,26116.946601915995,25522.337774789517,25816.90216097139,885.9317467862877
2022-09-09 08:00:00,25836.482706060924,26057.63406591588,25580.218098160814,25844.449632258216,978.9593049252337
2022-09-09 12:00:00,25886.449224408192,26166.151688369617,25479.597081392458,25869.619926378953,1189.8982659119567
2022-09-09 16:00:00,25642.54214534449,25787.41479124642,25585.75560313432,25728.291268374716,1080.1400419612787
2022-09-09 20:00:00,26025.452530428094,26517.1589879785,25794.112719079007,25975.311185260067,1093.4313319205817
2022-09-10 00:00:00,25832.899879611447,25900.022115171454,25621.428808732988,25735.686141723825,1111.4120014634261
2022-09-10 04:00:00,26046.175519277956,26395.872581891737,25627.343634877903,26101.352048343422,884.3417218363217
2022-09-10 08:00:00,26148.60013702832,26551.688579052778,25633.70779447572,26208.94167478288,942.5094456604685
2022-09-10 12:00:00,26029.477670497577,26141.926182993146,25694.17752028247,25987.448517154044,1137.0068999778546
2022-09-10 16:00:00,26213.43008894839,26363.43838405217,26190.767481963954,26305.47861199563,971.4053482594229
2022-09-10 20:00:00,25706.134396463192,25857.651772227422,25686.090971256675,25727.145927596586,878.268031733495
2022-09-11 00:00:00,25622.84986623672,25626.9567192362,25184.176803302227,25536.943776129774,926.1066708191213
2022-09-11 04:00:00,26238.350047495114,26335.760064057893,25762.8440600813,26222.22615650249,1162.2833204427784
2022-09-11 08:00:00,25682.074210335813,25782.917953746524,25419.956917632357,25648.03867245605,1084.3762292377535
2022-09-11 12:00:00,26076.763445072578,26436.6663772091,25679.558523360705,26202.263480846334,935.9132005461133
2022-09-11 16:00:00,25683.90988966556,26004.01711245178,25544.470701097653,25748.137386631723,1013.919831452168
2022-09-11 20:00:00,25695.780899662506,25919.207814546487,25292.76694381946,25612.237337113493,1169.840800586145
2022-09-12 00:00:00,25740.58198353319,26257.10913592966,25292.96773172084,25794.586153026896,843.6398552327908
2022-09-12 04:00:00,26080.24939043586,26565.102555986814,25775.885940623866,26000.219442748315,804.4442022841708
2022-09-12 08:00:00,25657.637313866824,26153.165039694937,25440.801268568495,25754.17710272194,1084.7079861768784
2022-09-12 12:00:00,25707.930754589488,25868.559451899164,25110.684962218915,25596.419556838817,1183.9096316904258
2022-09-12 16:00:00,25789.782406512983,26192.701201347285,25501.527065730566,25675.810327862753,867.9490869673486
2022-09-12 20:00:00,25711.449880852448,25970.15708036842,25329.55251904426,25751.189395968235,943.6790757774031
2022-09-13 00:00:00,25636.94998364992,26166.100090467688,25433.49747206035,25692.61813416739,853.4499573698971
2022-09-13 04:00:00,25558.754505361987,26060.04964287671,25106.8059351431,25621.873654325544,1170.1009893002863
2022-09-13 08:00:00,25656.21403001635,26140.39341929602,25285.46176745196,25560.075802845928,1116.3152760848034
2022-09-13 12:00:00,26066.762685916867,26544.696772246487,25750.462329639042,25977.844922877346,969.6653529461263
2022-09-13 16:00:00,25513.500326820293,25920.2218977622,25252.22236512347,25593.912564724407,866.6566235211636
2022-09-13 20:00:00,25574.817956864248,25658.494631083082,25358.391579183884,25460.948986291474,980.0676682428305
2022-09-14 00:00:00,26080.95297668306,26127.3354519967,25595.40719042717,25959.916594895996,1097.144421864284
2022-09-14 04:00:00,25409.757565459266,25690.666030685756,24938.97004019047,25407.54648774366,1056.999435530277
2022-09-14 08:00:00,25601.10204970118,25824.537511557013,25059.665728206473,25507.171351602112,1199.7683322960645
2022-09-14 12:00:00,25881.511231807573,26358.456783262645,25791.87450740322,25813.281036891294,987.8142929680539
2022-09-14 16:00:00,25890.844675112257,26316.780776345364,25406.646476759262,25891.692466256976,1148.544182220331
2022-09-14 20:00:00,25582.484154643844,25873.8484430271,25287.29229226582,25676.258603586837,904.9474617445641
2022-09-15 00:00:00,25767.46235687031,26000.926449747534,25410.523215471385,25660.846767872506,1050.816804350119
2022-09-15 04:00:00,25516.585717578913,25816.083361483,25201.223536894715,25632.715793666277,1182.7973542025566
2022-09-15 08:00:00,25820.177829416858,26228.750492379004,25485.44971223733,25864.169809963405,819.9499222976315
2022-09-15 12:00:00,25634.83920574134,26023.28193169091,25212.160730402582,25613.54208980057,888.3400765058346
2022-09-15 16:00:00,25038.609127426203,25549.09881571465,24655.16329544275,25145.35319500701,1142.1794112012149
2022-09-15 20:00:00,25413.91271523108,25843.15309593108,24856.889236863182,25331.302272250214,999.7729612099066
2022-09-16 00:00:00,25262.584877332603,25350.810990512276,24926.167926903898,25313.107868531737,831.8625530028969
2022-09-16 04:00:00,25075.008424067368,25652.14664217767,24985.010429166312,25149.403779445627,1009.3728278481942
2022-09-16 08:00:00,25318.82379074213,25509.309587167445,24831.691661006815,25226.820049412,926.8715449307479
2022-09-16 12:00:00,25061.148177176983,25555.412035937752,25007.643726461523,25086.11948724106,1059.908609215297
2022-09-16 16:00:00,25260.76530808748,25599.584645157374,25236.87592270359,25288.912747935792,1178.7829216664338
2022-09-16 20:00:00,25054.499437202005,25324.133206255996,24860.51168244902,25169.530008564456,963.984830671524
2022-09-17 00:00:00,25387.38634300905,25456.807685103275,25048.321465298068,25268.66021887391,1082.6641106184354
2022-09-17 04:00:00,25227.85035435906,25477.963180120863,25207.527951426717,25249.43646253816,1088.0489924802482
2022-09-17 08:00:00,25666.143949230816,26120.572288785,25285.258176689204,25588.001188759506,1061.589245933624
2022-09-17 12:00:00,25578.71865804952,26009.43900510076,25249.305976176478,25668.58472144589,993.632023413134
2022-09-17 16:00:00,25476.24473408085,25536.206398637263,25363.259181331956,25390.758018745277,887.4226819580338
2022-09-17 20:00:00,25198.969810291932,25540.654636700736,25034.51418520924,25130.58831580361,853.5845323539714
2022-09-18 00:00:00,25406.325157631138,25925.322064804994,24990.558665553774,25421.696352319108,1149.1624343636997
2022-09-18 04:00:00,25322.997086402607,25697.329164005158,25178.890941615176,25279.920668953644,900.8657687051119
2022-09-18 08:00:00,24989.00800308103,25104.71037163755,24909.73040795868,25099.465591106786,1108.8895719206153
2022-09-18 12:00:00,25522.796933103382,25820.04994630119,25065.07709011581,25419.23876775348,1060.3023907328177
2022-09-18 16:00:00,25085.283222876307,25211.28549847351,24640.371479030222,25088.310916344268,1123.1774627509672
2022-09-18 20:00:00,25018.716992553156,25286.486579490356,25015.61380499247,25040.04405041316,1115.4849638885883
2022-09-19 00:00:00,24798.056733317615,25117.64148511298,24529.67685892555,24831.480420509077,940.7146526355089
2022-09-19 04:00:00,25381.322045296143,25692.211873245727,25314.482499746686,25355.87518170628,851.9256376642583
2022-09-19 08:00:00,25329.44480203417,25593.909977262774,24889.917866540367,25245.4826201253,1067.9519071411069
2022-09-19 12:00:00,25027.813992038497,25459.307914275105,24639.12336332181,25057.805444586258,953.331969179937
2022-09-19 16:00:00,25244.18357680986,25554.180844253508,25052.628921760046,25238.304300623222,983.5782249339201
2022-09-19 20:00:00,25039.335790967034,25290.68991600278,24702.557498819697,24917.910838588276,856.5295312736688
2022-09-20 00:00:00,25332.41830391376,25583.653468421777,25106.030872101164,25291.57213213053,1098.584369766316
2022-09-20 04:00:00,25282.487796316695,25502.034212124025,24763.24983498149,25163.309216426376,897.8478430400269
2022-09-20 08:00:00,24755.15313813202,24788.045386185797,24619.707384290916,24779.662489885744,1077.665935817125
2022-09-20 12:00:00,25385.202869724137,25745.409530999936,24904.554795696753,25473.368235392703,821.6315296076873
2022-09-20 16:00:00,25072.030061843827,25475.397109750356,24930.265686188395,25164.435723007795,1025.4594411495973
2022-09-20 20:00:00,25077.5822363474,25604.754906878756,25067.586058249373,25162.444550478176,856.9991101797362
2022-09-21 00:00:00,25452.934235735785,25626.69032033939,25217.830411865158,25355.3541074057,1166.4229519888347
2022-09-21 04:00:00,24919.30982224975,25220.52568667622,24521.64952162719,24932.947995222425,1003.4565695562734
2022-09-21 08:00:00,24714.018173396955,24986.448492030293,24542.989147522636,24704.237789113846,1194.666439289175
2022-09-21 12:00:00,25391.849965135483,25707.412581080258,25268.349300147245,25359.790010995923,841.8805585358853
2022-09-21 16:00:00,25102.412894960566,25472.23825494323,24922.36676308878,24995.62541347585,834.644624077265
2022-09-21 20:00:00,24681.176107165335,25085.2812867286,24299.481907529283,24803.92481465556,964.2085109240757
2022-09-22 00:00:00,24912.65040755878,25023.964228115925,24676.514764190157,24873.17954985702,1145.6366391523202
2022-09-22 04:00:00,24782.95436083299,25171.079243659966,24715.8508406633,24834.68055266272,995.2676144318796
2022-09-22 08:00:00,25173.99367428884,25273.607739863295,24659.397685304146,25060.292666577225,1140.1938994304603
2022-09-22 12:00:00,24848.667762269975,25295.139931004538,24604.5673401592,24752.941331196656,1069.9640866584386
2022-09-22 16:00:00,24845.869389322972,24957.053907553855,24349.507966692145,24733.32279980494,1120.3955271157904
2022-09-22 20:00:00,24909.237640114934,24977.04923584224,24794.35853252918,24970.815763222916,983.8509085523624
2022-09-23 00:00:00,25025.239627352108,25224.92181694723,24692.988427143056,25141.295128880472,967.4394108746103
2022-09-23 04:00:00,24703.650575931773,25177.46255048687,24515.44632574129,24677.180698405195,862.160176798561
2022-09-23 08:00:00,25252.5379070038,25354.90914409656,25099.780307569763,25188.70685267645,1107.698943212322
2022-09-23 12:00:00,25228.10358097604,25611.724455553613,24874.034411462595,25113.42034291899,1185.0078549515997
2022-09-23 16:00:00,24792.83445023313,24875.752310835796,24548.342322192613,24827.222478104963,909.3442479903914
2022-09-23 20:00:00,25264.234552866506,25727.256208115356,25121.467175185444,25215.748441080967,1115.6596203179622
2022-09-24 00:00:00,24673.64506873701,25056.38107003369,24639.82329654587,24668.55842348078,902.8756177325514
2022-09-24 04:00:00,24895.640387784504,25298.69562552508,24745.457228743835,24795.050232736703,1121.722892525027
2022-09-24 08:00:00,24710.552635535118,25166.497054935084,24590.326637629783,24758.55172789652,976.09035693467
2022-09-24 12:00:00,24554.90293823426,24932.5830209482,24187.048125212244,24534.267306988142,821.439408913106
2022-09-24 16:00:00,25073.060238337894,25363.734222150466,24785.80519872686,24968.911714214664,946.9840706195663
2022-09-24 20:00:00,24848.78041911295,24929.384140651942,24597.74281477825,24738.915874995444,1142.5171347865114
2022-09-25 00:00:00,24738.910564623337,25093.181948538277,24590.20630132366,24732.6963569388,1103.1174678657417
2022-09-25 04:00:00,24455.878897472263,24754.59976202458,24077.191824405563,24386.179223615236,961.0849614750921
2022-09-25 08:00:00,24434.73261876935,24820.43926263791,23939.7942481766,24417.118814637673,1018.1584096913124
2022-09-25 12:00:00,24984.945610764353,25509.692770261045,24615.865019882014,25011.7694526375,1146.8425610324607
2022-09-25 16:00:00,24946.228331815742,25231.63137704015,24531.06349797142,24956.768418783606,1153.7221414380413
2022-09-25 20:00:00,24801.25089525921,25076.6958330182,24762.041385465796,24792.30958270723,805.9214286789069
2022-09-26 00:00:00,24837.688037086205,25303.385134619522,24682.987343762572,24921.152569893697,1033.0277198958638
2022-09-26 04:00:00,24648.91976747705,24666.964310804087,24239.4235077724,24579.12743639895,1153.7953290017776
2022-09-26 08:00:00,24333.75266544494,24618.532927785884,23931.73522106603,24367.04444849583,1094.959056949935
2022-09-26 12:00:00,24211.205491208315,24510.194356812463,24164.720492014276,24326.170150810034,1194.1490641714586
2022-09-26 16:00:00,24442.084384499303,24891.15000470146,23977.934919062063,24370.20810097039,967.91667053822
2022-09-26 20:00:00,24722.112203443947,24880.79156451449,24337.858540625995,24811.858573185822,911.6254347078875
2022-09-27 00:00:00,24766.11506043338,24979.414278336855,24325.888511978705,24872.169518765015,1134.6189081028579
2022-09-27 04:00:00,24469.68132577063,24594.605754394845,23985.546215009555,24358.63615164829,1143.1422006009889
2022-09-27 08:00:00,24821.11507899253,25027.896331598306,24661.217034777466,24884.589906503224,839.6230159769278
2022-09-27 12:00:00,24596.059767687362,24892.639177059067,24416.323707661246,24531.413855304087,1067.608883943688
2022-09-27 16:00:00,24610.924788176453,25099.02139538935,24483.470167129075,24597.779590939575,1055.805153018326
2022-09-27 20:00:00,24625.960791449335,24626.238394673142,24399.976611359787,24508.445357702225,1001.4009863900885
2022-09-28 00:00:00,24280.63296701793,24542.275829965183,24206.028976940688,24353.30818986214,974.7829983090429
2022-09-28 04:00:00,24204.858277988827,24229.143517988497,23701.08016943637,24156.893020397463,1147.300116537228
2022-09-28 08:00:00,24451.928651402126,24796.820447752114,23955.01220007476,24383.59993850375,993.487260523314
2022-09-28 12:00:00,24785.01529036119,25183.83650216145,24271.02776118102,24722.29696341992,1059.7146967126391
2022-09-28 16:00:00,24089.971688220332,24513.324694161725,23835.187538305938,24145.358316121197,897.9203551943837
2022-09-28 20:00:00,24229.175740498118,24237.216705352694,23842.970114096,24181.757223343193,979.8550279754149
2022-09-29 00:00:00,24140.278303452535,24492.32325085808,23628.50807489692,24043.476202513608,1071.0694792739678
2022-09-29 04:00:00,24013.86030852788,24473.337443115513,23884.095675977194,24117.55813222205,1000.5737723278281
2022-09-29 08:00:00,24149.36272346394,24546.37557384589,23806.949345035824,24071.508469244473,1099.986921197452
2022-09-29 12:00:00,24634.752512493895,24864.553532994396,24289.3195612506,24676.263029709226,943.0694972985509
2022-09-29 16:00:00,24569.616546643203,24626.244872897903,24456.684839774156,24568.40562553957,843.8606925224235
2022-09-29 20:00:00,24526.86240513277,24721.770473748387,24105.70994421948,24539.530404440775,812.1092179568167
2022-09-30 00:00:00,24043.782656384414,24291.06274917714,23630.6576743692,23972.514288717346,966.9173951352084
2022-09-30 04:00:00,23854.975022778963,24313.942057421067,23843.195860334847,23942.84288205801,866.5027353052363
2022-09-30 08:00:00,24279.13179338122,24530.009024058745,24042.15451200135,24281.237051529053,1118.1301648256897
2022-09-30 12:00:00,24182.984805794073,24553.670566000786,24115.95257098645,24149.11541501547,1196.2922731427948
2022-09-30 16:00:00,24337.509127353223,24389.44836851411,24087.022407394354,24354.814504374674,963.4987761400423
2022-09-30 20:00:00,24471.98872919555,24913.8837113781,23913.67502318735,24395.071681093792,893.2633875925503
2022-10-01 00:00:00,24119.20589039992,24616.979883960394,24105.253057396752,24154.516153721277,1028.7965303658375
2022-10-01 04:00:00,24474.908002303222,24733.78653085971,24413.081621642585,24527.549786269246,814.2100187443931
2022-10-01 08:00:00,24134.699230558956,24603.19550694306,23869.168055276135,24250.651208564086,1052.0649070379889
2022-10-01 12:00:00,24546.178017051585,24690.402863327534,24110.19202258307,24475.90351310114,999.4161740334034
2022-10-01 16:00:00,24429.503034957565,24693.77972698024,24282.04878965822,24313.848583752242,926.9536261853302
2022-10-01 20:00:00,23956.525250009196,24187.709738274574,23695.342310332304,24023.062762492646,1092.326793342966
2022-10-02 00:00:00,23970.82467526035,24427.375514145933,23705.09461501298,23977.876509018206,837.0228089885368
2022-10-02 04:00:00,24024.88436494752,24174.056051077878,23651.1025605233,24072.929123331098,1046.8119208560477
2022-10-02 08:00:00,23884.986347097612,24017.579340679913,23640.575468865674,23998.640857715825,891.4304465926508
2022-10-02 12:00:00,24059.43857573329,24518.743549251474,23868.504001097564,24087.032039898695,954.3760309170151
2022-10-02 16:00:00,23885.415743837228,24197.309564482304,23523.935411642655,23976.957281698247,850.443367604463
2022-10-02 20:00:00,23814.656141367082,24174.617070714747,23493.382320136738,23865.80450342312,969.0160141627609
2022-10-03 00:00:00,24265.863835087843,24284.662090870414,23789.877832040627,24232.738031116878,947.4691938647745
2022-10-03 04:00:00,24106.16387927645,24572.906848535553,23643.423493045768,24219.828411609637,975.503343087321
2022-10-03 08:00:00,23953.693027012752,24099.459079343156,23513.078555960423,23991.026867272307,829.5193252863842
2022-10-03 12:00:00,23765.123980845634,24121.20935227543,23647.71264960936,23745.176816749772,1057.3957871335012
2022-10-03 16:00:00,23628.742521127857,23905.72104664676,23156.22587992381,23683.219779246585,969.3240433001263
2022-10-03 20:00:00,23752.381945669797,23767.92104103754,23546.886049791894,23705.043835150962,956.762537998975
2022-10-04 00:00:00,24297.623105242772,24303.32798164147,24172.03239594163,24251.741261783445,1101.044420709126
2022-10-04 04:00:00,23588.237383276486,23967.10256368961,23285.35112085417,23612.723017974688,912.9784641026731
2022-10-04 08:00:00,24278.302808778695,24508.268619434235,24126.853748701946,24227.705296708646,1029.650722123922
2022-10-04 12:00:00,24023.94224560553,24211.327155449675,23982.795924537437,24039.736983795567,895.2452598511076
2022-10-04 16:00:00,24079.68570529946,24252.639473775223,23857.773429494213,24030.44310400666,1168.471670538634
2022-10-04 20:00:00,24190.114440332844,24691.503798273712,24096.16964281425,24223.173544638943,917.7129521943208
2022-10-05 00:00:00,23901.338360974918,24009.00102057511,23448.11308273005,23847.634379478786,1010.9854900367277
2022-10-05 04:00:00,24017.86812560533,24145.43254903916,23846.162880640484,24100.400019007582,891.3604106751989
2022-10-05 08:00:00,23864.033834940423,24253.136611106118,23491.814289792135,23940.223692522388,870.5790051325303
2022-10-05 12:00:00,23391.36519874365,23552.375421598863,23315.026883679024,23500.125448908057,929.3219234787366
2022-10-05 16:00:00,23935.524631901113,23959.727223846043,23443.814588601166,23864.33584893013,817.823798809056
2022-10-05 20:00:00,23841.926758312162,24180.575114984826,23420.9532511464,23733.53539122122,939.5549724260862
2022-10-06 00:00:00,23570.66611603133,23671.28429137284,23458.660273542115,23647.928234927058,1196.4775663811454
2022-10-06 04:00:00,23668.376895181143,23857.08672282364,23180.074373026484,23595.14697722403,888.7071983937533
2022-10-06 08:00:00,23650.826638232655,24060.098038403394,23463.227765391228,23615.202140852973,885.1390581906139
2022-10-06 12:00:00,23624.44855364613,24086.739772044806,23490.270842857382,23704.839338167134,891.0907885238184
2022-10-06 16:00:00,23755.98808350248,24319.993304452433,23300.02596832857,23873.179115984876,919.8362902494613
2022-10-06 20:00:00,24126.604966797462,24128.529399140705,23982.051835807975,24113.08702196848,1062.0887668702421
2022-10-07 00:00:00,23954.69486751682,24504.245870950934,23558.651716423108,24029.09985178288,1030.3442675089905
2022-10-07 04:00:00,23605.131875784326,23767.2035715962,23379.09572862656,23583.108163063058,1042.5710424088197
2022-10-07 08:00:00,23745.829310720477,24003.425039728085,23641.147946169163,23714.89300915939,1197.4478323161293
2022-10-07 12:00:00,23914.270400566664,24125.187048978525,23661.65039663419,23879.895334353325,1054.5578642501
2022-10-07 16:00:00,23487.5035690294,23689.01207605513,23031.792020330886,23462.365075976173,996.1913266208101
2022-10-07 20:00:00,23895.900578378252,24077.480315987894,23695.395773798442,23914.036573961814,875.5029808058181
2022-10-08 00:00:00,23646.753224653374,23850.00882906331,23535.748742798936,23680.52658217274,1065.6322086460316
2022-10-08 04:00:00,23534.93449136235,23738.28190704332,23115.026232062784,23482.838343761185,1097.574590104457
2022-10-08 08:00:00,23205.817356174324,23329.429248312354,22808.227643210947,23254.353178046,874.5669446825449
2022-10-08 12:00:00,23593.019967166918,23800.196410744633,23219.71857332016,23710.371892351657,1017.0790331718547
2022-10-08 16:00:00,23843.922989044324,24294.771742242345,23575.42511676107,23925.9019455161,1108.882041899888
2022-10-08 20:00:00,23892.056494080934,23950.38941741195,23689.451689965234,23829.570390894645,870.3544789257757
2022-10-09 00:00:00,23815.075966570643,23947.425633750132,23295.227824416008,23712.4144547873,876.2123338305763
2022-10-09 04:00:00,23609.71001541319,23799.21497887118,23330.634188938184,23555.133083428675,854.4424524093815
2022-10-09 08:00:00,23756.51593097149,24249.509613131366,23296.835707916944,23803.35540696095,998.3779607024285
2022-10-09 12:00:00,23726.22655313484,23828.664471717715,23207.493516056576,23613.674579272767,1051.6977831598217
2022-10-09 16:00:00,23767.515695096554,24233.87409025516,23304.95024870773,23740.454989389462,874.5190287572773
2022-10-09 20:00:00,23273.325447896415,23592.537682115475,23251.27338101623,23270.23052251718,898.5984817345344
2022-10-10 00:00:00,23094.029586957164,23107.4705116654,23057.686780847584,23102.605599115563,1020.459509136995
2022-10-10 04:00:00,23712.44088985593,23817.79017492191,23152.991793799458,23599.834884013584,976.104996098946
2022-10-10 08:00:00,23505.27328415901,23676.889826464227,23082.99368070875,23397.723613561222,947.819894884955
2022-10-10 12:00:00,23297.351470152822,23527.54590794665,22857.56257059647,23254.509025884185,1138.8259492340508
2022-10-10 16:00:00,23791.961499763216,24049.950212423493,23499.46672378968,23678.088102948874,1072.6619900245482
2022-10-10 20:00:00,23341.334292246982,23408.968986770495,23126.152974195003,23245.961238273227,884.5697583610915
2022-10-11 00:00:00,22955.49504640948,23065.56795729692,22812.295801973174,23059.464461699066,946.7990390806733
2022-10-11 04:00:00,23068.24780099632,23449.99436121011,23001.017603378477,23087.27840218215,1133.6868417565352
2022-10-11 08:00:00,23400.441948020394,23704.321775972247,23184.370568040627,23367.509122020525,904.0946039921671
2022-10-11 12:00:00,23502.644646393783,23849.059474188463,23120.635033762846,23407.929555309776,1125.5216413623416
2022-10-11 16:00:00,23034.12345282619,23230.54357527861,23015.27793024495,23075.00655792699,839.973243148676
2022-10-11 20:00:00,23588.383030614503,23895.88335129817,23111.433382865944,23562.93869308487,1042.430986679082
2022-10-12 00:00:00,23274.66510355636,23697.919748482596,23171.18729860162,23288.08851857158,1100.0901268203686
2022-10-12 04:00:00,23356.006975632747,23872.74348270448,22947.607736879927,23448.552165931655,1124.7143150753734
2022-10-12 08:00:00,23387.51921664282,23725.96843740575,23119.279809438918,23377.903974228164,817.7263147661733
2022-10-12 12:00:00,23518.211364543593,23871.04320202119,23515.122178504316,23552.704361043212,1189.922407566652
2022-10-12 16:00:00,23611.996303009684,23649.81184571594,23379.64849934602,23508.430736395276,1057.1993259926194
2022-10-12 20:00:00,23597.24945733954,23747.179115463736,23517.36847385653,23552.750548698987,885.7913780989759
2022-10-13 00:00:00,23182.042338274794,23219.933753497426,23085.330551033578,23151.612676841032,830.0512197123912
2022-10-13 04:00:00,22866.69551603438,23171.745851163905,22551.54485999522,22947.44198505178,1049.6420957806645
2022-10-13 08:00:00,23033.345860555957,23191.920637778087,22990.87185286245,23081.12521485995,1142.0845685353504
2022-10-13 12:00:00,22965.452284901152,23432.696884592206,22810.910054242362,23033.80463262744,1170.1803650238298
2022-10-13 16:00:00,23166.84935995142,23259.72406029607,22847.71444321804,23206.86449852017,821.6359530870989
2022-10-13 20:00:00,23065.611265805357,23393.919182138205,22848.694913503983,23117.959091637877,1189.7178377367393
2022-10-14 00:00:00,23430.973972476975,23875.58721163981,23246.447050083516,23354.68582886086,936.53647118609
2022-10-14 04:00:00,22971.085079620974,23071.019353091164,22943.665657684232,22978.814615922398,957.7885829267802
2022-10-14 08:00:00,23248.68604971853,23616.77687796932,22877.194053548683,23333.965301755175,1109.6518173054915
2022-10-14 12:00:00,23313.67512108687,23751.355427311908,22852.097511229826,23214.652894382474,1042.0583999436178
2022-10-14 16:00:00,23161.27329503462,23368.853037510486,22913.443435016612,23216.41010844239,1197.4345362824204
2022-10-14 20:00:00,23198.447299227326,23249.07064155462,22879.944308518985,23159.70282763858,894.5961320680279
2022-10-15 00:00:00,22735.416054832676,23066.924202136397,22599.729102708505,22681.406411795586,907.091099620093
2022-10-15 04:00:00,23169.296773602422,23502.056491799704,23004.58729988921,23280.35991558481,1123.1846746431197
2022-10-15 08:00:00,22979.622694691992,23207.30385530359,22839.2008605801,22911.386293752246,1154.174276964051
2022-10-15 12:00:00,22730.39938608126,23144.823943722124,22413.133338607502,22706.66466139914,1098.8684337509783
2022-10-15 16:00:00,22931.22116655023,22963.278169165933,22535.176264747737,22821.527551772924,1180.694684064722
2022-10-15 20:00:00,22981.800531572437,22985.408385878505,22864.25121055063,22900.77345991394,1194.465402502836
2022-10-16 00:00:00,23211.849651974113,23484.54249614937,23047.234292257708,23150.166566323544,1041.8260558216728
2022-10-16 04:00:00,22792.913939610145,23236.816430629377,22414.907781833233,22844.957642871417,875.6514431763508
2022-10-16 08:00:00,22539.962273536705,22796.5656171731,22187.619291988125,22652.92855026907,1191.77784489045
2022-10-16 12:00:00,22729.336594470868,23198.2962020888,22490.790996205018,22816.314678196282,1029.9664457852202
2022-10-16 16:00:00,22961.700864020837,23154.563498525626,22594.46470590344,22914.439279852835,1128.5708695956853
2022-10-16 20:00:00,22690.869327499848,22860.027094059387,22445.17112018683,22697.47992070498,1162.251550419614
2022-10-17 00:00:00,22676.906485189353,23038.390071642254,22425.39144315823,22632.727626368418,1135.9694330592506
2022-10-17 04:00:00,23040.241340682962,23059.218962351497,22622.7933786304,22998.53559133012,1012.9570322338952
2022-10-17 08:00:00,23064.26527005106,23352.139441058953,22655.378332378492,23055.75835177187,1005.2005871585567
2022-10-17 12:00:00,22838.64000992768,22962.722313694958,22415.06476791359,22951.906491608133,1067.2890876651961
2022-10-17 16:00:00,22868.17419794263,23227.312960382722,22594.90951149876,22963.920860204984,1087.3902044601646
2022-10-17 20:00:00,23102.51505269804,23263.32517528681,22910.166130920927,23186.961776972897,1156.9653057211992
2022-10-18 00:00:00,22687.000714903857,23092.50335568932,22349.210285177785,22745.791984050386,1129.4396976296748
2022-10-18 04:00:00,22500.664592992765,22624.517998842344,22369.720091377396,22613.13227961125,1198.479433740784
2022-10-18 08:00:00,22574.819486357625,22876.69594302296,22323.87620453314,22621.59002774174,856.0539514239227
2022-10-18 12:00:00,22966.780763578274,23026.457149536815,22790.372879297636,22875.358510637256,975.9117160800383
2022-10-18 16:00:00,22809.779432066516,23011.007782313303,22482.303646293418,22769.92730665062,1021.545630714743
2022-10-18 20:00:00,22531.109253117702,23003.600872992087,22519.99142015037,22596.987352265198,972.054246779375
2022-10-19 00:00:00,22786.368811443826,23223.939812569453,22362.78826481094,22726.32033167679,831.5496400220667
2022-10-19 04:00:00,22840.486844649484,23172.742882141432,22405.138827014336,22753.024130656,1164.1760284672882
2022-10-19 08:00:00,22943.601804963688,23035.996189477435,22728.175696085535,22835.664022675955,1179.0211492423932
2022-10-19 12:00:00,22810.452205390447,22943.973911431214,22373.020457691477,22731.499967531203,950.5284616564329
2022-10-19 16:00:00,22729.317819003714,22900.36052157364,22636.01724447215,22831.947938965637,1006.6281378529907
2022-10-19 20:00:00,22726.51141142969,23203.956905700612,22436.163123615566,22754.817167620342,859.1833399348175
2022-10-20 00:00:00,22377.417901156332,22441.8833196492,22177.299570067724,22393.617203537015,1140.4513795478213
2022-10-20 04:00:00,22925.391566192728,23210.768105563704,22725.175523461836,22918.102696331065,1135.8592613261321
2022-10-20 08:00:00,22502.776208091855,22850.671514872905,22460.57619922652,22584.027993299384,869.173120781645
2022-10-20 12:00:00,22458.645337954596,22485.236011179924,22239.429255404524,22379.260163091203,1006.3548629820622
2022-10-20 16:00:00,22332.40787393107,22337.667825502067,22175.36171713891,22328.49073604076,1111.4123228170163
2022-10-20 20:00:00,22399.7026817258,22552.64454654756,22315.425658065567,22363.700683461007,863.1242476250145
2022-10-21 00:00:00,22705.07610939957,23088.862392191342,22271.725551454372,22596.7163285788,841.0050681150636
2022-10-21 04:00:00,22744.787554313792,22801.10076646136,22497.53737041028,22735.279298706275,1149.3444240048054
2022-10-21 08:00:00,22564.313085844802,22945.525239375394,22404.65682072913,22606.648207906608,1140.5599663366895
2022-10-21 12:00:00,22342.266676969666,22566.23637043456,22189.29237169797,22294.838264110374,1023.408034450402
2022-10-21 16:00:00,22565.269946408844,22876.316000773706,22416.84119207134,22641.87516095542,870.7081706342467
2022-10-21 20:00:00,22573.234594030546,22678.575883222402,22366.195641664155,22646.861319141994,930.1802429157685
2022-10-22 00:00:00,22154.139476980832,22203.02263489387,21902.244567092912,22127.88002770228,1041.5164660146995
2022-10-22 04:00:00,22479.87059087122,22779.736336337945,22141.970763258392,22520.47336262785,1108.6751968943154
2022-10-22 08:00:00,22725.5758360424,22744.932575000796,22312.206456721015,22659.076806754987,1111.3515608177745
2022-10-22 12:00:00,22327.93091512038,22779.722883629296,22142.25924877637,22407.04378568898,812.799810539712
2022-10-22 16:00:00,22388.756730474997,22826.15556030987,22262.283909876667,22404.076431801986,909.8084589068708
2022-10-22 20:00:00,22717.626462978424,22878.9200279169,22296.935607835407,22733.096640601892,1063.795509740342
2022-10-23 00:00:00,22471.496510359964,22880.016918100693,22362.36076097755,22568.19740653185,1097.7922516538356
2022-10-23 04:00:00,21975.6350110831,22140.91956151226,21775.777753160433,22035.731671931935,1196.5008499157914
2022-10-23 08:00:00,22036.388465802243,22372.959021146155,21918.1854994279,22059.014755375814,1155.479561254046
2022-10-23 12:00:00,22227.361536923298,22587.34376366465,22081.198328298127,22316.510574141983,849.2878673467457
2022-10-23 16:00:00,22062.071326607027,22180.884980104624,22042.256204987338,22154.561337869494,1152.3603901131785
2022-10-23 20:00:00,22387.59318332095,22694.64736757282,21916.197425628485,22315.388691774446,848.5997544840667
2022-10-24 00:00:00,22393.50364328125,22682.619835760517,21964.25739294087,22370.11092663572,907.0945595677194
2022-10-24 04:00:00,21961.46608767258,22386.96531098929,21754.781609529524,21957.720232629395,916.251896441041
2022-10-24 08:00:00,22393.539419133864,22745.750404453676,22042.954434385905,22400.80364309016,857.537532072923
2022-10-24 12:00:00,22586.02374411006,22860.021713370614,22405.038421915397,22530.833094186164,800.481172352009
2022-10-24 16:00:00,22183.40675377579,22321.518929487258,21887.31929348716,22087.316750976977,1059.5767064163308
2022-10-24 20:00:00,22504.18591454962,22666.755236684552,22490.282881659587,22575.22131126437,1127.7924002714972
2022-10-25 00:00:00,21880.07301245773,21977.618466714284,21513.016736330603,21975.444314413846,853.691751193189
2022-10-25 04:00:00,22195.20697506272,22533.2752206767,21804.457764979812,22094.711164908666,1189.0413476273375
2022-10-25 08:00:00,22323.27836828646,22565.987128381683,21974.73919331299,22255.48814126957,855.3268295576804
2022-10-25 12:00:00,22423.735651335483,22844.87378639919,22001.298752779807,22324.262701059917,1138.4838279855799
2022-10-25 16:00:00,22330.946852974463,22542.862031893743,22197.680298173236,22254.150815240224,1144.0545976442104
2022-10-25 20:00:00,22448.053833583806,22817.682896139675,22225.089243452472,22376.32478824598,1002.5534447230111
2022-10-26 00:00:00,21883.67534274697,22237.66576508889,21355.185271733437,21786.562772088364,995.3937497374322
2022-10-26 04:00:00,21897.511519303807,21980.83183328071,21763.210268732248,21832.142229148103,1064.2090019681518
2022-10-26 08:00:00,22327.094746192328,22443.922415865087,21998.66750157787,22403.942295333385,1136.3026389171923
2022-10-26 12:00:00,22156.208080889573,22582.937612702855,22027.116532043372,22163.489461466652,1136.8548843903193
2022-10-26 16:00:00,21903.462910661783,22197.374199528702,21781.24795859124,21829.998747105812,962.5078163885336
2022-10-26 20:00:00,22004.08581277894,22248.935738543536,21891.361067801237,21895.327317081017,1153.783784129775
2022-10-27 00:00:00,22062.508994404227,22382.376225839736,21678.269386535194,22074.79330258336,932.6696994607742
2022-10-27 04:00:00,21774.036244642088,22151.79464841396,21404.872273820383,21694.24097549507,1082.0569009439114
2022-10-27 08:00:00,21942.71058420483,22383.453440069155,21776.073054285833,21954.749194480286,905.4479395618628
2022-10-27 12:00:00,21817.131758456668,22017.953758081967,21546.93060985113,21840.41369635084,1166.329483439066
2022-10-27 16:00:00,22041.22840753003,22393.786724128367,21804.705344406873,22094.20403717172,893.9706127692907
2022-10-27 20:00:00,22169.811642871467,22337.826008240394,21965.561294192426,22110.03207972643,1048.2302143567392
2022-10-28 00:00:00,21611.714001347173,21968.96347555119,21499.74755588292,21647.740346825907,820.0387774171016
2022-10-28 04:00:00,22309.416152169153,22579.39373979786,21831.891682438403,22214.41773904418,1149.2270401237959
2022-10-28 08:00:00,22102.235755949867,22202.18274969047,22015.14212401312,22077.40894606322,1051.7997531079786
2022-10-28 12:00:00,22072.756383842323,22287.016920104274,21939.454036257346,22115.66036519555,904.3976303758159
2022-10-28 16:00:00,21854.123790405538,22232.309846059703,21544.63854599079,21820.81428696728,887.382207721988
2022-10-28 20:00:00,21910.83952530431,22194.665569524394,21659.186572677576,21883.414877395397,923.4482619051894
2022-10-29 00:00:00,21905.998371919257,22038.61766632428,21551.439332394824,21886.753753085526,831.241903107878
2022-10-29 04:00:00,21797.986565556865,22105.8934734156,21526.625622012987,21783.176652905684,1104.7290559191692
2022-10-29 08:00:00,21647.925912321636,22009.675531113364,21369.848883082686,21636.06265202645,1047.525586258898
2022-10-29 12:00:00,21726.81599069788,21824.83959622407,21484.324529046753,21687.628541542254,1064.4380195512697
2022-10-29 16:00:00,22036.277389129078,22429.727095687023,21893.39926711285,22104.024965155593,970.8704390561958
2022-10-29 20:00:00,22017.80320500622,22183.81051413389,21884.90661870866,22083.476856896297,1198.6040036761565
2022-10-30 00:00:00,21694.6602148473,21848.744635405656,21636.095594973285,21660.7755574567,1136.9835557838837
2022-10-30 04:00:00,21978.66625673764,22353.42686038274,21757.744141366242,21921.298814551086,872.1545153913121
2022-10-30 08:00:00,21741.162631097155,21916.998596427497,21401.246338357905,21645.494111225897,1076.345256502839
2022-10-30 12:00:00,21391.303071709168,21798.69233343004,21083.13906068187,21483.229891490308,838.7528270809154
2022-10-30 16:00:00,21669.86628922259,21970.020834659088,21263.903083310513,21747.367328847246,1084.476933023618
2022-10-30 20:00:00,21978.980286461665,22408.890937646876,21656.90685384493,21889.083839299503,1043.7647232710847
2022-10-31 00:00:00,21521.895117634664,21719.084084875885,21334.416144080875,21465.859655660945,919.1849757897971
2022-10-31 04:00:00,21686.40348974412,21959.315044804287,21448.065451177168,21749.698430097927,1164.6554485738566
2022-10-31 08:00:00,21395.030301780353,21402.150966327456,21327.140343167604,21384.944890040588,1111.9822917262575
2022-10-31 12:00:00,21268.892434640966,21526.77540200367,21021.015651067457,21372.978419127612,1015.4533849584429
2022-10-31 16:00:00,21390.822660665184,21457.009004244013,21251.81742119785,21390.263760847563,1143.6488216365103
2022-10-31 20:00:00,21787.172102982717,21963.01325967792,21620.78762271546,21732.744057885975,859.6359179306406
2022-11-01 00:00:00,21787.44033272617,21837.910060598486,21347.94194136624,21750.811529983097,1114.8060047063218
2022-11-01 04:00:00,21351.620991560532,21655.61301161556,21191.90780556129,21385.487533901436,961.4852047499694
2022-11-01 08:00:00,21792.864246876252,22135.645941096387,21416.25800086376,21795.142385831925,987.3493909352072
2022-11-01 12:00:00,21329.594696523975,21674.551261047403,21187.393117024447,21308.908947747812,1026.449263534612
2022-11-01 16:00:00,21392.492089818305,21666.010991720956,20972.284766942113,21491.283317565023,857.2687118709812
2022-11-01 20:00:00,21230.688550238094,21336.558727855954,20879.018526407588,21325.29824075964,1164.707919831153
2022-11-02 00:00:00,21261.511116443577,21453.03827412156,21245.746112398367,21337.11828187124,1082.6529480070299
2022-11-02 04:00:00,21727.433635603225,21733.35356763168,21545.678530818084,21633.93643191207,829.7536612890477
2022-11-02 08:00:00,21626.16203457185,21727.248783334067,21220.865883730312,21681.74576139935,999.0661024873201
2022-11-02 12:00:00,21381.286020095387,21778.71826647271,21245.691240827513,21406.660940646372,1070.4280418135945
2022-11-02 16:00:00,21598.554454721634,21865.432607577193,21435.02679214344,21506.974380167772,1099.1430082332004
2022-11-02 20:00:00,21482.886266821377,21872.379531754264,21394.27752172199,21428.942600835522,933.6892473417358
2022-11-03 00:00:00,21159.132167807344,21484.91155222698,20917.83351265087,21221.058219562845,1072.6570776029168
2022-11-03 04:00:00,21630.59601317672,21813.122567977487,21509.93918691829,21624.90717966753,1062.1393118866808
2022-11-03 08:00:00,21594.271927603866,21755.50073778692,21320.841658626363,21493.527536942045,900.7514206865786
2022-11-03 12:00:00,21051.873437946182,21292.388222424655,20863.56485940734,21113.87643893649,802.5082708760144
2022-11-03 16:00:00,21086.32736134017,21461.54990521594,20770.561235145153,21190.153535900783,1075.6612295210305
2022-11-03 20:00:00,21245.806241017483,21301.456393148364,20861.340489484784,21228.29359047667,1046.7502090826006
2022-11-04 00:00:00,21262.62781241461,21311.39759710462,21124.923377680505,21247.41628320033,813.3960113685537
2022-11-04 04:00:00,21379.96570560991,21613.141924660566,21287.432356488313,21459.90492645959,1171.2396173101934
2022-11-04 08:00:00,21015.28621251587,21443.590016531365,20626.25954368926,21043.423741267,800.0195371800262
2022-11-04 12:00:00,21519.37899522024,21810.50742325411,21240.2962001115,21541.882851382168,868.1475372772543
2022-11-04 16:00:00,21432.223268295613,21884.627785521832,21033.39892075462,21457.680420452532,910.4169391104587
2022-11-04 20:00:00,21523.949660551127,21783.233957599532,21252.999622940235,21610.481770790928,892.193562267968
2022-11-05 00:00:00,21178.236753606812,21344.936978686823,20682.22789787525,21103.45094586765,1100.0594707822697
2022-11-05 04:00:00,21127.318437323334,21380.334482411723,21046.549218437398,21062.64142615818,935.4641637776413
2022-11-05 08:00:00,21261.340159693853,21615.151857411172,21035.80857796738,21260.040218455797,1122.116549037873
2022-11-05 12:00:00,21468.66032736741,21495.18381541125,21249.437561493578,21438.802666475098,1070.4608212909432
2022-11-05 16:00:00,21018.223885409217,21521.222085476922,20611.33177916588,21104.10177598726,1167.758060991333
2022-11-05 20:00:00,21572.252669158115,21695.65519714443,21465.60604300898,21479.01132700202,896.8300533477029
2022-11-06 00:00:00,20986.991624710838,21180.2287040105,20595.43499933385,21055.209064706218,1123.5464071784434
2022-11-06 04:00:00,20819.86764822552,21089.33362288643,20770.345582530186,20864.71530734394,810.01724406804
2022-11-06 08:00:00,21320.489794934772,21596.836751365387,21206.500634493736,21232.792735826617,1000.5956557994001
2022-11-06 12:00:00,21243.083509716103,21263.198248042918,20753.815650736327,21147.19129925894,1049.3293363504063
2022-11-06 16:00:00,21031.93389926729,21378.64758625743,20605.823334023786,20948.75166240328,1192.4926496944051
2022-11-06 20:00:00,21036.791407193796,21372.396945142344,20732.838758862814,20951.93241181203,929.7852100541509
2022-11-07 00:00:00,20854.356544694925,21241.449810311064,20836.38033713518,20868.288855497074,903.3437956493833
2022-11-07 04:00:00,20975.111430850968,21181.700475266847,20904.105477574984,20953.088651644906,1124.0005203987062
2022-11-07 08:00:00,21002.946424798374,21228.566410076815,20575.252769191837,20912.603339587244,804.5568214063067
2022-11-07 12:00:00,20829.364571317095,20986.6245094793,20809.252592448607,20853.207597501154,802.3235425945231
2022-11-07 16:00:00,20835.333579364902,21047.30727368923,20627.58236209102,20818.646855673167,1037.5558436652254
2022-11-07 20:00:00,21108.123638196565,21462.609116803615,20690.545202402034,21087.059101707488,1051.0082051742374
2022-11-08 00:00:00,21000.22808012078,21064.276896520867,20531.891966128598,20912.82976109393,1187.3401696441447
2022-11-08 04:00:00,21033.994275511344,21276.179507686364,20628.986833116818,21133.699895475303,916.7335447601085
2022-11-08 08:00:00,21108.97156188727,21470.801685974995,20758.852108412735,21052.418670105926,921.5506567549156
2022-11-08 12:00:00,21104.46329298457,21185.39598680107,20999.362669604612,21174.328380317682,1001.0245593811262
2022-11-08 16:00:00,20704.309540869323,20892.95509858754,20621.913848243727,20802.193236664873,1066.368104019778
2022-11-08 20:00:00,21040.667306304553,21400.936407490237,20939.134453256385,20987.61012279598,800.8625592004544
2022-11-09 00:00:00,20663.677416693616,20777.758463567006,20636.439584744832,20728.09988951989,819.8271215469449
2022-11-09 04:00:00,21046.23545542249,21128.034333471787,20896.379315345053,21012.1328926085,1033.6426589324096
2022-11-09 08:00:00,20578.038013004996,20967.290935406363,20536.29877250292,20662.960753881885,1124.991773939793
2022-11-09 12:00:00,20851.170478816464,20957.875415110047,20381.538508075562,20770.695416750183,844.0202454870567
2022-11-09 16:00:00,21048.066670952638,21165.963244381957,20929.076018740718,21086.499952123082,953.9826418335924
2022-11-09 20:00:00,20711.485972414175,20830.107045549426,20631.820147120474,20776.257571547252,1106.0810476052611
2022-11-10 00:00:00,20663.437370347598,20756.2137370296,20470.965907970854,20566.571741696866,1176.4895253887944
2022-11-10 04:00:00,20896.821661541297,21268.605436408918,20703.629777372924,20853.846121321665,957.6048077083836
2022-11-10 08:00:00,20823.864356336308,21205.078709368678,20788.767109164903,20907.414952688752,876.1820590840576
2022-11-10 12:00:00,20616.52663385862,20830.16968933535,20205.85625460206,20613.70658654362,897.9719760939165
2022-11-10 16:00:00,21159.516548597036,21276.267701484183,20845.87472256785,21074.56551260098,1137.1722244768685
2022-11-10 20:00:00,20666.54201364439,21120.22553146534,20660.92080332236,20748.58310765101,1016.1801661847454
2022-11-11 00:00:00,20989.74202917865,21366.029925881543,20924.00018708485,20966.494856722566,884.2524192773183
2022-11-11 04:00:00,20414.334989390933,20524.52306482143,20242.546768885393,20511.634555546367,802.5874649909174
2022-11-11 08:00:00,20749.902767517124,20953.35222439636,20411.856345838813,20769.796679814383,1023.915828230479
2022-11-11 12:00:00,21011.920067762956,21016.630197784325,20723.401682764837,20976.141066007465,997.502894851148
2022-11-11 16:00:00,20495.34726901016,20799.662395953517,20420.01300446003,20470.109556091953,1148.831388314722
2022-11-11 20:00:00,20630.780210441022,20981.706652307257,20253.02634099732,20701.43742305298,895.3104981416512
2022-11-12 00:00:00,20887.489500985903,21050.680440424392,20610.368576918994,20853.31912550327,953.9565228941093
2022-11-12 04:00:00,20446.11339773427,20711.07526155438,20195.478409266572,20480.80064820591,876.1864048006543
2022-11-12 08:00:00,20855.167123474894,21210.934979472404,20495.480925777138,20817.027057977757,868.3276721924448
2022-11-12 12:00:00,20698.033055927684,21034.461070608268,20324.115656864742,20790.181652937543,830.8391176301066
2022-11-12 16:00:00,20638.402490344237,21015.419215983602,20249.127027538703,20664.61351297787,1175.3530997858043
2022-11-12 20:00:00,20408.00078958245,20474.210259657797,20400.877979535177,20423.77248982602,1000.4903488656289
2022-11-13 00:00:00,20692.41091927957,20953.672425978457,20499.960872351214,20773.474563816042,939.063749404312
2022-11-13 04:00:00,20510.700660173472,20810.099170089514,20172.807212702097,20485.534041743933,952.7893132292028
2022-11-13 08:00:00,20834.834132225624,21124.027154218496,20812.956613793955,20820.17417066548,1088.046934965325
2022-11-13 12:00:00,20457.30570846622,20809.70775210563,20433.73967094414,20538.484902217355,814.283080481881
2022-11-13 16:00:00,20873.691420804207,20930.08419091893,20578.68826884274,20860.851164543372,933.7249144119447
2022-11-13 20:00:00,20845.620352805938,21131.27013094935,20744.919286904118,20779.495555739682,833.0567628623089
2022-11-14 00:00:00,20344.25428044686,20576.373451950963,20251.445525808318,20305.827715258594,814.5279895282615
2022-11-14 04:00:00,20641.6779842839,21046.734944404794,20200.19767821856,20557.377826532665,1145.322541872672
2022-11-14 08:00:00,20309.26254434521,20403.87232774551,20158.90064795341,20249.078756230934,1054.6293327300007
2022-11-14 12:00:00,20188.550978611605,20609.52237819362,20091.601475994306,20218.268705939365,1092.8210525574427
2022-11-14 16:00:00,20380.13822302234,20609.976489674365,20033.69855673987,20450.69541485318,1168.1304161511985
2022-11-14 20:00:00,20645.795894346684,20851.803378406916,20429.863372928987,20602.20176797549,827.9860793832146
2022-11-15 00:00:00,20521.32136300554,20529.318588215578,20270.489487780087,20506.731812016333,1092.5497674996548
2022-11-15 04:00:00,20210.535504212217,20427.580024848794,19937.88367343416,20269.318392799105,860.1905844978542
2022-11-15 08:00:00,20515.40165280915,20972.486927484093,20295.424199022716,20576.08107467009,941.6760701230899
2022-11-15 12:00:00,20510.158473309963,20777.375265985967,20103.590076638797,20569.54140638711,916.5616728903915
2022-11-15 16:00:00,20188.0665491566,20399.625134727445,20155.385226876006,20271.263221680474,1151.1120918622187
2022-11-15 20:00:00,20536.45736232105,20791.22009063089,20533.790527123183,20539.042610269877,926.5355560105185
2022-11-16 00:00:00,20395.61561319427,20687.73721694982,20196.72228704648,20440.91142238103,1117.3328686970576
2022-11-16 04:00:00,20468.08775367142,20611.961330711267,20101.60203366475,20559.825993674927,1097.9703377968015
2022-11-16 08:00:00,20623.95142915139,20866.579985706503,20241.00339599144,20645.37811447099,870.7908067514772
2022-11-16 12:00:00,20383.948266138657,20630.197582558183,19992.884027715056,20438.758074162197,966.1429386136138
2022-11-16 16:00:00,20023.980540024822,20291.11001988452,19677.265593049913,20100.78083437988,1169.1229110326603
2022-11-16 20:00:00,20070.7108565858,20414.644126645453,19933.10014542774,20084.19342626994,1132.5311533400063
2022-11-17 00:00:00,20026.730647661847,20050.410977250962,19700.995963987913,20027.77813660468,838.3034866422486
2022-11-17 04:00:00,20360.127204905042,20743.65440942538,20265.976675085836,20452.74082796019,997.040130756792
2022-11-17 08:00:00,20148.03755214726,20579.4111151131,20142.37551487652,20229.053828437405,1115.3711723778779
2022-11-17 12:00:00,20453.35119802621,20561.940977802657,20294.194937172255,20472.059704167237,1070.0645401591232
2022-11-17 16:00:00,20490.201371864747,20646.987991562954,20184.454840246457,20491.881571256054,1167.0151983776473
2022-11-17 20:00:00,20476.87170444211,20889.364747618496,20158.20359801659,20536.477727057812,1022.8411568806894
2022-11-18 00:00:00,20306.15800174275,20564.732321510262,19895.95166318348,20297.548872882675,862.1906979576553
2022-11-18 04:00:00,20069.603365232833,20437.602073254504,19759.4917523584,20026.874900812854,959.8620497944717
2022-11-18 08:00:00,19907.32297105223,19986.48380527794,19574.703264463795,19922.323533174833,980.5992379951065
2022-11-18 12:00:00,20479.60545893862,20643.251115789753,20199.20857268278,20392.538114954288,934.4316699673915
2022-11-18 16:00:00,20324.559468537314,20642.103739241633,20023.17034180621,20351.71625014885,955.6531967645881
2022-11-18 20:00:00,20044.111126028267,20095.944606029076,19668.951829692596,20053.397772568384,907.5511210326085
2022-11-19 00:00:00,19930.154433609267,20279.598408180376,19619.844099769176,19941.295714081305,1168.2109220471777
2022-11-19 04:00:00,20429.15791415296,20698.36473661398,19943.93728896436,20338.594852366165,809.4125849572656
2022-11-19 08:00:00,19951.826077533507,20383.6988242765,19580.559914369507,20034.26229682478,1186.2112647146018
2022-11-19 12:00:00,19972.183592112404,20155.836294602446,19753.743597069857,19913.28679903511,1148.7171927987624
2022-11-19 16:00:00,20075.115473804475,20204.281813115573,19595.85175505266,19984.746319292433,1185.6255656772864
2022-11-19 20:00:00,20279.743124438057,20608.81493839415,20120.44651160689,20282.626552662314,1115.94690811168
2022-11-20 00:00:00,19733.1688627525,19993.21556181894,19675.820321673942,19811.843384349788,945.9326175813187
2022-11-20 04:00:00,20017.44550739014,20445.325058237217,19618.41253659567,20065.08030386954,932.0120991069452
2022-11-20 08:00:00,20218.540034425394,20403.16494051639,20212.8929311839,20290.338835487986,1071.572094483399
2022-11-20 12:00:00,20200.9057611787,20564.180233688305,19856.271033804485,20110.142528335364,1084.9846139837307
2022-11-20 16:00:00,20212.299619066118,20504.283055626856,19918.22998511016,20130.323052987987,810.7898027469238
2022-11-20 20:00:00,20002.919666495312,20266.192114399142,19869.68454165812,19984.35463186049,1193.835903259658
2022-11-21 00:00:00,19889.988512139505,20002.444850330794,19774.41938147409,19909.988431831833,1047.8986169131772
2022-11-21 04:00:00,20189.891021577143,20222.691962248038,20068.129219865223,20091.345385171033,935.060024691231
2022-11-21 08:00:00,19975.008290102363,20037.810073582976,19835.444723960773,20037.056516887315,929.3958024655203
2022-11-21 12:00:00,19858.55088221821,20249.88887991663,19743.69727104256,19866.948345605975,873.7490795407026
2022-11-21 16:00:00,20048.519015918686,20320.859376437318,19946.394071020295,20142.324410359193,1087.1300741187856
2022-11-21 20:00:00,20153.10313831699,20188.953766451872,19686.783123800924,20082.642080093356,1115.4712042141705
2022-11-22 00:00:00,19601.420975515422,19610.870375775223,19184.376922713334,19551.041837631565,1139.401378063149
2022-11-22 04:00:00,19873.207068468095,20283.454946374997,19751.97012150661,19905.997275068847,1025.9016987744071
2022-11-22 08:00:00,19695.035635803742,20090.71909691703,19396.84938238746,19768.371994872505,889.5911620483814
2022-11-22 12:00:00,20037.70895795538,20330.111342421016,19767.01694953653,19940.226446329478,801.5506906690946
2022-11-22 16:00:00,19964.06902200173,20100.500790313265,19914.816092404682,19931.3806120019,818.8638144986456
2022-11-22 20:00:00,19815.97078338857,19977.21720012513,19704.413347512374,19799.21668610394,1020.0637869257741
2022-11-23 00:00:00,19874.21319840429,19987.612976374494,19658.38866303351,19875.590991389778,1050.2878110683937
2022-11-23 04:00:00,19782.521810325125,19863.75109462526,19460.205327527154,19727.157456704062,841.4551116760159
2022-11-23 08:00:00,19694.17608283062,19746.766904350647,19376.53325870952,19671.60259134173,821.2525804974324
2022-11-23 12:00:00,19539.171639896118,19663.137144495664,19359.772286927662,19502.01378413816,1044.766509925875
2022-11-23 16:00:00,19888.56216630552,19970.001025955884,19793.199728260824,19852.5330504379,1062.642383763861
2022-11-23 20:00:00,19954.24545207388,20031.253729440723,19923.833041032256,20008.37445337083,1198.291118281267
2022-11-24 00:00:00,19394.696135240552,19441.179677667616,19254.417419774338,19429.5606757633,1010.0608512405576
2022-11-24 04:00:00,19801.336000024632,20204.97849349801,19469.310010524692,19822.162313847042,806.5586795801432
2022-11-24 08:00:00,19484.498089188437,19902.41328315184,19319.303938391666,19565.909357124427,1017.5905621675533
2022-11-24 12:00:00,19806.487953520198,20109.05482932219,19492.0356592565,19807.94570886974,1028.0245424291934
2022-11-24 16:00:00,19329.762079370867,19485.81606315406,19326.837756889046,19424.141009642815,837.2460208865313
2022-11-24 20:00:00,19868.82794045313,20154.66029492623,19621.671717167417,19822.018138701114,855.0421054364837
2022-11-25 00:00:00,19737.224090417945,20115.355449769537,19321.0582270976,19664.143953274826,886.375793761509
2022-11-25 04:00:00,19612.03348816195,19981.28512384901,19366.01461900689,19659.11134927906,877.5193968960377
2022-11-25 08:00:00,19533.429339652543,19644.042001156882,19257.495522993624,19506.154367182644,1041.6353543683647
2022-11-25 12:00:00,19690.924136060767,19981.77718167589,19516.206256395337,19693.602740434944,877.0532652877995
2022-11-25 16:00:00,19602.119266710746,19764.347473680125,19333.874173769676,19524.923644577677,842.3338183155732
2022-11-25 20:00:00,19311.433181321074,19707.214004096186,19046.431091176062,19350.45322097378,1026.6552271171067
2022-11-26 00:00:00,19369.16053827155,19501.1650389211,19163.352756894288,19369.001686894368,960.4135124213527
2022-11-26 04:00:00,19411.01547296694,19759.20783855405,19203.875108447035,19405.19562181719,903.6314602076943
2022-11-26 08:00:00,19447.613886824576,19649.763283352422,19109.949233711333,19512.691767057473,944.028814297412
2022-11-26 12:00:00,19780.48811705878,20090.819564631023,19439.89905964495,19706.25383779912,1040.146721450932
2022-11-26 16:00:00,19699.730508938537,20151.14117427464,19602.56596113271,19780.980366729167,976.0193103544995
2022-11-26 20:00:00,19429.228699004318,19530.883659882486,19261.130004716,19525.548490894187,1025.538888285344
2022-11-27 00:00:00,19690.49750366844,19948.580198439107,19419.952204911468,19701.036546873842,832.4616133882367
2022-11-27 04:00:00,19513.546951643675,19779.5737834568,19194.290025776587,19418.539010394295,1044.705462002506
2022-11-27 08:00:00,19419.878286618503,19530.76735682435,19054.853193610757,19428.14691810001,812.258065935988
2022-11-27 12:00:00,19536.75588471604,19629.817399485615,19384.701322493514,19514.408238593525,907.5405312735365
2022-11-27 16:00:00,19484.837906773104,19563.082314493477,19126.728189943988,19393.348845883065,1053.0061784300142
2022-11-27 20:00:00,19087.336994216355,19348.37582891906,19014.974855630528,19142.704344262143,984.0417132392466
2022-11-28 00:00:00,19518.454681884738,19725.804269891785,19128.39860830773,19440.538411945894,972.4683202051236
2022-11-28 04:00:00,19462.863913890607,19648.574273623493,19271.114238673337,19375.69966081822,886.2170728296337
2022-11-28 08:00:00,19207.100969639865,19279.491924086135,18957.766362562143,19166.258690859897,862.1512452154456
2022-11-28 12:00:00,19504.713653773426,19736.79162360302,19232.955596411393,19597.797916411433,1046.0058412687877
2022-11-28 16:00:00,19521.546125390312,19663.916589403198,19216.21266301431,19541.952074365796,1024.2528737479108
2022-11-28 20:00:00,19331.21800399952,19713.456074222147,18967.999452167587,19242.595096547782,1044.1729184914595
2022-11-29 00:00:00,19476.974496774885,19569.62914422146,19035.477073188886,19405.82205712394,839.6874669735018
2022-11-29 04:00:00,19232.682428524367,19264.01539105722,18996.16117932335,19235.47388301989,832.2387337961336
2022-11-29 08:00:00,19468.888089352098,19488.312197745276,19171.98170068527,19404.36542407515,953.9761933194495
2022-11-29 12:00:00,19524.986507443053,19586.1426567412,19399.8427343991,19535.845464015623,955.7023011734129
2022-11-29 16:00:00,19073.864350506956,19371.649912525216,18962.86723186949,19111.688768325035,868.1022680865082
2022-11-29 20:00:00,19306.60292600433,19655.05661541008,18985.744649258526,19263.796383232842,928.608828539049
2022-11-30 00:00:00,19196.08298092639,19532.32246643543,19048.33133226973,19161.939776361207,887.4968016562435
2022-11-30 04:00:00,19030.803971272886,19389.056531142112,18754.31165162121,18955.13217907684,832.2424031369703
2022-11-30 08:00:00,19046.82567001122,19347.46272588465,19039.502943767657,19081.215322345946,1143.0380489057322
2022-11-30 12:00:00,18935.921477258235,19277.441238868978,18907.15307140074,18911.619717162543,987.3319224085074
2022-11-30 16:00:00,19246.10239085152,19461.628424708855,19025.775376115835,19221.27447931154,868.8284160434425
2022-11-30 20:00:00,18891.777140249753,19260.331327892753,18844.414545133626,18948.262848724946,1104.2133560225627
2022-12-01 00:00:00,19289.24069907659,19487.44967331248,19247.812315056068,19303.234612586406,852.5269362980304
2022-12-01 04:00:00,19266.09548037037,19324.28440145983,18912.52116941746,19257.15984514966,1149.4044042484618
2022-12-01 08:00:00,19303.500022569173,19412.150621974983,19043.439600007416,19280.408886372916,1146.9960317565742
2022-12-01 12:00:00,19385.083644088332,19434.758044992574,19181.869557234837,19350.286740090392,1048.5859852016513
2022-12-01 16:00:00,19075.872487819935,19347.586606170255,19014.736821332448,19153.992495103135,1073.4894048028345
2022-12-01 20:00:00,18908.985529079375,19027.068906374247,18533.554072165396,18914.7042981667,999.89074169582
2022-12-02 00:00:00,19163.009057256553,19459.740393620443,19084.964542486283,19123.931693730083,1100.4728589954766
2022-12-02 04:00:00,18981.719836116477,19388.553770316725,18622.310927404822,19026.7339049046,855.9396447938166
2022-12-02 08:00:00,18944.470976956698,19212.995502530583,18640.93405448187,18981.034894699358,904.4905336122811
2022-12-02 12:00:00,18878.723640629596,18979.860478483297,18658.621136978672,18864.93281539231,1194.7259695737037
2022-12-02 16:00:00,19171.068890107137,19335.335068635115,18845.008410737308,19158.198955521144,956.0144253175592
2022-12-02 20:00:00,18835.568558424577,18909.28578171552,18654.99096545782,18762.414926637208,1026.4507042222026
2022-12-03 00:00:00,18897.913217776255,19015.96589973788,18680.28801320085,18954.48951832065,829.5467762215397
2022-12-03 04:00:00,18762.861992922648,18852.51728525171,18687.873608633352,18701.88024407264,1037.9398728104854
2022-12-03 08:00:00,19005.25299097332,19251.945385992614,18739.561586359923,18992.856725239835,1180.6827204952574
2022-12-03 12:00:00,19177.58507535538,19292.94799734063,18765.880580303783,19092.784964777013,874.6035380071758
2022-12-03 16:00:00,19194.087286752456,19217.467354089305,19126.525822567233,19131.098406738147,826.3624178019264
2022-12-03 20:00:00,18633.074963955147,18752.8751843647,18588.164419476456,18719.466397221193,1015.1359547216763
2022-12-04 00:00:00,18576.425024076983,18738.617420518563,18430.137574949782,18586.7236075981,1123.5522924238905
2022-12-04 04:00:00,18963.280160787905,18967.65966710898,18655.965190910163,18913.735988757955,1192.6638058870526
2022-12-04 08:00:00,18630.79995027847,18715.093851564594,18249.147577835472,18569.381501610173,976.8639484360076
2022-12-04 12:00:00,18828.77679948398,19017.045554053053,18789.655697111542,18921.595212644803,1089.7292034738127
2022-12-04 16:00:00,19065.13885191798,19246.32249517434,18859.691643289836,19030.866808783998,969.0764904692044
2022-12-04 20:00:00,18643.94694721108,18949.12574420821,18298.48142975349,18590.827157307864,1010.7543141263949
2022-12-05 00:00:00,18827.27584599654,18974.5579820862,18756.17486929662,18784.13727167094,1176.1816716242408
2022-12-05 04:00:00,18680.595316635263,18797.841843312344,18374.91424998724,18691.148732127964,932.4463931446215
2022-12-05 08:00:00,18768.86003057436,19080.668282390183,18651.15479468543,18776.237253905572,970.0585863531742
2022-12-05 12:00:00,18714.572122818634,19032.42422031926,18295.67430181703,18649.93299039956,815.3867099030757
2022-12-05 16:00:00,18754.46501310737,18892.04441225953,18531.194290843694,18745.871164312382,957.5268529446205
2022-12-05 20:00:00,18532.500576092058,18636.98477167396,18313.0041745704,18588.831923646467,814.8013601591899
2022-12-06 00:00:00,18863.966708832762,19003.059228107984,18799.057766109963,18916.04473599568,910.0225487560394
2022-12-06 04:00:00,18792.743443600175,18825.68921818788,18446.41828622681,18822.334667265823,1154.9020577789922
2022-12-06 08:00:00,18847.318340197136,19118.301335575612,18789.37154304181,18898.115124034703,1086.3953463704536
2022-12-06 12:00:00,18819.413388355137,19060.566872412735,18595.133577499637,18834.213766485595,1058.6248949167943
2022-12-06 16:00:00,18793.791979399022,18903.430949787453,18548.57589703819,18716.442788077475,801.85974030618
2022-12-06 20:00:00,18563.127166986913,18800.017791356237,18534.196375069852,18650.672898485293,1078.2614099678426
2022-12-07 00:00:00,18607.26091102225,19016.243109011222,18515.97607752707,18648.542968514113,800.5979519274601
2022-12-07 04:00:00,18876.632387987884,18994.274451436053,18751.632493268946,18839.57782534375,1087.760812595338
2022-12-07 08:00:00,18582.536327227393,18975.92763640077,18349.714047272846,18661.74268322311,1111.5651072230003
2022-12-07 12:00:00,18803.35404907753,19003.04062905679,18673.383397152105,18734.47528901536,1005.1512912045116
2022-12-07 16:00:00,18487.803778096553,18811.964313678345,18201.462256115792,18414.916785566376,888.587388261845
2022-12-07 20:00:00,18496.192602884934,18839.186258401573,18166.805646697874,18526.116194180104,1038.960089750035
2022-12-08 00:00:00,18258.259223687815,18431.112112140763,18030.516581103184,18263.544825535875,1194.7844707326105
2022-12-08 04:00:00,18552.265341848863,18631.943812793794,18524.588864061312,18624.780112013384,848.6885076719269
2022-12-08 08:00:00,18306.214735986792,18473.15015183621,18305.546480342047,18340.14670929093,962.6970263496091
2022-12-08 12:00:00,18325.3014197533,18524.78309875568,17949.11255078584,18285.061958645358,1017.7547835158293
2022-12-08 16:00:00,18211.514708533094,18659.68156380823,18038.30332094889,18300.279035145137,1185.793147528661
2022-12-08 20:00:00,18392.312378181072,18683.160972316782,18144.289066129062,18313.58707678857,943.6892775069995
2022-12-09 00:00:00,18541.892323707605,18733.457311734936,18393.983034545552,18608.33459893462,1130.3724404662137
2022-12-09 04:00:00,18675.319681010824,18939.72314481848,18457.773096723547,18677.05317774877,857.0649527777892
2022-12-09 08:00:00,18166.74610077626,18386.489620476535,18087.279152331328,18227.472424854313,920.526021608952
2022-12-09 12:00:00,18678.258777910953,18714.816503278336,18509.85644511878,18695.544659140014,871.4421513201927
2022-12-09 16:00:00,18123.236802746316,18323.27027408304,17934.24674278412,18185.658060612343,1044.7857838169311
2022-12-09 20:00:00,18241.16267304569,18364.712741058975,18027.333820462125,18227.50548040904,1025.8425556699492
2022-12-10 00:00:00,18157.936711223698,18288.96708744117,17826.28709843594,18157.641525012914,803.2818996707748
2022-12-10 04:00:00,18561.82446458242,18616.30914843177,18362.650144606236,18562.602450396713,1177.0519229573379
2022-12-10 08:00:00,18402.582012100742,18444.015890870425,18287.672268655584,18386.736404349023,965.9840800342246
2022-12-10 12:00:00,18180.915304893948,18278.65455743477,17987.479798122044,18263.484997667925,1192.3002079131304
2022-12-10 16:00:00,18310.56897822739,18329.182579202123,18135.685913019024,18281.265661456287,1094.1409243179921
2022-12-10 20:00:00,18113.10850819278,18373.788526258857,17999.700725702307,18067.286735291502,885.2342928934271
2022-12-11 00:00:00,18201.124970461166,18519.159533981347,17953.076455824885,18138.573750894422,810.1251502720763
2022-12-11 04:00:00,18166.567159134058,18528.80846957601,17852.169488256215,18229.921555635265,950.1859239431125
2022-12-11 08:00:00,18307.401308817003,18501.614903181653,18035.06955755991,18301.769214010194,872.56925810956
2022-12-11 12:00:00,18262.247369367455,18438.228831409233,18153.54765392998,18283.16246826884,1046.2733169032829
2022-12-11 16:00:00,18232.487360400002,18373.90449732301,17964.66443085633,18290.290654479446,948.4358957709583
2022-12-11 20:00:00,18367.109775188266,18540.016804951716,18278.452660002662,18310.49650479916,1105.895722263972
2022-12-12 00:00:00,18093.705205986305,18372.880840466365,17945.07275620421,18156.85093634043,1070.46811785244
2022-12-12 04:00:00,17861.85117409491,18151.22539869349,17745.065768004217,17934.711005741476,1197.26541288617
2022-12-12 08:00:00,18314.136250231375,18615.53813216678,17960.877082350402,18270.815223709043,1090.3881455068254
2022-12-12 12:00:00,18321.730656829543,18410.538940404847,18168.07644547266,18275.38309947892,966.3724291462843
2022-12-12 16:00:00,18110.680186811907,18219.024494014313,17864.20356880106,18035.53061076146,1009.6641097436794
2022-12-12 20:00:00,18127.163009468593,18336.629313947935,17837.85792538752,18175.137286729314,914.5192693054959
2022-12-13 00:00:00,18301.35772223729,18455.29054405917,18055.06583039856,18334.480481443774,839.7522021190325
2022-12-13 04:00:00,18149.694388660126,18449.572664546457,17980.486989061785,18077.032221824364,1066.529894894716
2022-12-13 08:00:00,17940.884283605716,18004.696934207357,17885.21761851496,17953.87152183475,1007.2142756110469
2022-12-13 12:00:00,18124.535152741228,18465.349815244328,18079.806691962665,18131.054994911283,1132.5205005565083
2022-12-13 16:00:00,18349.37218349928,18367.7800323057,18215.911156854785,18291.765981897766,1043.4246622740814
2022-12-13 20:00:00,18189.39940428613,18320.966165148748,18009.78168969434,18212.740479524913,1087.6313192272362
2022-12-14 00:00:00,18214.445576270184,18545.252455437327,17883.75690204313,18222.582464255614,936.9507978705517
2022-12-14 04:00:00,18214.60605739258,18362.533063638642,17875.916382650783,18257.956960082534,1109.8067484026024
2022-12-14 08:00:00,17933.361888517866,18362.064463754094,17917.99868378754,18003.572820411857,834.5888373992705
2022-12-14 12:00:00,18038.163836879754,18468.743488425553,17845.878583739883,18120.202893366324,1150.0077022692353
2022-12-14 16:00:00,18028.800766684468,18242.5061797283,17819.032342102902,17962.79427693579,844.7571940074596
2022-12-14 20:00:00,17831.20276165887,17869.55746466287,17652.937491568202,17815.150692785883,894.0629322262279
2022-12-15 00:00:00,18094.225190972495,18424.09605747278,17988.12949474054,18043.82041876973,1170.4633578649325
2022-12-15 04:00:00,18146.826337503164,18260.69804494741,18058.609851336092,18136.367901027388,1188.7260857531942
2022-12-15 08:00:00,17889.220146296822,18089.204500555385,17769.531654747574,17959.39616685264,914.8593664933219
2022-12-15 12:00:00,17788.058321335535,17828.90377741724,17368.735039296476,17713.140352732138,1086.17939961084
2022-12-15 16:00:00,17721.91706862864,18060.050938542554,17667.528728749454,17801.158484182037,1065.7364126838024
2022-12-15 20:00:00,18071.675605652454,18148.793495473466,17760.031367223295,18082.212195004828,818.8745000720312
2022-12-16 00:00:00,17640.463856428836,17691.586778049706,17419.76984051756,17605.709277765178,968.3790660568881
2022-12-16 04:00:00,17825.04336400311,17944.19951190848,17636.802143967456,17891.712893798183,976.0341523945849
2022-12-16 08:00:00,17862.201158451797,18086.498754926295,17578.60924057504,17834.129720303194,974.7494562946529
2022-12-16 12:00:00,17988.803781410516,18211.968929891278,17921.05295991559,17965.66912530104,888.7371456983863
2022-12-16 16:00:00,17770.248379198663,17988.19044231853,17371.086253364458,17698.943474884585,949.767677598495
2022-12-16 20:00:00,17564.661398150172,17694.459032545165,17284.72594306608,17591.144340565465,952.3135049617379
2022-12-17 00:00:00,17916.35434869939,17957.048635321313,17657.983995851446,17894.382796385034,1077.6462386249018
2022-12-17 04:00:00,17511.660980475655,17799.18331549735,17304.297074385235,17534.27345749642,1022.3831762011616
2022-12-17 08:00:00,17948.929439592095,18213.17479142035,17854.109574005568,17997.08684701724,955.6516356753956
2022-12-17 12:00:00,17957.042854272808,18032.69119067347,17646.915287437205,17877.560459991168,888.6197530576516
2022-12-17 16:00:00,17850.806559443303,18045.66748737028,17745.630273271476,17812.67835531526,1035.2859577164145
2022-12-17 20:00:00,17934.213979858563,17937.044845306613,17713.91385367343,17853.542396686742,1003.4234181788343
2022-12-18 00:00:00,17637.725423315052,17859.83883801586,17543.485585792016,17554.080682599713,840.2059995370043
2022-12-18 04:00:00,17781.446747552116,17963.665091538955,17693.449635561272,17808.22226955601,1087.5664969524248
2022-12-18 08:00:00,17809.87189172982,17894.60717396554,17754.15616109543,17868.4766184862,1011.8254326620562
2022-12-18 12:00:00,17454.028157429566,17660.829577875833,17119.80548216623,17450.897062165222,1019.0861296941646
2022-12-18 16:00:00,17839.45348394647,17919.329578209446,17624.430445298225,17887.51849157319,1115.960382915862
2022-12-18 20:00:00,17447.780170181366,17676.876397856267,17185.84635630509,17449.04535225009,1083.9439041607495
2022-12-19 00:00:00,17727.97295732358,18050.674501533194,17620.15711466471,17688.099106774764,1065.7729676696836
2022-12-19 04:00:00,17332.866766748306,17560.331028226676,17241.126675809177,17399.42014989506,1073.6981794516214
2022-12-19 08:00:00,17812.190202785157,18080.899860453366,17637.451531089653,17809.169688224065,1184.5045691993992
2022-12-19 12:00:00,17381.40718423126,17499.431845464424,17349.02592834454,17353.556650623803,891.1398108690399
2022-12-19 16:00:00,17680.5897278677,17752.66947930067,17414.491629962726,17679.228516775784,994.3809115968742
2022-12-19 20:00:00,17741.348989191167,18122.86082365679,17570.26395701586,17826.93041249347,1130.8262681255235
2022-12-20 00:00:00,17283.47096481315,17463.772358006874,17204.001521588652,17351.693846862025,1106.6387941891785
2022-12-20 04:00:00,17592.158764565,17886.80919393583,17366.197340536764,17669.37018213443,870.5412011957418
2022-12-20 08:00:00,17539.27927114021,17691.53337525433,17212.137656338862,17608.522699228866,976.5337831624437
2022-12-20 12:00:00,17537.256021645237,17784.11708800353,17250.744273959597,17528.83724623354,895.3015324947748
2022-12-20 16:00:00,17292.345451698966,17372.30469843209,17050.26685192789,17370.370836512557,969.8384744676162
2022-12-20 20:00:00,17334.658159985207,17604.21394152281,17030.20417584291,17357.323873765436,832.0965341652259
2022-12-21 00:00:00,17447.44419749961,17753.104948840188,17177.914839458514,17417.04441519042,905.9870158155833
2022-12-21 04:00:00,17663.91740702085,17762.435084952278,17648.636308755555,17651.530218500964,981.0362626024532
2022-12-21 08:00:00,17169.243900627393,17309.834217335076,16954.584351934365,17220.308416624295,1077.2236169149226
2022-12-21 12:00:00,17407.079848425128,17663.839753975903,17055.217278703207,17369.30774012195,859.3335431697662
2022-12-21 16:00:00,17556.08940093629,17605.484666799704,17328.87974604719,17485.907673326183,1076.6821196026508
2022-12-21 20:00:00,17498.67944650252,17571.527533370525,17462.08941869936,17512.823013553538,904.6516536904547
2022-12-22 00:00:00,17121.24440961109,17333.07493768455,16886.54894901047,17166.32808022224,1105.0005067235338
2022-12-22 04:00:00,17004.689655722304,17416.87799119493,16846.941295250825,17089.126247242595,1164.0407109471325
2022-12-22 08:00:00,17613.185788848154,17956.018207662975,17456.0883415987,17588.505446858355,975.9744566350338
2022-12-22 12:00:00,17329.657567292343,17522.055817572964,17275.145856174724,17336.454186893967,1152.7298475324217
2022-12-22 16:00:00,17441.706623912516,17727.97236061891,17051.00921599691,17362.725727643046,1052.8112195002648
2022-12-22 20:00:00,17290.320366646083,17551.991317913686,17125.288537255823,17213.59123011338,861.0783250618227
2022-12-23 00:00:00,17145.5435846719,17545.101577011497,17081.015059333196,17226.444792495917,847.5538012879414
2022-12-23 04:00:00,17301.70674410727,17464.704640394466,17136.418012762144,17259.020810059676,973.1396189634468
2022-12-23 08:00:00,17021.220956793648,17141.778452334365,17009.749059796202,17076.10279038655,1193.4459194711503
2022-12-23 12:00:00,16917.380322395453,17017.61348717591,16696.786989438766,16995.988190600467,945.6077106662849
2022-12-23 16:00:00,17190.834223250975,17412.752220548144,17140.03836548736,17174.480061574755,1095.7219164221751
2022-12-23 20:00:00,17232.287531766873,17274.326421646627,16907.03346430997,17234.242390250096,861.1323429893246
2022-12-24 00:00:00,17121.424365398023,17305.079282661805,17044.773813034157,17155.711744618955,912.7242219325148
2022-12-24 04:00:00,17294.85648131227,17447.800321784744,16961.782024694494,17211.02464134733,1070.1629140354805
2022-12-24 08:00:00,17120.55013139337,17155.490373395118,16732.309695846714,17048.803718969717,1144.7543379869849
2022-12-24 12:00:00,17133.147278457403,17348.652734013835,16795.855243979124,17087.36155531729,845.8169968087441
2022-12-24 16:00:00,17083.520114016133,17211.601948868596,17001.141897273035,17144.22354050532,1011.6691833315452
2022-12-24 20:00:00,17376.04332639557,17721.0831883875,17282.487214064706,17304.37758520664,844.218762337462
2022-12-25 00:00:00,16930.10624341011,17107.39333585726,16820.683245611315,16893.376911527674,1148.61573898207
2022-12-25 04:00:00,16956.723637592982,17170.453956934813,16753.407512807662,16904.4016285124,1126.2388399331344
2022-12-25 08:00:00,16963.07736405294,17283.658967285395,16903.52412679495,16929.538444797025,883.321391226406
2022-12-25 12:00:00,17226.773762265202,17453.900869520578,16954.072703613318,17282.248581174314,998.8605155915491
2022-12-25 16:00:00,17035.159691435856,17306.131441010784,16816.40819643842,17093.43212140081,1178.0744465756718
2022-12-25 20:00:00,17066.75092284008,17326.085620956193,16937.705647467217,17032.09697762411,1058.0316357996521
2022-12-26 00:00:00,16782.0777373644,17050.960378502725,16594.20796101069,16820.046270517592,988.5090816823413
2022-12-26 04:00:00,17001.364596722404,17087.691744933978,16814.92898698568,17011.0676461017,891.3664560945533
2022-12-26 08:00:00,17012.713567717707,17323.466144626633,16918.261145800276,16960.09910014666,1095.057205232723
2022-12-26 12:00:00,16788.53225209249,16806.64723451802,16740.049247068328,16784.7929659187,1069.7502961537941
2022-12-26 16:00:00,17038.42094087408,17353.441785421393,16857.027184659484,17079.497003845052,953.6137685191726
2022-12-26 20:00:00,16971.34388325545,17108.850312456452,16952.550181907227,16997.33070764813,903.4723252224724
2022-12-27 00:00:00,16740.610096094406,17018.125812303486,16464.654105631413,16675.372812377307,1028.279685425777
2022-12-27 04:00:00,17050.330169190114,17180.664062968186,16944.75439905888,17004.60174796546,848.0928592780863
2022-12-27 08:00:00,16973.844658542486,16976.98408910236,16878.447996274586,16913.469168178646,970.6157327287951
2022-12-27 12:00:00,16786.637958512612,16968.33670021014,16394.273884342292,16715.15534173247,801.0573573100213
2022-12-27 16:00:00,17168.62902225091,17172.541576858574,16926.110870622088,17148.182792837233,1111.8272494527514
2022-12-27 20:00:00,17055.029635523795,17335.778856060577,16962.983525520962,16986.66363335091,1063.7640034464973
2022-12-28 00:00:00,16708.078954548117,16928.900937790768,16692.627567044576,16769.819281177854,955.2858557910155
2022-12-28 04:00:00,16656.199424876788,16813.738883135007,16356.009989824974,16664.268288018196,1188.4477729906876
2022-12-28 08:00:00,16844.891579075327,17000.451058345796,16600.549985211474,16873.930212065392,1095.8209447774952
2022-12-28 12:00:00,17082.851978602695,17386.57997897509,16792.567699520838,17074.273348130573,840.1127019368423
2022-12-28 16:00:00,17013.37002049338,17022.96931713692,16906.040933875516,16959.263386212184,1097.5441905313742
2022-12-28 20:00:00,16777.524830666636,17100.784361330283,16654.41668260332,16747.012435332097,1081.6759671019126
2022-12-29 00:00:00,16977.032596649828,17313.63520321081,16681.332335736217,16932.70012766692,822.1162348244634
2022-12-29 04:00:00,16934.89888866104,17184.78555560859,16709.766641166098,16868.285253434893,1041.8389421244192
2022-12-29 08:00:00,16967.236279103716,17055.749828185166,16743.509600426165,16971.964761930234,1015.2703958186646
2022-12-29 12:00:00,16730.450864178332,16832.84741469727,16489.29725842488,16755.190538125164,912.7372564084876
2022-12-29 16:00:00,16719.96633739296,17027.50449835194,16516.062067538496,16793.444910083286,1008.4553980210371
2022-12-29 20:00:00,16890.860408079578,17216.56010768375,16637.361414090024,16943.2318635921,1178.7757745284584
2022-12-30 00:00:00,16722.623298861683,16975.739438478256,16454.327646417867,16677.928585592945,1003.5504015794845
2022-12-30 04:00:00,16922.118417457616,17039.739440909816,16775.095094094122,16862.932615825426,937.3653424266763
2022-12-30 08:00:00,16864.51978682552,17034.94254052717,16750.822184645738,16812.293443575127,1117.096750631521
2022-12-30 12:00:00,16541.61946286542,16673.404164956424,16488.406230796787,16598.344716426058,1141.1050718431745
2022-12-30 16:00:00,16569.711353424882,16907.333517696585,16397.220508794795,16612.439598962297,1042.5472102663189
2022-12-30 20:00:00,16717.779712003805,16815.137752678384,16558.099996734167,16779.46283935712,1082.2905656784892
2022-12-31 00:00:00,16339.793870255995,16463.537348281483,16174.606176162039,16400.264843218196,963.6455736477106
2022-12-31 04:00:00,16689.19155065746,16993.2510101738,16544.742941045206,16719.371313282576,935.1332692564837
2022-12-31 08:00:00,16657.475890665668,16752.297815484846,16508.61234232158,16611.984406690222,813.6345852568347
2022-12-31 12:00:00,16700.489245392397,17048.186662484593,16695.573731721004,16759.056846500876,1124.3609921858242
2022-12-31 16:00:00,16381.55954609816,16568.035945167834,16237.580656010974,16347.44488330926,901.2870419934442
2022-12-31 20:00:00,16804.703726776468,16882.77898668026,16759.595571733294,16784.27585722001,1054.645284980825
2023-01-01 00:00:00,16622.85616399669,16803.420267632868,16396.334228599288,16649.315877379446,981.1318748006815
2023-01-01 04:00:00,16612.3629104762,16786.324338698883,16513.50531800306,16681.962251006662,826.9320351428216
2023-01-01 08:00:00,16621.14498332117,16858.531111530367,16385.98011305718,16690.603265037702,885.7547002367857
2023-01-01 12:00:00,16288.95176213808,16562.524034151473,16181.540338215376,16271.483181647276,853.3245593810277
2023-01-01 16:00:00,16384.2476858188,16668.124148196992,16312.07064227993,16316.136050806588,1031.8829884430538
2023-01-01 20:00:00,16463.61084438079,16791.831966882262,16188.19914665524,16435.507696723384,1051.1896999374233
2023-01-02 00:00:00,16378.176285638874,16732.878553618946,16344.840193128985,16440.226435343164,818.5175258030575
2023-01-02 04:00:00,16567.55211676371,16860.476561781434,16403.14149174957,16587.49410424615,1043.4284599983228
2023-01-02 08:00:00,16623.599240345317,16717.204081013704,16299.507228768183,16619.81566316301,1033.8947827530865
2023-01-02 12:00:00,16717.69042621261,16976.956230223168,16689.36229845245,16729.687959946943,985.9189018786052
2023-01-02 16:00:00,16676.7017476317,16817.272543842188,16602.907683144622,16755.042965102326,912.2390684209304
2023-01-02 20:00:00,16304.138636287655,16541.3551690399,16176.748382948148,16329.159600732773,1068.878775031634
2023-01-03 00:00:00,16774.462320855044,16940.6319462836,16556.962300475363,16851.183921917895,1031.4546339717476
2023-01-03 04:00:00,16673.49515797878,16939.12040344777,16557.428657180622,16692.61867250444,1107.2458461520744
2023-01-03 08:00:00,16587.76744914793,16803.299645853276,16313.894878553689,16617.061473083584,943.0621675982552
2023-01-03 12:00:00,16742.091457521245,17031.684985668304,16687.660660494454,16689.74770134051,1046.5073486852978
2023-01-03 16:00:00,16893.917256105775,17041.06011011831,16821.857921115214,16867.51762259104,1111.740306376983
2023-01-03 20:00:00,16457.972965250785,16692.875273725767,16377.911381363761,16398.739729265653,911.4933079349269
2023-01-04 00:00:00,16547.99191742138,16628.380132030255,16506.304445796504,16507.519025541736,1159.3238175462977
2023-01-04 04:00:00,16922.14931194866,17182.645882571265,16696.289957704746,16934.079436674234,1140.408065881008
2023-01-04 08:00:00,16735.761923052392,17013.311979874597,16399.197600803913,16730.95658103487,895.5460418068924
2023-01-04 12:00:00,16653.847336475676,16833.652389768184,16420.862687621655,16626.2804312353,980.0737240603054
2023-01-04 16:00:00,16889.159823124304,17234.00462878323,16621.222705038876,16935.051835559505,1071.4821065688943
2023-01-04 20:00:00,16869.121242103258,16964.69508221286,16635.123057573986,16919.541419877198,885.2000438053253
2023-01-05 00:00:00,16805.18924766759,17023.647160485958,16622.916711631216,16844.522500656072,1077.6833710583167
2023-01-05 04:00:00,16634.723629526503,16764.08116561649,16311.597736352614,16604.949700595174,916.3323429950738
2023-01-05 08:00:00,16804.287631803392,17038.744159660848,16502.873428819934,16780.573596361697,1107.1841179029288
2023-01-05 12:00:00,16914.86593936429,17068.906857984584,16696.29954358247,16962.568093208643,890.9457518646001
2023-01-05 16:00:00,16726.99369830569,16854.08013224037,16528.58948874455,16781.971671966283,996.5188479548972
2023-01-05 20:00:00,16974.704217681396,17064.39482018287,16887.779228206768,16921.431653747113,1159.4955491985934
2023-01-06 00:00:00,16646.464603297958,16729.962951846104,16492.540981949813,16688.83051913053,941.9962414071646
2023-01-06 04:00:00,16736.407870052266,17054.570538950786,16470.116879760946,16655.097899519442,879.6272296216648
2023-01-06 08:00:00,16594.90381267487,16618.968853753937,16375.179551251285,16614.046077204057,855.621384426875
2023-01-06 12:00:00,17070.45182836264,17194.812255311957,16741.69303593514,17064.415099264075,920.1259158317813
2023-01-06 16:00:00,16754.040327367275,17162.66714386128,16658.844473337784,16829.187248883332,898.8119506299544
2023-01-06 20:00:00,16967.817662552818,17080.948564716466,16636.301751322917,16888.318392662728,1035.1357256753345
2023-01-07 00:00:00,16865.12992907845,17106.647111845297,16645.020338095917,16905.905377098854,1040.3678470936095
2023-01-07 04:00:00,17106.754075971374,17438.615316575924,16862.599027934117,17139.27225595404,1019.4939332558123
2023-01-07 08:00:00,16722.553178801172,17024.42432635735,16477.280159850703,16715.848278075737,899.0864077214129
2023-01-07 12:00:00,16850.318851129312,16996.054871122986,16450.62557385633,16773.183071375854,991.2156250563669
2023-01-07 16:00:00,16748.35360873509,16892.966588385836,16528.78712144218,16749.081510009073,1191.6339464659968
2023-01-07 20:00:00,16633.579235530928,16901.137552604294,16522.167940161627,16688.154375050068,845.8206336173555
2023-01-08 00:00:00,16824.167801963016,17071.71048888358,16676.120501842608,16832.814904051276,1046.1891966676044
2023-01-08 04:00:00,16988.497008567003,17151.684975919467,16673.22596432428,16904.935624262787,1044.0255621849685
2023-01-08 08:00:00,17131.345199517935,17313.325976813434,17048.263039148365,17155.154934125563,982.5814930044558
2023-01-08 12:00:00,16712.513648447624,17083.991280823786,16572.471756490515,16772.657333521074,827.5699926026332
2023-01-08 16:00:00,17052.225636129882,17200.247375690844,16821.104153031763,17122.78408665538,916.3237733131223
2023-01-08 20:00:00,17174.55331200113,17251.522481964603,16877.04833537087,17137.002667336717,875.2266934980441
2023-01-09 00:00:00,17307.912804913183,17382.900569437636,17182.56840543993,17279.9378944991,1135.5033603255083
2023-01-09 04:00:00,17072.445811077152,17390.781896629116,16671.742364304293,16997.786007132727,1173.9276673609259
2023-01-09 08:00:00,16956.81646664706,17161.265587825972,16718.94782223085,16895.524376118556,1118.4462133452469
2023-01-09 12:00:00,17140.252303103935,17399.85314243669,17067.670446381246,17107.378557683325,872.9036392841039
2023-01-09 16:00:00,16974.806970738635,17114.47474164357,16843.165232151037,16976.67278739523,919.6329159996442
2023-01-09 20:00:00,16961.907408870935,17132.686770664535,16643.077712359736,17040.82012865338,1098.026135938208
2023-01-10 00:00:00,16938.081667348695,17269.066831146858,16686.570639857506,16941.9884092524,1102.0668239910542
2023-01-10 04:00:00,17290.48718302105,17596.149315783066,16973.87914991481,17329.812685368688,1119.7388157814225
2023-01-10 08:00:00,17053.48283757305,17349.12693731688,16825.36456424053,17018.53607806137,994.3486807633894
2023-01-10 12:00:00,16988.475684533965,17347.095874994702,16735.450760630312,17018.761961846758,969.1903395991146
2023-01-10 16:00:00,17165.17857705799,17559.667119130856,17097.013458878057,17233.992072669018,1059.4343887573064
2023-01-10 20:00:00,17070.421436991885,17200.773269829126,16834.839031858144,17155.461167750313,905.5285074233716
2023-01-11 00:00:00,17169.562099178296,17409.81593660519,17156.20104215927,17183.791217398204,1156.911954818493
2023-01-11 04:00:00,16892.33208012317,17139.68898459791,16606.540612086228,16968.66547959908,1039.8779376059317
2023-01-11 08:00:00,17347.682913492263,17685.800596727735,17313.109009744738,17399.878894900663,848.7660519695091
2023-01-11 12:00:00,17099.843896923376,17487.333558048653,16839.26298326176,17157.405781580306,893.7272292666152
2023-01-11 16:00:00,17507.84804329522,17566.126441270462,17358.620554249523,17424.623570181626,934.0719011138425
2023-01-11 20:00:00,17156.376151734235,17240.251255911247,17112.156376703188,17173.169384467787,826.4070687468185
2023-01-12 00:00:00,17455.232758745846,17599.952115487304,17364.5861123802,17388.824352311807,1010.6935115525649
2023-01-12 04:00:00,17184.305355631594,17380.696871594515,17153.292274183274,17186.09394950615,923.3873294821124
2023-01-12 08:00:00,17097.11765020056,17304.678214183605,16852.178098110788,17047.233811568207,816.4568265566388
2023-01-12 12:00:00,16956.05687126582,17095.747246541305,16786.75333072315,17033.389605257064,838.5007990752432
2023-01-12 16:00:00,17110.58108125347,17158.45948641066,17057.095094608652,17096.65911503498,840.1826146978286
2023-01-12 20:00:00,17501.184983270105,17638.051202747873,17230.728114391546,17490.668211682696,878.9678681110714
2023-01-13 00:00:00,17615.733150527445,17667.549647590073,17283.183204652632,17547.974615364565,952.9684456243452
2023-01-13 04:00:00,17415.73661043705,17738.722613278893,17240.433439431097,17341.577951446237,1129.204237208432
2023-01-13 08:00:00,17648.821584538913,17895.505211268002,17491.54654668646,17571.174210304238,1128.1508856221276
2023-01-13 12:00:00,17480.894952851588,17773.779166013515,17359.211605549626,17550.806184762932,1089.4174635005204
2023-01-13 16:00:00,17516.356485843655,17649.85628409542,17197.28650386683,17487.77901804821,853.0605823404411
2023-01-13 20:00:00,17205.513512147387,17534.539462700468,17116.121852573382,17285.286510962356,839.3062830113527
2023-01-14 00:00:00,17341.805611392516,17676.818472657724,16984.953141162976,17304.002669590955,836.875902538783
2023-01-14 04:00:00,17510.30260630549,17548.846347839557,17250.408139478757,17543.305166070037,1005.6333058631307
2023-01-14 08:00:00,17233.855199493402,17433.931546844982,17154.295614200484,17259.235249976173,1048.9262138807553
2023-01-14 12:00:00,17359.367548212875,17497.24482722797,17204.90900986143,17429.33623701308,848.0145965486154
2023-01-14 16:00:00,17340.063909736076,17586.071655205997,17277.48645760065,17325.733446282396,970.4231804014532
2023-01-14 20:00:00,17325.029453514777,17595.873743432818,17125.44380142172,17272.967095009102,1037.35878801599
2023-01-15 00:00:00,17508.722086429796,17800.592978801087,17486.107228245168,17586.043342335983,1178.8979881912603
2023-01-15 04:00:00,17632.887174445113,17851.545024669995,17514.34325645127,17669.3448092183,1020.3972564088962
2023-01-15 08:00:00,17669.227581669533,17804.240245699784,17427.259199780794,17689.204033243965,930.915690098387
2023-01-15 12:00:00,17466.535301569686,17817.83398030316,17334.30557690055,17511.83010422428,1179.793798333688
2023-01-15 16:00:00,17718.889339695677,17958.79078506924,17336.842770874155,17669.003753286575,1088.6474581499351
2023-01-15 20:00:00,17302.482290414704,17381.238073017535,17267.71944754506,17276.17290046364,1166.2673498173115
2023-01-16 00:00:00,17720.1810195999,17972.836030426497,17416.276306560037,17677.265444970853,1188.6279273780606
2023-01-16 04:00:00,17694.424462700455,17866.5732720506,17522.114831298542,17608.045338025506,913.1487763367463
2023-01-16 08:00:00,17395.070287971506,17446.968116715452,17203.933279341472,17404.253706361957,839.2188003186233
2023-01-16 12:00:00,17583.377444838938,17839.29705997997,17384.950869515615,17646.761411012136,1107.7596965734315
2023-01-16 16:00:00,17569.115151730606,17845.977150391725,17233.06699868601,17502.03921962611,862.1417908499656
2023-01-16 20:00:00,17648.190698085433,17909.842872981924,17606.711782087947,17631.45190866017,823.3950194177087
2023-01-17 00:00:00,17774.454857764686,18007.30911497278,17379.460447687958,17695.727092385278,1159.4876334001035
2023-01-17 04:00:00,17554.897493736367,17859.027617478798,17448.230568702933,17642.544240346986,1169.2041205039718
2023-01-17 08:00:00,17415.201513907166,17764.48317556031,17105.232548419866,17481.760781547364,980.1634487387615
2023-01-17 12:00:00,17694.89686885623,17889.413512496296,17427.5975675484,17712.56758338397,1165.223112472136
2023-01-17 16:00:00,17780.084333677227,18028.706350937264,17507.633495403254,17706.748849759766,1177.3615500100348
2023-01-17 20:00:00,17463.845493628753,17559.51486998856,17109.776804134508,17458.908967361323,1156.1062740764273
2023-01-18 00:00:00,17846.869194295345,18114.081179299832,17790.349216820312,17826.271835214266,1092.004359216293
2023-01-18 04:00:00,17673.201699206948,18065.37406529839,17420.633022818107,17720.642770413553,967.7434621336193
2023-01-18 08:00:00,17839.75637759337,18245.122911762362,17688.587786566375,17898.876011050404,1143.7376764125468
2023-01-18 12:00:00,17950.88978739874,18242.23102643748,17640.749943172563,17866.494072128145,1005.3937242850436
2023-01-18 16:00:00,17723.730591514122,18002.54724550572,17374.37473590087,17655.180472278906,1168.4752487968494
2023-01-18 20:00:00,17950.360848851884,17983.77116049251,17807.110957837005,17903.461762697258,849.3231162207172
2023-01-19 00:00:00,17741.98421143503,18026.211811196303,17499.8818484206,17698.842872547353,1023.87438393195
2023-01-19 04:00:00,17663.08509993231,17680.947008711617,17315.569535443537,17621.079545817807,1114.3600716272674
2023-01-19 08:00:00,17507.87751553392,17839.248746166966,17499.845143898227,17573.63656462246,1137.2736648504056
2023-01-19 12:00:00,17579.037849389257,17854.33032266084,17248.938541728647,17620.334624606756,832.588005553005
2023-01-19 16:00:00,17546.100574655477,17742.305223932006,17197.507967547066,17540.73479115438,839.0874537004746
2023-01-19 20:00:00,17630.317626236494,17704.596927636092,17455.70954093293,17546.592780174593,863.8958536056153
2023-01-20 00:00:00,17977.867361294997,18039.103189660058,17755.611123462604,17962.54285307852,835.0100631821397
2023-01-20 04:00:00,17775.074112012768,17960.502916189904,17687.4027170311,17810.068315709515,1056.6546492109815
2023-01-20 08:00:00,17714.6792688822,18066.66063191426,17475.14620662201,17730.749221073733,949.3216054036554
2023-01-20 12:00:00,17763.390815731927,17976.213848858235,17733.676478463083,17774.778879003006,1041.497002984338
2023-01-20 16:00:00,17781.188309132707,18124.660770960858,17548.361080037103,17725.95124508049,878.9874044864072
2023-01-20 20:00:00,17727.12758564807,17961.975070728342,17550.604076468444,17793.092039841722,892.5447211081994
2023-01-21 00:00:00,17916.147556429725,18116.759255528847,17822.908001367054,17967.748203384217,924.0633902678496
2023-01-21 04:00:00,17844.524319882054,17923.605553344598,17544.90491426409,17892.934561347698,1004.2485476713103
2023-01-21 08:00:00,18008.677022164553,18365.83055459223,17626.840771187002,17936.261751083755,1138.1232240683628
2023-01-21 12:00:00,17988.59183305641,18060.21826227297,17637.425981091044,17979.959426897312,866.7927094199483
2023-01-21 16:00:00,18005.50791128483,18049.708822138808,17776.30936027211,18036.020530954986,1070.6927237732916
2023-01-21 20:00:00,17811.776900957077,17854.334749443435,17701.858927294565,17737.296954920876,1116.198752953182
2023-01-22 00:00:00,17976.78740573781,18213.917751956084,17746.585461966857,17969.86048267782,881.2112122858397
2023-01-22 04:00:00,17791.855967631254,17905.405038203844,17674.324620886895,17843.73956522711,806.7431018654429
2023-01-22 08:00:00,18149.49300568801,18311.592968719055,17931.638781160127,18111.963887732265,1002.124896773284
2023-01-22 12:00:00,18174.92861632141,18342.795757248743,18075.240290912578,18115.369882585925,908.4921615194826
2023-01-22 16:00:00,18099.38412215373,18187.915339452906,18022.1970004531,18088.00730386955,924.1038360806403
2023-01-22 20:00:00,18001.559689649675,18356.88510050037,17655.25876837119,18073.17571842702,1019.3165503105696
2023-01-23 00:00:00,17999.20221085555,18309.471348525753,17877.45565959814,18037.758266540404,918.2568201533468
2023-01-23 04:00:00,17840.080059301556,18225.738899857504,17820.485683736053,17918.862032199228,963.071878894969
2023-01-23 08:00:00,17970.901652463395,18254.586755337503,17962.50882935209,18006.25510518095,844.9404266837821
2023-01-23 12:00:00,17851.188037690245,18043.70900372906,17712.77112901832,17805.19153407651,1110.3603621803477
2023-01-23 16:00:00,17995.798390119453,18071.847079375835,17922.77519871755,18048.26427577595,825.9590284442983
2023-01-23 20:00:00,18013.978719336224,18357.72773014668,17907.34361170046,18074.101316168802,1134.42309969779
2023-01-24 00:00:00,17821.674266062335,18072.111020653036,17526.329238238217,17873.837577649094,1055.073827077558
2023-01-24 04:00:00,18316.211763567135,18372.450606635983,18147.932048753937,18322.40499376712,1002.6211305621562
2023-01-24 08:00:00,17770.659404039965,18136.601518368287,17642.819546990133,17844.5178859659,1116.8948070210245
2023-01-24 12:00:00,18012.965280310294,18393.48226695752,17683.0156149262,18052.071237269713,845.8416832017058
2023-01-24 16:00:00,17835.67902269413,18071.283507870805,17798.700703914896,17867.4413676922,1144.2200969917176
2023-01-24 20:00:00,17974.077256405297,18077.48589406198,17717.626190835825,17956.62119825803,1005.7387182606359
2023-01-25 00:00:00,18074.957492255682,18325.020522584553,17738.729503649683,18072.523852457398,850.5533341398888
2023-01-25 04:00:00,18240.043779835458,18604.149284966905,18072.14512658526,18170.60969547596,1157.1061663018243
2023-01-25 08:00:00,18377.338808226912,18664.759904996325,18026.641140770225,18418.519610475963,1058.0619055456507
2023-01-25 12:00:00,18399.56472429156,18556.72590341936,18147.511102271943,18337.829397225476,989.2116380741945
2023-01-25 16:00:00,18188.432913644112,18425.4363784295,18012.73694424329,18143.5326173619,852.8743094708271
2023-01-25 20:00:00,18127.912909301063,18223.824781998206,17957.3155883183,18061.621637854874,835.000814025631
2023-01-26 00:00:00,18385.80210772698,18412.61795516241,18017.741908519398,18367.467802804695,1112.0126929118924
2023-01-26 04:00:00,18209.14600211126,18599.701711573598,18144.142111368765,18278.29177063244,961.2777620254712
2023-01-26 08:00:00,18228.720063466382,18535.238418938105,17805.015867958762,18152.313155067193,1042.5589014481984
2023-01-26 12:00:00,18051.850578641526,18244.49866978801,17996.156253066732,18074.822584466296,1115.075926255881
2023-01-26 16:00:00,18504.07310398063,18562.59529811708,18362.973401976305,18485.018903540975,973.2552567740239
2023-01-26 20:00:00,18134.732330720417,18292.458243164885,17763.62985942782,18088.221371669315,986.9631007879653
2023-01-27 00:00:00,18282.849598979315,18335.13851939663,18080.011356293242,18213.947075327356,1126.139508643542
2023-01-27 04:00:00,18414.846208124945,18652.429755183544,18412.47838688565,18478.308434411792,1108.8879325819235
2023-01-27 08:00:00,18135.632477968207,18344.73504959081,17972.31452208613,18156.63837143515,1066.5717722536174
2023-01-27 12:00:00,18408.543814728368,18618.929893214106,18056.987645571407,18396.54303213258,818.1858322288041
2023-01-27 16:00:00,18495.438025945987,18581.243209053864,18141.937336446375,18493.48317758189,1042.3366241774454
2023-01-27 20:00:00,18548.554789776674,18636.772445409017,18370.716213567222,18530.447136469615,1130.9650990933856
2023-01-28 00:00:00,18211.591364857293,18449.355006200443,17991.95395898479,18261.967708315817,848.9279784272683
2023-01-28 04:00:00,18516.696922845826,18879.84447372087,18258.64605266911,18557.371941723806,952.5253412148973
2023-01-28 08:00:00,18548.933456146253,18742.14008793149,18348.83186190412,18584.21855882555,900.5749825324297
2023-01-28 12:00:00,18605.51991996318,18708.78413368916,18260.877225141856,18573.18956650779,819.9111702441837
2023-01-28 16:00:00,18314.558855617095,18397.83382222188,18247.11829033937,18379.535614742694,994.1279889439131
2023-01-28 20:00:00,18203.519180685897,18440.409778509544,18091.515407808078,18232.879318978637,850.5672996943161
2023-01-29 00:00:00,18447.21504913132,18607.366822270596,18180.38676605056,18488.159315587203,836.2772945376162
2023-01-29 04:00:00,18576.03526589205,18580.31636819909,18308.95631637985,18488.25852793032,883.9111926780661
2023-01-29 08:00:00,18313.240613654474,18332.267217763554,18104.541789307532,18284.636101689684,980.1179557546811
2023-01-29 12:00:00,18782.342320422402,18934.272378038568,18706.047280893534,18722.314645900828,811.3046423253427
2023-01-29 16:00:00,18796.98715670412,19046.458505526534,18505.18654029326,18725.592363742966,806.2474258136094
2023-01-29 20:00:00,18500.714176082936,18867.63911932038,18145.405545109326,18454.838354989006,946.2152808915605
2023-01-30 00:00:00,18606.813488878903,18929.961096591967,18300.474127657828,18689.417771539756,1102.322175439132
2023-01-30 04:00:00,18430.696108475062,18718.185730845693,18165.551008339506,18479.28452689412,1184.133197200224
2023-01-30 08:00:00,18411.999527344367,18494.18224008494,18373.286269068067,18453.833392332166,1081.075616301649
2023-01-30 12:00:00,18676.79956307858,18945.12233058633,18462.055038001774,18749.76232916124,948.1018194843743
2023-01-30 16:00:00,18252.223688701793,18443.122174081742,18106.68617988711,18294.71042629832,926.4963929805884
2023-01-30 20:00:00,18581.839299949534,18927.171410959083,18186.83782407139,18547.68032587511,1094.049999080589
2023-01-31 00:00:00,18655.1787410321,19019.202083921446,18390.307698110526,18606.723875564592,926.2393629036059
2023-01-31 04:00:00,18592.678892221073,18907.03326025956,18276.69096557402,18668.88091805675,935.0899359485463
2023-01-31 08:00:00,18667.72606781842,18708.605145332847,18607.96308849848,18631.409644230895,870.6804645747784
2023-01-31 12:00:00,18459.357440152442,18911.34214744251,18138.513324343494,18543.357444756562,866.9058062134666
2023-01-31 16:00:00,18461.39340503095,18641.501928888913,18433.564910792273,18461.368999642254,1193.121952028691
2023-01-31 20:00:00,18533.473684456454,18676.300771001534,18467.980714692592,18535.235847368258,1138.8637666165594
2023-02-01 00:00:00,18667.82860168238,18943.064555185996,18429.826637639973,18657.73586540446,888.7739332278512
2023-02-01 04:00:00,18671.11042121395,18782.568137168022,18367.626766954756,18744.80424616667,842.8591185179555
2023-02-01 08:00:00,18498.43547560898,18605.047790933786,18425.402457885153,18465.399744297076,1068.1519295679798
2023-02-01 12:00:00,18379.24710741496,18582.31850238777,18152.024599510183,18409.028628348817,1126.0444250838839
2023-02-01 16:00:00,18374.532230824174,18698.90132079282,18228.750060578182,18413.55642939039,889.7627037106049
2023-02-01 20:00:00,18735.24505805185,19154.76605243903,18404.01338927671,18797.48487624339,889.8118848571203
2023-02-02 00:00:00,18535.566404280293,18848.42370718741,18427.5698928059,18550.010953005087,1090.3848609091608
2023-02-02 04:00:00,18742.133146705073,18927.642987946267,18485.478156438498,18687.127434827744,1058.4471697116905
2023-02-02 08:00:00,18824.51825241009,19023.68011526949,18689.519011833807,18800.81413738051,987.9009435318231
2023-02-02 12:00:00,18836.411386763393,19273.798473964125,18674.36234554708,18913.522685285676,993.8586810100975
2023-02-02 16:00:00,18789.025090247935,19086.103458828606,18563.42777320845,18796.166596917206,956.527963236148
2023-02-02 20:00:00,18691.37719113544,19061.373357351647,18601.3129063135,18758.15013861041,1091.9831831472152
2023-02-03 00:00:00,18730.045381310938,18995.18632311468,18361.61194591738,18822.483859155018,888.865507166032
2023-02-03 04:00:00,18812.749154310455,19026.592210268023,18646.653620410354,18727.13482547923,1066.957980764281
2023-02-03 08:00:00,18571.325747948194,18683.70253818739,18284.295567011686,18633.26566088516,1135.2765419057348
2023-02-03 12:00:00,18732.564312501563,18828.722527096234,18623.431033348348,18740.325554084888,1101.4952549474121
2023-02-03 16:00:00,18575.72391326748,18695.80830438725,18229.75467108795,18531.27254627072,1076.3625722691725
2023-02-03 20:00:00,18661.446359675636,19002.726336068,18420.078707458346,18676.980311754516,993.606153558504
2023-02-04 00:00:00,18965.42412833811,19161.556954901345,18708.385589473248,19000.816599532303,1059.0106422523504
2023-02-04 04:00:00,19053.460365651907,19424.30129881355,18915.930328306647,18973.51721861532,895.5520276148284
2023-02-04 08:00:00,19001.86040558992,19104.82612460143,18839.578334174417,18982.08450287557,1112.7168392679075
2023-02-04 12:00:00,18777.059016745137,18993.809932996974,18404.30271244529,18827.289297421845,1160.510204341959
2023-02-04 16:00:00,19108.12705438397,19251.279574151435,18860.376011945078,19137.818682435256,928.6681236432314
2023-02-04 20:00:00,19003.904763403923,19405.143199480608,18768.74657984449,19078.515992644163,1100.78067997182
2023-02-05 00:00:00,18833.329457842294,19007.313488601296,18690.745008478327,18869.61182702922,1062.9142879746498
2023-02-05 04:00:00,19163.706650734322,19376.632605802264,18787.47219586935,19188.892919452366,888.558625728522
2023-02-05 08:00:00,19081.898807143887,19252.60324627361,18782.135280173534,19174.694877169724,846.1639521627158
2023-02-05 12:00:00,18804.22734668255,19125.542199298157,18561.98609806605,18780.97849996201,1054.0321785191963
2023-02-05 16:00:00,18881.308392889143,19134.35644947301,18678.49461241021,18914.22054039163,1117.5173825350394
2023-02-05 20:00:00,18718.273500671712,19022.56863495039,18362.59849017681,18742.18920116739,1196.426194020989
2023-02-06 00:00:00,18979.65412267789,19213.42528335739,18684.25693551037,18932.07768295209,1113.75243673072
2023-02-06 04:00:00,19016.530859065337,19364.889929709494,18740.21917772474,19056.615108177277,1049.1935748571314
2023-02-06 08:00:00,18816.864340908698,18960.706141236482,18498.22776687117,18881.10907517563,1043.3641046857354
2023-02-06 12:00:00,19330.224772888956,19531.26695098423,19113.85561128712,19238.366396017078,1091.8258572109698
2023-02-06 16:00:00,19152.847327266492,19354.12790411278,18911.270893599725,19186.80702049812,1030.0954867382873
2023-02-06 20:00:00,18902.34858951267,19176.293309140336,18851.934287486907,18890.55107824031,982.9004391672614
2023-02-07 00:00:00,19039.022959117076,19062.659176771354,18904.065369422933,19010.30347945089,1017.8485508233852
2023-02-07 04:00:00,19067.90986178348,19089.134837428875,18714.03716041964,18979.58151072201,1176.2410336609103
2023-02-07 08:00:00,19157.61293038457,19233.375410860677,19023.310842843126,19197.356787320343,1105.3169751146768
2023-02-07 12:00:00,19349.190329948215,19713.38174189356,19188.147853909566,19347.258457233198,802.5205334751121
2023-02-07 16:00:00,19251.92257529381,19481.989383041466,19244.71254900386,19274.045983716733,1175.6270845080649
2023-02-07 20:00:00,18957.611902038767,19302.34197290096,18817.17448682792,18864.258268060006,846.8438483327008
2023-02-08 00:00:00,19330.568275527316,19540.540334901863,18980.543610696892,19424.96028212837,882.8536800538557
2023-02-08 04:00:00,19087.624434044632,19416.76323332416,18790.64127298647,19085.764104054797,1171.2676501225312
2023-02-08 08:00:00,19370.130223640284,19467.58803108549,19352.48114572453,19429.73261403798,1158.7133965184203
2023-02-08 12:00:00,18868.32110567639,18934.36805810392,18742.85721546809,18880.792878421133,1175.28888477504
2023-02-08 16:00:00,19417.71014125542,19640.6705491526,19227.831447198507,19441.811821073672,844.6392196199882
2023-02-08 20:00:00,19383.89750000048,19765.63282774905,19268.474479791934,19374.054993027672,934.6086418506193
2023-02-09 00:00:00,19271.020167598115,19455.293199696942,18953.876515677806,19246.77076756904,875.7109819959161
2023-02-09 04:00:00,19335.37951243424,19530.40875305863,19287.73512927614,19430.210174326767,1145.7416673581397
2023-02-09 08:00:00,19520.726562876298,19680.261522363682,19397.07118819596,19481.960201580827,859.7896256771533
2023-02-09 12:00:00,18961.888058995373,19388.669759781435,18850.851398168652,19054.94084399697,1054.1443340588019
2023-02-09 16:00:00,19031.39062894921,19219.62289536466,18724.99479013477,19100.202911140605,1177.43760288751
2023-02-09 20:00:00,19147.181651997744,19165.62324664829,18924.254539534046,19075.240633010624,863.4396745863367
2023-02-10 00:00:00,19517.951351469666,19569.379530294067,19410.656741438826,19448.006389383696,894.3304986157492
2023-02-10 04:00:00,19286.797022471765,19566.96040961899,19214.151364411195,19339.73607541905,826.984098572403
2023-02-10 08:00:00,19026.691482826336,19028.127074791948,18733.11974788435,19026.45949035491,854.8378224200928
2023-02-10 12:00:00,19228.185423787854,19601.985173251553,19134.614357999744,19280.384820236683,1098.952782189017
2023-02-10 16:00:00,19377.648955835368,19595.265466754103,19306.99651289705,19441.911832185575,883.2566749210936
2023-02-10 20:00:00,19255.93919299269,19698.900654216806,18998.778908925186,19320.37476478925,1037.4046432850137
2023-02-11 00:00:00,19605.07249463961,19674.133766426934,19337.487632663077,19528.72523855024,1073.233358450845
2023-02-11 04:00:00,19205.727336149812,19496.02541765377,18971.750451344124,19193.306108089437,1144.1575211890051
2023-02-11 08:00:00,19295.33947430221,19487.06942682317,19070.083893629777,19258.469990363268,1057.465682424833
2023-02-11 12:00:00,19406.968393079722,19696.04620322494,19114.91362016795,19409.62342672164,1015.9486666063632
2023-02-11 16:00:00,19507.521063033993,19711.648643245622,19251.615356561466,19581.078290845973,835.0830488880629
2023-02-11 20:00:00,19309.486769114967,19334.662728150444,19134.454888874618,19232.597800126314,901.6087838139766
2023-02-12 00:00:00,19523.53289748918,19808.071990593373,19231.43029748064,19496.21568963402,1072.8419209432898
2023-02-12 04:00:00,19562.9557131689,19920.75715948393,19105.440223827554,19489.553199675112,899.6268829864424
2023-02-12 08:00:00,19302.793859452297,19411.974693716384,19221.861579588513,19352.172145724024,1073.446987555703
2023-02-12 12:00:00,19459.070853015004,19695.277185590683,19093.791563950486,19455.838953475642,1008.141070996986
2023-02-12 16:00:00,19318.226093205856,19428.972516994854,19151.78502988245,19290.8147955868,883.0265618137532
2023-02-12 20:00:00,19518.64819863335,19656.89158647473,19274.330190081833,19443.016225625244,1057.265111113701
2023-02-13 00:00:00,19563.510378876577,19690.867370057415,19396.9309629254,19487.14283201179,993.0738875301781
2023-02-13 04:00:00,19525.872542053337,19754.333150531027,19389.72245664958,19596.434476096172,861.8512847933131
2023-02-13 08:00:00,19649.40590277907,20028.277682995802,19496.803224009127,19560.365851276016,1193.4047322013355
2023-02-13 12:00:00,19415.79437984888,19470.93456415667,19153.468096497334,19359.142044517605,811.7536720639191
2023-02-13 16:00:00,19644.31365974833,19831.819328200127,19639.180294283324,19683.200975925487,1111.0881149214033
2023-02-13 20:00:00,19503.853197830445,19751.077530170496,19288.10840728235,19454.32383705163,956.0911876116945
2023-02-14 00:00:00,19447.363906316605,19625.87496453231,19196.068697745104,19405.260635840037,863.8217845199553
2023-02-14 04:00:00,19837.80981577609,19924.967305727285,19595.344771877095,19851.946516356635,1118.924460399482
2023-02-14 08:00:00,19685.569393983613,19954.655095677273,19302.1246748018,19713.864528059097,924.4333899457342
2023-02-14 12:00:00,19844.080884762865,20082.836833025664,19603.473550050796,19820.895115952328,974.1026694040503
2023-02-14 16:00:00,19501.341497434536,19839.28675032227,19414.639595268924,19499.422557244514,1135.5954964964371
2023-02-14 20:00:00,19640.36889119162,19815.770876860803,19524.08143221209,19581.537395873598,910.1986702868888
2023-02-15 00:00:00,19431.582620454545,19831.4993550703,19188.513481957067,19476.533451116335,1091.9729395604027
2023-02-15 04:00:00,19876.053785008484,20092.150024064864,19545.481764795877,19794.4196141033,914.0305167074908
2023-02-15 08:00:00,19561.369841301406,19724.928822026213,19262.76541250657,19528.58878948808,1179.0017690915074
2023-02-15 12:00:00,19407.824962716244,19770.38505905712,19055.78827984253,19455.690279685507,1195.9121171921267
2023-02-15 16:00:00,19900.397991054753,19948.11158767231,19746.258776465955,19910.977539723313,997.5931709752715
2023-02-15 20:00:00,19718.958046544583,19787.661261602978,19575.585132136333,19630.51332849892,907.6492528118611
2023-02-16 00:00:00,19830.168653469314,19845.699049705094,19693.294032397098,19780.395062203068,1108.295879637081
2023-02-16 04:00:00,19434.70658526549,19858.324684844916,19280.602801995123,19519.466915760928,1145.081275291835
2023-02-16 08:00:00,19848.20301957359,20018.009525480462,19614.398495851074,19865.645381128783,1183.4744975329654
2023-02-16 12:00:00,19631.240913474106,19993.417311003534,19404.876235379947,19563.369872986485,1105.2187204737168
2023-02-16 16:00:00,19922.557878308748,20259.720420981554,19854.506384636916,19969.89997069733,962.7413682187887
2023-02-16 20:00:00,19584.93590391248,19591.816826018618,19209.989025155952,19533.8332431262,812.4387692438872
2023-02-17 00:00:00,19921.322897897633,20188.53050755021,19798.57345423249,19970.721209508287,1076.7428227734324
2023-02-17 04:00:00,19666.46429716275,19748.528880474503,19337.738423114686,19724.26669767959,812.8478608347674
2023-02-17 08:00:00,19415.252702699298,19797.41773636436,19243.26583747229,19509.673227172585,1079.1312618702154
2023-02-17 12:00:00,19538.064440017857,19785.43203998274,19376.890502894974,19513.94885539266,944.2292353867367
2023-02-17 16:00:00,19933.88147810605,20266.904741918464,19614.999340323415,19990.310908634176,1057.1856421318037
2023-02-17 20:00:00,19838.060274591782,20175.523037680516,19464.14872779885,19822.954287505527,1174.8233979264778
2023-02-18 00:00:00,19722.729465781096,19910.141120486274,19655.527537234815,19815.0554403857,998.7325241815945
2023-02-18 04:00:00,19506.36765659528,19588.618427799796,19174.83822466742,19567.289191237287,843.1110790056501
2023-02-18 08:00:00,19776.547513719426,19987.126958127137,19765.221603799175,19780.07253734487,946.98910523985
2023-02-18 12:00:00,19556.4641074861,19945.96708950502,19334.115870521684,19571.089458388757,931.3039938771324
2023-02-18 16:00:00,19930.46826597538,20266.89960906275,19871.733350866936,19970.67832925814,1052.109564895999
2023-02-18 20:00:00,19941.007166815616,20192.551616903263,19803.11030172684,19927.748682039804,946.5043695296566
2023-02-19 00:00:00,19935.147256911077,20320.595858807443,19603.890735561054,19939.97674862584,1064.9459567278154
2023-02-19 04:00:00,20184.229509051678,20186.329263601812,20001.220667318004,20113.892068369572,863.483302393608
2023-02-19 08:00:00,19748.22299606546,20172.59704246369,19702.902816688373,19794.648062415494,1004.0026463280308
2023-02-19 12:00:00,19928.382419823643,20356.97207654165,19860.931053998753,20016.467937407426,847.4205684573798
2023-02-19 16:00:00,19653.743548623806,19831.59472358752,19247.439422312986,19629.071167680235,1196.6706254063843
2023-02-19 20:00:00,20149.40740353647,20325.511985309055,19747.249667524407,20082.462251369936,1138.1740513316176
2023-02-20 00:00:00,19952.083433699423,20301.432863619888,19794.387063934326,19946.408502962688,1190.5472781302062
2023-02-20 04:00:00,19925.235744798174,20035.596953803764,19916.344965220447,19943.227791468176,962.2700168767149
2023-02-20 08:00:00,19936.267823694416,20260.558979492984,19787.89110252141,20016.126245085114,1085.6975439216328
2023-02-20 12:00:00,19795.986963721258,20181.99321080949,19356.456163606683,19710.0110266427,886.1898409742182
2023-02-20 16:00:00,20094.56142444051,20307.883113615077,19895.680905545494,20006.45092546401,995.8908856415901
2023-02-20 20:00:00,20116.377579597898,20412.11065467009,19729.075978165856,20215.7013524223,895.0666971073433
2023-02-21 00:00:00,19854.789297871197,20267.507060792246,19583.716289350064,19892.823568492146,974.9626797257984
2023-02-21 04:00:00,19992.970244989225,20110.800817420775,19843.888351442816,20035.536891612926,1053.2033535838154
2023-02-21 08:00:00,19912.475369395022,20053.97975007349,19642.78343018901,19936.92490501232,1127.2639826723946
2023-02-21 12:00:00,20147.61812982582,20326.847460684727,19749.92992912586,20150.787522891907,1119.6780145994894
2023-02-21 16:00:00,20125.345547134504,20372.050888232818,19753.24503973572,20112.08962745735,1026.2473941489777
2023-02-21 20:00:00,20138.14122176021,20410.243909522826,20108.98388996616,20181.322430057273,895.851505620885
2023-02-22 00:00:00,20313.531164835535,20595.79621584082,19988.351995872854,20313.603921542563,849.1986544163365
2023-02-22 04:00:00,20085.19018178454,20423.91937569191,19952.925880411276,20163.06296821983,811.6018743791617
2023-02-22 08:00:00,20110.262345288647,20256.306569338412,19713.19376325631,20018.461771123268,1071.8829272550133
2023-02-22 12:00:00,19835.98070413865,20007.00404639243,19772.30737503592,19834.737079360995,893.7482282024337
2023-02-22 16:00:00,20288.26886202516,20594.745679753352,20095.418985672335,20241.102341367543,1155.3487190727394
2023-02-22 20:00:00,20301.614553851367,20418.837860960193,19904.615888039058,20333.635503365396,853.0565893424532
2023-02-23 00:00:00,20180.324694957115,20271.043944014506,19851.56610060387,20191.53393871501,905.7131552290838
2023-02-23 04:00:00,20489.64837834438,20743.25453783823,20189.294387623584,20405.909411480636,1167.2373246571071
2023-02-23 08:00:00,20446.872576327045,20608.78699735443,20296.01719362809,20501.7136575848,1176.1144284864006
2023-02-23 12:00:00,20335.899307104308,20535.357060832353,20235.078996664983,20397.919174680846,1175.41292004374
2023-02-23 16:00:00,20399.37864983443,20680.836043816544,20199.719698082394,20414.490280873215,955.9262867178649
2023-02-23 20:00:00,19943.94002592433,20233.178865342208,19608.31155773175,19905.755559634537,996.5305887672598
2023-02-24 00:00:00,20152.706893302624,20233.040780275358,19884.3133528159,20101.090976062183,968.6650472561521
2023-02-24 04:00:00,20381.999882498938,20680.187145078467,20231.68610805125,20406.71264010263,954.9763172402032
2023-02-24 08:00:00,20334.14493897106,20452.427318764072,20015.11572183462,20326.86881440971,1061.9472939774207
2023-02-24 12:00:00,20098.372394691636,20444.722625835104,20020.820898754857,20099.141444753117,908.1085264528447
2023-02-24 16:00:00,20239.831558009468,20483.496076963787,20144.004736592124,20322.009127284025,1186.3324811924635
2023-02-24 20:00:00,19933.723105163932,20380.800909133548,19889.149941794753,19997.270577680098,811.9291458908914
2023-02-25 00:00:00,20249.773048234576,20253.630426794185,20044.196937648434,20160.29875773105,997.4177029231245
2023-02-25 04:00:00,20224.538102549417,20332.355845081154,19962.94561716352,20317.041122723378,922.804227899062
2023-02-25 08:00:00,20496.515222231767,20582.38758676222,20279.261127605252,20466.505757363197,1138.2719928014444
2023-02-25 12:00:00,20335.714593877587,20728.303074271404,19877.810002291477,20260.477238829622,1182.151041950165
2023-02-25 16:00:00,20515.538235917324,20542.67603257874,20052.633089666906,20416.564243045515,820.864849075735
2023-02-25 20:00:00,20341.14461605297,20591.027856142984,20183.28272054189,20400.345952844757,946.4910511245986
2023-02-26 00:00:00,20279.10458618974,20523.565325941054,19918.77358543858,20368.86817097167,848.1983549648019
2023-02-26 04:00:00,20059.48390024913,20350.70018298247,20000.173642332607,20142.965704073944,1047.5647071731482
2023-02-26 08:00:00,20417.08078549897,20563.476663087913,19967.763706165388,20324.811084739587,1025.88137714809
2023-02-26 12:00:00,20133.132562264418,20584.219303611564,19980.69753765936,20230.264134752062,962.5455261286168
2023-02-26 16:00:00,20464.428042230717,20745.060726464406,20073.87300931744,20407.475193371993,960.9123784999474
2023-02-26 20:00:00,20480.325940935953,20551.136685798287,20242.51585974626,20397.823188939252,1165.5404861707343
2023-02-27 00:00:00,20307.07499815509,20548.39520038814,20082.51172674405,20254.560718423436,910.1294140942347
2023-02-27 04:00:00,20317.05429574986,20624.93815764568,20143.815560206855,20373.572095138694,978.6050428519645
2023-02-27 08:00:00,20342.840786845198,20632.096899469296,19992.52594732928,20392.98346706611,991.5059115413981
2023-02-27 12:00:00,20490.153794692254,20567.4821695798,20456.239462104473,20504.09689515084,999.8677207738481
2023-02-27 16:00:00,20403.39527675508,20583.046263919405,20212.339224465704,20469.30764636989,973.2294109713596
2023-02-27 20:00:00,20477.220088551352,20765.953774789272,20097.507659335854,20484.867138152345,906.6788028902811
2023-02-28 00:00:00,20863.73065235553,20933.511210155204,20667.32153684523,20829.86256394903,1117.54511711099
2023-02-28 04:00:00,20505.81107125237,20765.08573989984,20468.739492638328,20534.023177185307,936.9192759984799
2023-02-28 08:00:00,20194.560393212792,20418.592585882674,20043.87347009086,20291.48100579222,1169.168713686096
2023-02-28 12:00:00,20232.18185460062,20357.187546622044,19991.448981812468,20330.11253168073,868.5191596291075
2023-02-28 16:00:00,20923.98362226377,21174.95512476552,20577.955893599545,20825.190989463626,1038.4773170907936
2023-02-28 20:00:00,20891.3359377146,21288.93301905276,20520.62782655693,20842.263223263453,935.2789685466169
2023-03-01 00:00:00,20886.903041657923,21052.328942196393,20553.608099737445,20794.44488572898,1059.5283508868754
2023-03-01 04:00:00,20380.658478946883,20679.36292031175,20035.491787538936,20366.32310096102,895.8235842987363
2023-03-01 08:00:00,21017.62031539393,21396.72343860835,20892.451622821263,20916.831125049914,1199.5387208887532
2023-03-01 12:00:00,20692.761044661213,20719.68738269163,20331.418473851303,20630.37795983485,1167.028899289618
2023-03-01 16:00:00,20684.36947796793,21004.852831832075,20537.615282221323,20617.277959331648,1189.841235395323
2023-03-01 20:00:00,20895.88625308662,21078.692474576535,20482.703493202294,20915.01869646447,1042.9565344363873
2023-03-02 00:00:00,20684.669015008025,20692.20748765456,20553.31503153594,20686.13934029714,1148.6661791178472
2023-03-02 04:00:00,20524.949807778965,20643.100765710704,20163.97131959136,20485.04152602075,834.7124462457184
2023-03-02 08:00:00,20730.269790296054,20978.636934461112,20695.27580752909,20719.956370272797,813.3545029397402
2023-03-02 12:00:00,20942.604559878357,20973.174163603082,20651.219265288182,20893.92848692082,880.3837434883395
2023-03-02 16:00:00,20742.787833822258,20933.474495580525,20515.924450058857,20736.160525003244,1155.962740243815
2023-03-02 20:00:00,21019.156591352104,21252.085344352214,20589.042136943503,20984.295747372646,835.3849719828996
2023-03-03 00:00:00,20649.92576177646,20737.224276803026,20625.556201774747,20667.49231799812,812.4584209755777
2023-03-03 04:00:00,20878.158757886027,21022.109869001517,20622.897880838875,20867.094069161605,1138.5597686324627
2023-03-03 08:00:00,21044.58831133699,21292.800687270585,20684.9345976068,20992.91694937099,1078.7623648131837
2023-03-03 12:00:00,20786.2563854274,21113.300560628573,20475.78026236041,20778.786795320222,1189.7420494367425
2023-03-03 16:00:00,20527.33272563077,20705.36707475931,20271.068378619104,20551.45794798514,832.4441098944279
2023-03-03 20:00:00,20565.116745164494,21042.647997427015,20346.805405331816,20660.203016822445,940.5636675802914
2023-03-04 00:00:00,21241.583201305108,21558.164302430232,20894.189784360293,21143.181949630838,867.7946137891489
2023-03-04 04:00:00,20732.6893151627,20802.2222006607,20542.30121637759,20751.349097571085,891.1296380832395
2023-03-04 08:00:00,21184.800876657606,21353.618912488997,20884.401076088077,21143.173451772087,1192.9848683974478
2023-03-04 12:00:00,20748.924925599233,21226.376751640877,20362.439942426914,20815.860558709643,961.2007794223564
2023-03-04 16:00:00,20542.333706812053,20745.56142304332,20443.526170800422,20591.855918156332,873.3672577802962
2023-03-04 20:00:00,21047.360168478914,21471.304281661567,20654.59991525463,21140.116003848096,811.2629101196553
2023-03-05 00:00:00,20968.247541903544,21257.167545177603,20681.87560842531,20991.116072172998,962.8338925478428
2023-03-05 04:00:00,20787.622572187684,20789.984370465943,20423.21748944718,20687.724037636803,1146.792932443233
2023-03-05 08:00:00,20816.17180143497,21280.01292222969,20667.735411020054,20888.500138929347,948.0710637190804
2023-03-05 12:00:00,20819.500791905302,21007.79263562261,20582.869202971793,20868.461358803033,808.6644925031712
2023-03-05 16:00:00,20671.30009341393,20741.518538634653,20376.0618283925,20625.86484956386,870.571773935361
2023-03-05 20:00:00,20793.973371183878,21110.208475777516,20613.527805355072,20775.86510989412,1139.1716701991709
2023-03-06 00:00:00,21247.75088312771,21498.78349444569,21094.224048591575,21233.76726032267,1179.430744594983
2023-03-06 04:00:00,21156.045904005234,21285.08268282682,20738.290935042107,21248.240542050095,1087.2769592225513
2023-03-06 08:00:00,20787.266640747435,20865.469972689138,20441.318191312996,20843.015320784398,1055.4091180740986
2023-03-06 12:00:00,20794.430063205804,20985.989693705294,20519.345517100526,20794.093296093975,891.7005452437284
2023-03-06 16:00:00,20824.435744665625,20887.2991224388,20593.891815583167,20772.623761410025,875.8515405657442
2023-03-06 20:00:00,20863.253906914488,21130.0928466422,20544.194282744655,20813.49618793668,1153.205114593226
2023-03-07 00:00:00,21133.525017927946,21473.441251646054,20967.63609096641,21222.910999414693,1032.5422442161196
2023-03-07 04:00:00,21031.401366332007,21280.443010605006,20764.20027764678,21002.675844574584,981.3901071476146
2023-03-07 08:00:00,20978.229924519335,21161.510508424763,20629.836116596565,21029.435777239145,817.8629378690472
2023-03-07 12:00:00,21232.748115958057,21720.362223695505,20967.32352727743,21334.52842058375,1018.8113491601072
2023-03-07 16:00:00,20733.94513932583,20932.613378687325,20376.954232040425,20826.051110499247,1014.032549735815
2023-03-07 20:00:00,21177.004399365404,21191.49452872812,20957.36791814349,21083.246340300477,869.9518490547156
2023-03-08 00:00:00,20866.959878613932,21168.796228754334,20546.780648619937,20875.494946788698,933.7619074917524
2023-03-08 04:00:00,21228.289897617073,21452.3371815004,20856.67953577423,21230.735541758047,1095.1543921369255
2023-03-08 08:00:00,21174.05096014581,21494.086888035406,21052.515757354635,21188.65552958646,917.9412528438404
2023-03-08 12:00:00,21422.856982913185,21635.277837673722,21131.509016075837,21402.39097976623,820.1880392822852
2023-03-08 16:00:00,21430.403983869215,21740.774738443808,21157.06124127832,21398.697987901876,1120.6058318005742
2023-03-08 20:00:00,21067.31599677229,21409.381178578005,20766.832214334678,21165.90880577478,1024.6003559442067
2023-03-09 00:00:00,20968.99582746077,21172.95469409956,20966.21619698581,21011.42692121674,809.5353127032802
2023-03-09 04:00:00,21371.505477204893,21415.012065470633,21200.229128631596,21292.263766238353,1170.7715324013384
2023-03-09 08:00:00,21054.58509088227,21461.413752032113,20758.10015624942,21099.169614566938,1155.5363690740562
2023-03-09 12:00:00,20983.224262667914,21168.915372268064,20766.639333346324,20977.723421246024,803.5493314178361
2023-03-09 16:00:00,20943.20371303595,21272.68915637624,20529.76076434251,21007.54949942262,1014.1462225772036
2023-03-09 20:00:00,21096.573398386925,21317.909516339296,21078.61031724707,21160.149938628354,979.6685236876332
2023-03-10 00:00:00,21316.33356664857,21467.929898602375,21095.53366669052,21371.279185113854,1094.1041299925382
2023-03-10 04:00:00,20978.467040188534,21408.475671349872,20607.51923722806,21063.32963135785,1146.831579124518
2023-03-10 08:00:00,21314.941593500655,21570.33468491423,21020.245755445863,21382.465099041845,1034.7025073665652
2023-03-10 12:00:00,21500.629267847205,21901.78415895635,21156.50321719902,21543.7008409413,1067.3951401818667
2023-03-10 16:00:00,21058.284525696,21404.194609449965,20896.239297196,21127.4071526538,1198.6976564529812
2023-03-10 20:00:00,20990.970796169346,21238.869204663253,20593.140228984958,21072.361566809548,1110.5583207019063
2023-03-11 00:00:00,21235.885392238855,21314.0741819602,20968.440328458906,21303.83160210318,978.7626528239492
2023-03-11 04:00:00,21637.485592430527,21929.66247501189,21282.973912917958,21540.51642498433,1127.7147104059525
2023-03-11 08:00:00,21383.78008104912,21731.916909891846,21122.093582245725,21296.562852756655,945.1016523999156
2023-03-11 12:00:00,21477.12092312403,21497.029923635404,21146.860594406244,21438.68681568855,831.2320654753087
2023-03-11 16:00:00,21354.262702475517,21851.372567802267,20998.442408056766,21444.319991316766,812.005499095173
2023-03-11 20:00:00,21449.751867125593,21943.29372152103,21074.417629219544,21513.268821203324,1034.0643320129273
2023-03-12 00:00:00,21195.523227637375,21343.14010168478,20885.19204919713,21213.438891010217,981.4170122374512
2023-03-12 04:00:00,21203.36460565655,21442.690560427018,20919.45107675348,21281.171010954244,1146.9029073546308
2023-03-12 08:00:00,21408.286022161323,21824.172955736976,21161.176673086557,21361.67877543965,1137.8859512086078
2023-03-12 12:00:00,21791.135342901798,22162.131602767953,21290.858644031625,21697.523161498273,1063.962174270261
2023-03-12 16:00:00,21202.660502087907,21341.916531028735,20913.377324064826,21175.85548007505,920.939103046041
2023-03-12 20:00:00,21210.42391783501,21213.09015681609,20886.3169051607,21154.681993118575,880.2786006445676
2023-03-13 00:00:00,21530.381964774166,21773.51859350277,21462.635834428034,21635.09790880481,1039.500067965915
2023-03-13 04:00:00,21543.921030381738,22010.501257784017,21527.08617396751,21616.22902473868,950.3838152968027
2023-03-13 08:00:00,21740.939225094666,22020.389143185665,21585.954624977694,21633.53519708095,1128.8318712601226
2023-03-13 12:00:00,21191.850102455035,21286.121640985937,20805.031348078843,21262.240706632194,854.435144133374
2023-03-13 16:00:00,21262.979815724953,21507.87863347924,20961.965047235335,21345.862608370055,834.92519974291
2023-03-13 20:00:00,21176.799032287552,21362.993844047975,21069.430682806647,21184.65403666943,946.762732171379
2023-03-14 00:00:00,21375.25626007439,21679.784805425094,21083.102088748972,21399.617122405885,1154.0510175232703
2023-03-14 04:00:00,21751.772192257562,22035.134527866834,21703.04727871927,21808.157481667822,1013.360222964843
2023-03-14 08:00:00,21220.87659036425,21326.410625989087,21179.500012237862,21311.445297433893,1193.0001747460262
2023-03-14 12:00:00,21809.807024668367,21996.11432519379,21505.09607167356,21754.47168142373,1193.4237904053716
2023-03-14 16:00:00,21557.984671370017,21796.165192645723,21229.9662347594,21628.072755363963,1124.786796670251
2023-03-14 20:00:00,21930.49584439156,22279.21108410613,21544.868651797766,21836.34088989505,1139.0175704541484
2023-03-15 00:00:00,21823.985758185383,21842.677515967873,21748.78709961273,21752.743772659076,1038.0600864409653
2023-03-15 04:00:00,21940.024022912577,22270.47956043903,21816.35424796087,21905.952356252088,959.894226287018
2023-03-15 08:00:00,21330.916226360412,21479.85633378493,21175.76217148247,21365.036519089885,925.8596280391856
2023-03-15 12:00:00,21593.858152739773,21849.963211855877,21375.98284283378,21624.14178202916,960.9293887681453
2023-03-15 16:00:00,21895.426238204123,22172.07688972846,21545.530375137587,21876.908614369793,977.614228842409
2023-03-15 20:00:00,21690.441981372973,21789.91225064551,21285.115775816477,21746.066716293466,1145.677157189935
2023-03-16 00:00:00,21421.79362970817,21478.061239373175,21261.47290915329,21409.159941268525,1100.4140623322464
2023-03-16 04:00:00,21997.22288348634,22120.68553912222,21595.199486639558,21912.913652638923,1182.1210898766483
2023-03-16 08:00:00,21413.07280334115,21807.17254871326,21309.32021239661,21443.85395242336,951.8172579316131
2023-03-16 12:00:00,21526.526737096992,21777.766317946614,21195.925004640794,21627.88670877663,878.0404056904295
2023-03-16 16:00:00,21306.88752692808,21609.59937166096,21231.039481148528,21367.25860811886,847.6846986536334
2023-03-16 20:00:00,21519.00307983911,21683.370025190787,21261.02505453821,21524.858359085756,1114.0521677344182
2023-03-17 00:00:00,21978.645575055016,22348.85803561458,21547.62964886734,22060.354187473284,973.1926296053828
2023-03-17 04:00:00,22066.311470717566,22330.736548092733,21920.707122741394,21975.874311187203,949.824164064947
2023-03-17 08:00:00,21874.424542961846,22304.3822782355,21469.156766912532,21774.47638536439,1132.7814796560988
2023-03-17 12:00:00,21705.10796911975,21897.14499632768,21590.27809525996,21780.610300247263,923.0319049765269
2023-03-17 16:00:00,21639.334738495338,21825.480540906574,21533.839435491165,21580.507325992377,994.7150826557634
2023-03-17 20:00:00,21723.907110177304,22082.694141294018,21447.19732931998,21763.61413236873,909.3126119985745
2023-03-18 00:00:00,21984.66683868558,22147.866436986165,21822.992055673163,22038.137065282044,1056.033590869512
2023-03-18 04:00:00,21690.663459992724,22051.43290429065,21588.382191450095,21696.431114306444,873.2892326856174
2023-03-18 08:00:00,21914.547754788808,22048.045238606446,21553.440578982514,21922.236455081766,860.7057203550007
2023-03-18 12:00:00,22057.241264440076,22353.055640882845,21765.629115005093,22031.268409522454,1162.2907801703866
2023-03-18 16:00:00,21551.277618526965,21813.94108322414,21365.006605641407,21489.84951016931,1014.9788270662326
2023-03-18 20:00:00,22145.97814475482,22365.26574208862,22064.768935558055,22134.111383732343,1051.7731232452238
2023-03-19 00:00:00,21909.42668416711,22226.634665106525,21736.171690794992,22008.05157682329,1172.3045306419544
2023-03-19 04:00:00,21621.136074853825,21626.289217486756,21377.202487214614,21625.783097753254,1014.31819063329
2023-03-19 08:00:00,22198.453407983823,22617.587049282334,22042.837756653866,22131.2024141055,1186.0148553514382
2023-03-19 12:00:00,21909.16415403745,21955.956180232333,21635.055715162838,21939.289180521027,1053.1954440172872
2023-03-19 16:00:00,21665.801737292244,21873.837560018477,21621.77864368566,21632.30495153287,1007.7053894883655
2023-03-19 20:00:00,21627.662975715364,21703.75410709886,21252.468075437733,21643.42680566286,1099.963327833853
2023-03-20 00:00:00,21709.144632371168,22021.37596180642,21497.399411182698,21766.207472188824,1010.8702960424467
2023-03-20 04:00:00,21925.13006908863,22236.473412427804,21824.040604241818,21870.72343980449,853.8010695903425
2023-03-20 08:00:00,21618.62466698872,22008.949252169576,21337.402846551824,21673.18675226949,919.2619445652489
2023-03-20 12:00:00,21556.400751473255,21674.31724343145,21301.9181341043,21653.732032470714,845.5322005810508
2023-03-20 16:00:00,22208.012388403844,22494.274989727026,21879.136662819885,22276.20268622495,1017.4272787189898
2023-03-20 20:00:00,21745.960512026213,22032.99794465895,21686.566916609332,21842.943188139223,1150.8481184113805
2023-03-21 00:00:00,21828.328162119054,22275.758894712384,21818.095950488536,21867.51597493706,1193.248021188479
2023-03-21 04:00:00,22068.652947022372,22407.91480503451,21884.066354519877,22085.001648884554,1109.586929590924
2023-03-21 08:00:00,22316.199806950037,22684.232435042,22118.38038350252,22234.542819687063,1075.058773548953
2023-03-21 12:00:00,22369.411247369448,22771.988254286043,22006.23377459488,22271.77745555608,815.6042357918241
2023-03-21 16:00:00,21994.926974152524,22333.30678533198,21857.443958488406,21908.855009748575,1082.9077598793322
2023-03-21 20:00:00,22378.49167652816,22714.596722336304,22128.375084056242,22281.10305462053,960.9584650148445
2023-03-22 00:00:00,22140.916778866907,22428.111644046538,21914.479835184105,22047.446747562604,879.4658184017951
2023-03-22 04:00:00,22246.43528821003,22616.825752145836,21979.40269647694,22330.000906157118,1181.3676924184142
2023-03-22 08:00:00,21767.95783644439,21836.52898476897,21595.710709333925,21799.52293360698,1143.8185525417257
2023-03-22 12:00:00,22289.28088204226,22707.325582197132,22096.04369396555,22187.49465315945,1082.7637132029643
2023-03-22 16:00:00,22197.124953222905,22401.15655871679,21966.62229479852,22150.23513852012,1130.9825870347631
2023-03-22 20:00:00,22098.691240376298,22563.093527882265,21920.859245347674,22186.95570174154,991.0620469494972
2023-03-23 00:00:00,22126.667265491407,22219.55798619438,21678.900197019455,22081.123337955018,1020.0829675700063
2023-03-23 04:00:00,22125.306097011744,22579.270555844494,21766.707122001964,22192.193423316494,934.009605600055
2023-03-23 08:00:00,22429.779900258913,22493.653552236025,21986.80302252207,22331.74717024746,927.2777254770226
2023-03-23 12:00:00,22466.376300571894,22612.613385770528,22020.78356699723,22415.6276915239,815.8142137884624
2023-03-23 16:00:00,21851.012396351165,22120.430021594602,21450.661389376688,21911.844192428234,925.6178960660358
2023-03-23 20:00:00,22352.216355426677,22454.924306394223,22136.684764732603,22263.18058433984,822.3949240838799
2023-03-24 00:00:00,22275.06479991641,22606.200072639793,22251.926372000293,22319.474523098634,906.0049448861827
2023-03-24 04:00:00,21959.044276884473,22088.210640722227,21552.708874201428,22057.92510884687,809.3897652448483
2023-03-24 08:00:00,22234.98262375433,22319.559779698033,21943.12436982337,22192.77882464792,983.0926599606114
2023-03-24 12:00:00,22019.37815694303,22114.03148128636,21720.83966031267,21995.760878864556,988.9883988152059
2023-03-24 16:00:00,22415.417893644564,22419.420121253363,22115.470252468287,22397.1484065237,1136.5520958371849
2023-03-24 20:00:00,21929.115759921744,22156.434105522123,21856.137323885894,22004.171133764317,897.5414862288438
2023-03-25 00:00:00,22273.821635144737,22756.15866190156,21968.76312528648,22349.460613790987,1113.772216307328
2023-03-25 04:00:00,22215.37962939565,22526.039823208648,22097.13333696325,22165.21563477963,850.1293864800348
2023-03-25 08:00:00,22279.96928950484,22629.843596349005,21958.692315040844,22347.406775925258,867.6584533870747
2023-03-25 12:00:00,22052.081716042885,22183.555899031882,21568.52733084978,22006.29289011183,1170.2767291360083
2023-03-25 16:00:00,22503.89248461817,22722.075884242066,22356.75048696899,22554.645811664508,815.9017945702507
2023-03-25 20:00:00,22287.821634197746,22499.265383454916,21996.202116835335,22340.61191418716,910.6820286877064
2023-03-26 00:00:00,22507.643333367767,22861.27500296892,22428.337905757817,22535.1138718335,1088.8227723499201
2023-03-26 04:00:00,22608.110807862937,22973.788936672787,22194.84494701413,22655.334935290637,1174.2893453499983
2023-03-26 08:00:00,22086.59189564106,22538.544612958027,22039.182443139296,22142.386477600656,1078.685969587129
2023-03-26 12:00:00,22580.914759764546,22808.608383165876,22028.41009861664,22469.02580897864,1015.8305501838212
2023-03-26 16:00:00,22306.559361254236,22734.92144023358,22152.29144677883,22226.375129830783,898.4286697727433
2023-03-26 20:00:00,22176.345145352458,22585.092278753305,21757.10284502662,22150.23593964185,1109.0722703048752
2023-03-27 00:00:00,22194.00776634042,22301.39127719871,22160.123595011348,22208.068538634336,1119.421277078933
2023-03-27 04:00:00,22228.188901414564,22566.503936589612,21820.59796036907,22124.689690272076,810.6928790059795
2023-03-27 08:00:00,22191.63507788785,22538.15493501904,21757.669347487492,22230.078100812134,1083.1843071318824
2023-03-27 12:00:00,22464.681042599303,22764.320144508318,22171.19991862313,22437.256984186544,937.0148981194884
2023-03-27 16:00:00,22370.501026675982,22396.42018184737,22235.17176469164,22368.930643295673,1170.823526400042
2023-03-27 20:00:00,22460.126322006145,22655.18156494215,22227.307105868593,22492.29466674107,1016.4074840602889
2023-03-28 00:00:00,22182.381026374722,22391.538542162973,21831.094623489178,22226.122554576614,1126.0965299512818
2023-03-28 04:00:00,22693.81064077766,23071.452424571973,22395.11591721024,22659.985377041467,1192.8219772436855
2023-03-28 08:00:00,22429.74508697786,22732.674326949622,21988.580038159664,22538.42419224541,857.1224780970389
2023-03-28 12:00:00,22329.28998533752,22698.16716854477,22162.03836756974,22360.846021520054,897.7033366499235
2023-03-28 16:00:00,22586.26482757993,22811.14098342805,22185.307173931455,22542.726706055935,1084.2529254396484
2023-03-28 20:00:00,22715.19214333726,22872.297186530726,22415.075365145414,22758.667203991914,1036.9571751662493
2023-03-29 00:00:00,22740.487202350425,22961.74268429411,22367.69119427994,22709.58328650458,1138.4559988380738
2023-03-29 04:00:00,22723.726013253854,22927.879885436243,22293.982066805023,22657.269739463132,1131.6764975085193
2023-03-29 08:00:00,22504.697435224614,22717.207967503164,22159.074511556908,22459.08832574496,1098.5874740722447
2023-03-29 12:00:00,22639.141284765905,22767.759305419087,22565.916503987642,22710.14886878859,977.804689292667
2023-03-29 16:00:00,22616.345450994162,22710.064823880875,22440.68211719386,22657.050659627243,1134.8064344825011
2023-03-29 20:00:00,22570.856608640137,22719.894335164052,22399.12340275853,22495.8652059076,881.9412955701318
2023-03-30 00:00:00,22552.37996158527,22969.580683367596,22299.524155599862,22594.055500060214,896.3359037405313
2023-03-30 04:00:00,22975.90258319078,23413.856374046838,22797.705325725598,22976.612091256313,908.2687644724422
2023-03-30 08:00:00,22909.949408202174,23196.068874995068,22712.658273837777,22944.649424531013,1091.2807813166812
2023-03-30 12:00:00,22566.07439525264,22855.16608843949,22401.672728314672,22614.67546799632,981.0875931244174
2023-03-30 16:00:00,22861.06098658374,23319.27436207693,22554.60691860853,22951.413537194294,1080.1572618873442
2023-03-30 20:00:00,22795.454408415288,23101.32592568288,22535.24964108484,22778.162134257815,1094.8034493262426
2023-03-31 00:00:00,22991.33380890674,23209.151514728503,22613.811476516483,22912.241554026772,874.7216855683814
2023-03-31 04:00:00,22715.246938167573,23201.757382324464,22467.47791037549,22753.697682490827,1192.1350838983456
2023-03-31 08:00:00,22716.3789098124,22791.84531753761,22533.94333744331,22725.6483066772,940.06289046543
2023-03-31 12:00:00,22499.215585680533,22658.823841609184,22404.610277041615,22530.550399399668,829.9059409150747
2023-03-31 16:00:00,22722.40828921005,22952.71413534748,22290.514968484305,22684.905404868594,907.1244652067672
2023-03-31 20:00:00,22947.502628264556,23309.942119385843,22832.834730642255,23020.645313144614,823.4137508744601
2023-04-01 00:00:00,22765.469051369222,22933.065529958563,22295.668965328077,22735.036091253874,802.2816178261571
2023-04-01 04:00:00,22952.249391512774,23292.28255304913,22764.821829309312,22961.377518832916,968.8377754434244
2023-04-01 08:00:00,22693.106016276826,23040.82103572988,22453.455076065206,22761.59794822913,919.8683373706397
2023-04-01 12:00:00,23056.101217697018,23518.726649361957,22925.565349573808,23122.177925519216,997.6271785541
2023-04-01 16:00:00,22630.66082791091,22699.239622749286,22301.76550272898,22606.28447673567,1015.9515748812565
2023-04-01 20:00:00,22578.473401676663,22917.920664586945,22199.93968270791,22651.258828797647,1103.4359506115711
2023-04-02 00:00:00,22676.318164340933,23007.54556062234,22469.542823385065,22712.233328204326,862.0728937275234
2023-04-02 04:00:00,22942.218939898365,23415.339516174383,22931.025115985016,22980.74470972414,1155.8972747022926
2023-04-02 08:00:00,22998.552303825476,23365.206860141716,22702.10821447431,23035.554692396316,848.9257891095721
2023-04-02 12:00:00,22846.544678153736,22942.43261805924,22627.637162458825,22938.346543334752,806.1716043053638
2023-04-02 16:00:00,23172.983841056954,23178.297187583175,22862.28021878814,23161.970818517286,1161.7498922656991
2023-04-02 20:00:00,22924.549286068093,23105.690658070213,22822.432380665297,22872.986889721124,1182.6062465427176
2023-04-03 00:00:00,22900.84554695602,23259.03903990739,22610.506735213014,22868.065025973756,871.022864916122
2023-04-03 04:00:00,22818.175617393117,23192.50400225016,22698.82810701885,22751.27571004139,900.1199656508271
2023-04-03 08:00:00,23043.468809857914,23140.908480155085,22697.01828330668,23105.26060593741,979.0119073603837
2023-04-03 12:00:00,22873.543017459888,22969.59070503899,22591.11168361846,22823.763976735798,1005.3983762308669
2023-04-03 16:00:00,22893.685097337067,23256.399378211143,22715.88917159628,22897.118748726112,1156.3264838552623
2023-04-03 20:00:00,22927.117310413498,23285.991508391053,22872.813748855377,22989.20456442441,957.0297092010229
2023-04-04 00:00:00,23205.072949496825,23396.757795144786,22764.683532486983,23235.24796416175,864.7560342916951
2023-04-04 04:00:00,22779.44241016044,23183.953641215605,22547.42601275997,22723.939832928863,1178.344735950598
2023-04-04 08:00:00,23193.515254342412,23691.88862497414,22850.3736337069,23244.138582002437,1100.1311671685796
2023-04-04 12:00:00,22926.851702257198,23379.044704193853,22753.869979540967,22902.30684420851,1176.2418720463468
2023-04-04 16:00:00,22955.989812439628,23305.82406762499,22783.23891758934,22938.95682127822,937.1402693504764
2023-04-04 20:00:00,22894.60077812128,23115.2828241781,22671.876406908297,22961.430877559425,1168.9780015327358
2023-04-05 00:00:00,23033.504234457414,23491.41052377743,22935.261376237482,23040.356941214246,881.0540196674056
2023-04-05 04:00:00,23056.719607178162,23212.813407795835,22663.93054513482,22956.92212649694,1112.1178393679065
2023-04-05 08:00:00,23309.769215475553,23760.93617189427,22815.182674494357,23194.712925946078,1119.2217592652019
2023-04-05 12:00:00,22760.967119523866,23026.694234882194,22703.17202296425,22779.813162005823,1111.0323823822066
2023-04-05 16:00:00,23265.53474522501,23496.396163340178,22779.8755794103,23191.485904953322,803.4382917697903
2023-04-05 20:00:00,22699.333806675928,23018.276618677643,22623.92454977035,22769.70642602081,967.2485580024421
2023-04-06 00:00:00,22770.643813639672,23169.57458296402,22613.188919941662,22831.92974215999,1005.961485835453
2023-04-06 04:00:00,22988.631018529046,23162.533165465753,22590.93254244525,22897.55516647356,1026.7717270133996
2023-04-06 08:00:00,23201.917290403937,23513.472553486918,23025.939531257216,23183.232242281276,1098.6703220827037
2023-04-06 12:00:00,23576.382212875375,23755.07876723101,23128.310012696293,23470.677757388086,858.4875847323316
2023-04-06 16:00:00,23104.480883975262,23154.696231164016,22652.96100764759,22995.4451298736,819.5239947323886
2023-04-06 20:00:00,23049.857209511454,23470.239353823385,23007.60103776369,23083.182541116676,1177.4134523935295
2023-04-07 00:00:00,23319.105474689404,23822.646925745317,23276.86379361768,23371.923102456156,1150.956262911625
2023-04-07 04:00:00,23619.577744607577,23884.64222580172,23329.52806740581,23512.829227584916,896.8624154185914
2023-04-07 08:00:00,22950.127043687935,23062.474521844244,22689.889486110165,23016.311146926524,980.8543525364157
2023-04-07 12:00:00,22819.997656219297,22919.393849379347,22494.32370870558,22912.818303772103,1043.4458954664099
2023-04-07 16:00:00,23478.78519347974,23891.011759458037,23341.79762278173,23515.56888508897,1192.1968063830714
2023-04-07 20:00:00,23593.344985547992,23600.28500189144,23260.50500275467,23546.51305039657,1169.0302126639108
2023-04-08 00:00:00,22960.540419085723,23452.58175821107,22623.60523569841,23009.662676806132,1004.4415074131201
2023-04-08 04:00:00,23399.7196428889,23580.927593480177,23207.98906444892,23317.666746734558,1121.1403006047592
2023-04-08 08:00:00,23050.516407561492,23520.744480393503,22658.05529470106,23156.143409767585,815.2480652594155
2023-04-08 12:00:00,23389.46926279287,23884.557504517288,23082.747968694475,23463.646711766774,1144.8494398926705
2023-04-08 16:00:00,23633.62003079601,23865.160465601784,23447.863214196255,23574.289359095823,1004.7086539538265
2023-04-08 20:00:00,23028.856554211714,23094.548724401233,22497.169085851376,22951.723271890467,1056.514334745365
2023-04-09 00:00:00,23048.786590532058,23375.30906362797,22721.832772751943,22996.389672501566,985.2775435731164
2023-04-09 04:00:00,23575.507011292346,23755.22106359414,23237.823346011624,23561.449647528996,842.4827520200001
2023-04-09 08:00:00,23494.811048116433,23899.264763114475,23175.002776358753,23519.415239812894,1127.8056598798207
2023-04-09 12:00:00,23653.121179358728,24103.997052818493,23631.089060824663,23663.658325674136,1076.7025750391717
2023-04-09 16:00:00,23222.454183948525,23587.856862990844,23206.652757978234,23272.521617447146,912.8808409250282
2023-04-09 20:00:00,22951.24048192275,23233.262413219174,22822.664579856773,23011.41980423987,1084.300122771869
2023-04-10 00:00:00,23365.3134854924,23687.725251836844,23239.140194647247,23391.11939922843,1052.1427271424513
2023-04-10 04:00:00,23704.85819802316,23896.483423083853,23665.601808689036,23727.185260490434,1146.3972042178277
2023-04-10 08:00:00,23405.343453419046,23494.795925848262,23153.188576892466,23314.04149601551,1186.1101102718544
2023-04-10 12:00:00,23207.674100051925,23454.927902047995,22990.07972026689,23246.35028781499,1179.9561608637216
2023-04-10 16:00:00,23413.735984114806,23783.778841386553,23103.26933489169,23378.586799939225,928.2508566414311
2023-04-10 20:00:00,23586.954144579893,23809.488346989732,23424.304218637604,23687.489693760817,1046.3995363031263
2023-04-11 00:00:00,23647.444763174215,24036.05520392913,23259.403296720564,23631.283908366036,899.3093572464732
2023-04-11 04:00:00,23221.024992323037,23356.502227951023,23141.9375603391,23235.75023422653,876.7196222038809
2023-04-11 08:00:00,23690.213873064804,23898.967703589333,23188.5699328125,23648.114507938553,906.865781045921
2023-04-11 12:00:00,23689.01245084427,23989.632609598462,23533.90766938136,23802.922678730443,1166.6210262894992
2023-04-11 16:00:00,23747.653035716714,23827.544759455122,23209.499258756383,23666.743451651237,832.7262459964101
2023-04-11 20:00:00,23326.39643647053,23477.822576827773,23245.568226006642,23256.495700098876,810.4069120609234
2023-04-12 00:00:00,23590.969276802538,23750.183942592597,23114.909340401686,23561.935534134485,931.329882313776
2023-04-12 04:00:00,23309.783038179055,23653.49184502659,23264.62938487527,23268.615716697746,1004.3863142065525
2023-04-12 08:00:00,23705.915502639586,24009.45966563168,23322.53008576659,23729.436841082428,862.9425939071906
2023-04-12 12:00:00,23598.115939810486,23734.378308371066,23425.10562038225,23567.70547032371,1174.19915640758
2023-04-12 16:00:00,23506.543401511277,23755.503278402182,23411.884712963754,23537.967085628978,853.2880272454787
2023-04-12 20:00:00,23528.77954572345,23841.94343290563,23089.12610120784,23528.603011700863,1009.2764157022857
2023-04-13 00:00:00,23649.07147299546,23940.35338567455,23524.769626177876,23685.806030932272,1051.4832338275712
2023-04-13 04:00:00,23943.542333028283,23957.495004655055,23924.71416434782,23936.75150602924,921.4678556067156
2023-04-13 08:00:00,23752.16294386192,24094.1424225242,23699.03185325591,23713.157012946667,1060.3055169568634
2023-04-13 12:00:00,23596.812871475628,23975.855397461568,23144.914537558456,23593.55125837985,803.932772555996
2023-04-13 16:00:00,23822.084153458403,24268.977645614537,23653.755664116423,23906.044515557438,1182.8108054579989
2023-04-13 20:00:00,23166.93387466704,23447.53050202935,22725.83025242715,23282.513267059454,1044.771840889025
2023-04-14 00:00:00,23466.747522002875,23736.564413661945,23315.3163164197,23358.844222039446,903.6820794712487
2023-04-14 04:00:00,23456.95465042683,23869.354094636936,22969.466971745846,23426.951285683008,1118.083873194231
2023-04-14 08:00:00,23288.964348717327,23415.751832094033,23252.18097621584,23354.761553968874,1090.9621189532977
2023-04-14 12:00:00,24119.468956639943,24318.46110856072,23769.07310311198,24047.245422266067,1183.8696415201746
2023-04-14 16:00:00,23708.979083260245,23855.80333902343,23628.942539401916,23689.275188801534,1048.613175762048
2023-04-14 20:00:00,23672.277518821284,23884.196681812424,23453.05687394894,23753.80319718178,1104.7746297625702
2023-04-15 00:00:00,23762.99151835494,23963.299069051376,23283.399390319097,23659.647940253584,1189.3390303861997
2023-04-15 04:00:00,23595.769614825327,23710.949132111753,23226.592553052178,23683.157191396378,1123.3055858398998
2023-04-15 08:00:00,24075.265751443705,24468.643657397195,23962.70958652802,24035.85579350808,858.6538066497507
2023-04-15 12:00:00,23889.125040701507,24306.688529070274,23603.420320801564,23922.015859429444,1095.3002786012062
2023-04-15 16:00:00,23825.284742353826,24354.02698254884,23470.69679954334,23915.10292287398,802.9774332838642
2023-04-15 20:00:00,23784.3346789279,24095.793202784083,23542.088320807557,23682.736981021208,980.6055755135216
2023-04-16 00:00:00,23379.25912349908,23815.02095978137,22955.47486020702,23490.00564593467,1144.477902232618
2023-04-16 04:00:00,23945.372228520173,24134.21242529809,23572.561114120996,23831.68635412426,845.4429654672225
2023-04-16 08:00:00,23601.674898004396,24106.46826708625,23500.898624240865,23688.192553138477,1198.42785239874
2023-04-16 12:00:00,23871.13216378791,23991.585955515875,23483.816845074594,23875.648255427637,918.2181721315875
2023-04-16 16:00:00,24028.749969749897,24335.212132144683,23642.758203071557,24102.381468009848,1055.1551278008285
2023-04-16 20:00:00,23573.98472530466,23925.900862523125,23564.871919902187,23603.114070122097,1030.0669884757563
2023-04-17 00:00:00,23936.321848081734,24290.841913784046,23703.745167092424,23829.29070091468,1154.2058716123368
2023-04-17 04:00:00,24169.186468855944,24606.294295644075,23813.45566820113,24055.49498852686,956.6109742300752
2023-04-17 08:00:00,24082.009667816383,24405.737090201932,23909.39843322684,24153.210985511967,1089.268926780397
2023-04-17 12:00:00,23917.091461149394,24230.690771674374,23804.816512891335,23867.59435959934,1044.079321216498
2023-04-17 16:00:00,23794.03557942497,23935.84020990456,23596.6002080308,23766.183129281442,1139.417293835916
2023-04-17 20:00:00,23686.069555579135,23835.726215307324,23166.2060163473,23623.639561443284,837.5485536859742
2023-04-18 00:00:00,24341.565025251286,24436.531051103564,23881.59968695577,24257.57775110915,856.5641398437456
2023-04-18 04:00:00,23938.563381449738,24205.54483919312,23824.14586078143,24052.84574669817,924.0517147585185
2023-04-18 08:00:00,23848.40338853988,23952.78413283256,23653.15818675214,23783.382849001,905.572508325233
2023-04-18 12:00:00,23903.887036470675,24348.584670788867,23555.616165362513,23915.195145374968,961.1227224760493
2023-04-18 16:00:00,23849.489777583756,23983.675091507117,23683.033053969495,23842.376978137196,1061.50982717251
2023-04-18 20:00:00,23711.90654188181,23987.46192480694,23256.106247097858,23759.582885839423,1097.2436665921973
2023-04-19 00:00:00,23862.19006484837,24087.353511215973,23711.438373317338,23901.98692532847,1138.924716218443
2023-04-19 04:00:00,24314.07794729924,24561.1269386171,24106.260520346263,24370.591123382303,955.9141807025284
2023-04-19 08:00:00,23759.684941784868,23910.945038571463,23673.640022578813,23774.031568127073,914.1298848093171
2023-04-19 12:00:00,24175.752756119808,24517.13782699075,23843.365580757778,24127.84678105013,1078.9220500356541
2023-04-19 16:00:00,23965.661038125712,23996.10656135013,23886.417004913692,23967.59866629197,1084.5947077445044
2023-04-19 20:00:00,24477.668695528286,24748.485402653903,24334.59381933932,24403.819074572726,1172.856332500408
2023-04-20 00:00:00,24400.48009667051,24792.698245712574,23955.09892877927,24379.62410969356,1130.9792247843761
2023-04-20 04:00:00,24388.78400678827,24454.3718470071,23927.03518725884,24325.151089241062,979.3259594092865
2023-04-20 08:00:00,24332.24385277957,24695.66808643076,24087.984740041826,24259.695623665993,826.1818726931552
2023-04-20 12:00:00,23863.712890336134,23868.902282569314,23573.147243880896,23811.370493066384,1153.6238707941461
2023-04-20 16:00:00,23843.798037736775,23907.88900049291,23558.491956570837,23764.946501814586,1126.480938600017
2023-04-20 20:00:00,24203.28616954417,24316.14227353597,23951.93983710314,24130.450567511045,1016.6950705268858
2023-04-21 00:00:00,24410.698511334507,24778.468375357912,23937.650990559105,24309.985547464166,1080.2476196872253
2023-04-21 04:00:00,24045.27381848782,24153.054189478826,23749.146851833437,23965.9699615431,860.7167737665081
2023-04-21 08:00:00,24397.44493277453,24640.33306562943,24372.64747006467,24458.180418131746,935.6881691402708
2023-04-21 12:00:00,24337.920153613984,24776.04734616311,23992.67888300234,24448.892532780403,823.5333126759726
2023-04-21 16:00:00,23963.56311826299,24430.079103812128,23483.306593009016,23848.64413850257,1145.5686175510054
2023-04-21 20:00:00,24194.863888615713,24683.432973771738,23729.55956714385,24245.53104926224,888.2988797388332
2023-04-22 00:00:00,24104.791213603665,24581.086117261733,23965.060538436723,24132.610987723514,863.4939968425459
2023-04-22 04:00:00,24226.100734761247,24335.942969974163,23878.162381053746,24310.092490680338,1113.468645493543
2023-04-22 08:00:00,24403.96234114025,24433.468487990995,24293.244866584257,24389.81652824314,1195.2319887117228
2023-04-22 12:00:00,24167.83074772975,24515.994105154263,23660.014873958175,24093.437368571096,1080.1426438934213
2023-04-22 16:00:00,24005.306530061873,24261.283056954482,23854.076549813846,24097.080951044023,859.1348358269877
2023-04-22 20:00:00,24286.10418450491,24582.027191421304,24198.597621168177,24250.05948645236,1104.953024656811
2023-04-23 00:00:00,24675.186731964932,25028.197174005385,24157.721806079844,24621.662710793513,915.4284083836455
2023-04-23 04:00:00,24197.530069499568,24382.000124251266,23775.729818718795,24258.76194219277,882.1752734021591
2023-04-23 08:00:00,24701.29934413554,25160.446837759926,24556.320701128643,24609.2524568797,1144.5929021521185
2023-04-23 12:00:00,24462.360412990292,24700.33001711598,24416.09171072131,24556.849826260583,927.983682797774
2023-04-23 16:00:00,24519.873893338714,24953.270500663686,24264.989371179934,24419.176426537284,1085.7833327197154
2023-04-23 20:00:00,24279.116122625604,24446.094139107623,23801.122141408458,24360.388526540562,943.2865716743756
2023-04-24 00:00:00,24074.99318154441,24339.88683727842,23627.474259826497,24125.932042153167,967.534006853626
2023-04-24 04:00:00,24595.535795748838,24776.09549591879,24377.182204162706,24649.716045795394,827.3923697041512
2023-04-24 08:00:00,24162.578180608518,24607.414597287872,23748.69218262221,24067.94881546823,820.4228697914364
2023-04-24 12:00:00,24456.50195409237,24585.108078329955,24431.314588619603,24473.952705197684,1062.2252572126613
2023-04-24 16:00:00,24375.269682397582,24644.543192318062,24078.521382474322,24279.99875915546,883.3462879261083
2023-04-24 20:00:00,24102.795476113253,24421.74308589878,23930.793654633337,24169.144460838164,938.6585581819373
2023-04-25 00:00:00,24128.309264200965,24171.09968957737,24030.293212309174,24167.08640160925,939.2907458320124
2023-04-25 04:00:00,24561.20643580897,24690.221350167605,24174.059751396882,24679.45649475237,906.2259903641469
2023-04-25 08:00:00,24037.785007069084,24196.322844595914,24001.902992109633,24149.69522844953,807.3302432420624
2023-04-25 12:00:00,24755.875402882746,25140.865791401586,24634.321944705312,24811.784144100147,901.8538981538118
2023-04-25 16:00:00,24519.93410160426,24650.893607613478,24023.288850005363,24481.746137604066,1152.4947906850703
2023-04-25 20:00:00,24401.008697861475,24618.62310817224,24021.229297652317,24291.025115945227,984.6004718736334
2023-04-26 00:00:00,24661.38173428905,24954.39374782467,24289.1595323777,24729.298562422624,965.2139604920435
2023-04-26 04:00:00,24365.21321666776,24831.6018389953,24073.351222551184,24285.938829725983,834.3855147849645
2023-04-26 08:00:00,24427.633044024886,24819.920245973575,24157.77475039254,24315.500196080484,1136.2370746920017
2023-04-26 12:00:00,24220.243175375133,24527.247094573264,23778.369318521516,24198.267959231853,881.1729914351234
2023-04-26 16:00:00,24304.26451958868,24642.779633658723,24025.07024980775,24211.695463420914,855.3625999509828
2023-04-26 20:00:00,24070.970475693626,24513.979838848383,24051.206129144037,24172.710281431573,841.6268638741174
2023-04-27 00:00:00,24784.850090420194,25300.2247304887,24496.84584754626,24815.364020321915,912.5664661390415
2023-04-27 04:00:00,25040.72801975884,25297.592350945946,24481.752450734573,24970.377431505036,1027.4947127214386
2023-04-27 08:00:00,24403.05459198762,24498.597242216965,24015.397548639656,24406.011873399806,846.1235413551505
2023-04-27 12:00:00,24237.411690239358,24378.751437364965,23789.041482193847,24302.592433881404,830.5571634678299
2023-04-27 16:00:00,24211.99162977316,24723.701165636732,23829.776433617655,24299.12178136753,1012.8005718688505
2023-04-27 20:00:00,24791.572558487092,24907.071754145723,24505.377173481942,24747.27161787851,902.7593453038251
2023-04-28 00:00:00,24446.72460078795,24852.10884762336,24305.1618310538,24537.098904360533,967.3961718958519
2023-04-28 04:00:00,24790.81761622463,25020.331273701162,24390.85083885381,24747.62166109353,832.893352652766
2023-04-28 08:00:00,24432.68886665624,24678.44649826559,24363.50966784284,24415.952195623875,994.2326892167825
2023-04-28 12:00:00,24291.70545699516,24834.983731939476,24012.183001716745,24379.685226198882,1120.4771073611123
2023-04-28 16:00:00,24893.20530658858,25270.546207782907,24826.958513617083,24949.303288144714,1049.760626567831
2023-04-28 20:00:00,24452.364063259098,24707.394436100665,24255.495227827447,24474.242915347255,864.5918695804074
2023-04-29 00:00:00,24890.57979074,25494.05023061062,24791.723766801453,25004.638988361585,1142.2196431825198
2023-04-29 04:00:00,24774.753992299782,24794.080595732088,24671.27677701464,24705.32272380885,889.9985294434491
2023-04-29 08:00:00,24470.815078417338,24640.465817999637,24143.490555845558,24467.420399592385,1140.9579668247984
2023-04-29 12:00:00,25083.01859635965,25495.802352874973,24569.994679454237,25005.68349050709,1102.3479561897466
2023-04-29 16:00:00,24783.636690542353,24907.290438559958,24676.456845337074,24751.44567061506,964.0773140026386
2023-04-29 20:00:00,24613.506108617763,24993.32207320386,24367.964164232257,24730.996513785547,1101.2635034591403
2023-04-30 00:00:00,24502.68718599332,24883.938711408384,24275.013832138357,24541.294403754215,974.1710699127528
2023-04-30 04:00:00,24547.164115785763,25015.053967862565,24351.721224318382,24629.854649453846,896.2071224989022
2023-04-30 08:00:00,24619.312801804783,25072.94606446777,24199.6679908864,24663.752310415148,920.4935518358261
2023-04-30 12:00:00,25208.374091110363,25576.85748133906,24805.43931183403,25178.89577779965,807.8259804843607
2023-04-30 16:00:00,24544.945483287556,24719.784680291923,24414.208812487996,24555.708226068724,993.4407172639212
2023-04-30 20:00:00,24692.086295228608,24806.31834136222,24240.897180051397,24661.83619755735,807.6592716658881
2023-05-01 00:00:00,24614.144285014183,25082.351807223826,24330.31496483187,24611.545671068823,835.2316527742827
2023-05-01 04:00:00,24631.988296428855,24929.878902429115,24487.255396341538,24579.407475331307,1050.3502956120553
2023-05-01 08:00:00,25054.89068790807,25423.548831172113,24855.248222363127,25017.935213126424,810.3806060984726
2023-05-01 12:00:00,24730.34509935254,24966.271149553577,24339.320438405262,24629.36386253798,1007.6593820126313
2023-05-01 16:00:00,24749.425083521415,25242.320467533256,24536.21052029184,24683.208960108692,1114.5520847695489
2023-05-01 20:00:00,24862.29700698172,25103.057566343112,24362.041383719647,24821.50128576337,1105.9188222805533
2023-05-02 00:00:00,25214.646643066117,25724.742053365233,25106.121761258415,25272.31071321356,1053.7403635894698
2023-05-02 04:00:00,25227.980208361398,25559.396507557427,24953.681419324184,25222.290881900237,851.0767530594925
2023-05-02 08:00:00,24868.109490979023,25126.341705973406,24637.038319872474,24958.45756243864,1061.9637339081105
2023-05-02 12:00:00,25148.519861527624,25322.175376289786,24696.91113704147,25052.371739443122,1000.4484474691462
2023-05-02 16:00:00,24806.886610031568,25354.143661793507,24364.796377292572,24918.55318241962,808.3902677939735
2023-05-02 20:00:00,24936.558934895605,25100.205364676338,24893.62867218723,24983.56359201016,897.2958194181184
2023-05-03 00:00:00,25060.509493439054,25099.60533998305,24547.157365457977,25019.534961491223,1159.2192323598285
2023-05-03 04:00:00,25252.70559421923,25478.05179736085,24902.697832793165,25314.454669011175,866.5646854540114
2023-05-03 08:00:00,24849.64452662136,25284.644807586363,24735.994973171608,24814.288414194056,1141.7955680912023
2023-05-03 12:00:00,24845.235489877043,25048.543263555155,24811.728970456763,24831.874190201168,1024.1944043387768
2023-05-03 16:00:00,24711.849373240093,25104.661312464086,24377.271988314715,24804.935161012803,943.5231440198891
2023-05-03 20:00:00,24704.386349669494,25157.74160274681,24223.137340580997,24687.114845358105,1050.720057607406
2023-05-04 00:00:00,25012.9318801114,25293.654578456077,24698.560101322055,24956.84342644435,1193.078774722344
2023-05-04 04:00:00,24869.072652414467,25261.110247129913,24659.17568117077,24890.78471890042,1116.3396176565955
2023-05-04 08:00:00,24790.67531697805,25306.44670172907,24334.22482223289,24821.237715051946,1091.3719010244324
2023-05-04 12:00:00,24742.080801410924,24827.318448524864,24536.01440020001,24759.089140620847,981.6701327218128
2023-05-04 16:00:00,25492.989426215285,25858.643154423877,24949.28989957519,25384.837589697127,1143.0438527464494
2023-05-04 20:00:00,24899.463893957978,25301.03144037041,24612.13204415259,24794.5724681467,855.4244774981751
2023-05-05 00:00:00,25527.297392220466,25585.858761797546,25426.858903717974,25486.001816601576,953.8344563362073
2023-05-05 04:00:00,24928.564169044614,25029.348065530467,24479.852669875563,24937.81583335631,945.1372751746333
2023-05-05 08:00:00,24986.97309969977,25567.10686525593,24878.408424475332,25100.095783102646,935.9295990779243
2023-05-05 12:00:00,24907.4382642943,25018.54718972278,24661.26128644337,24897.414953714142,1016.512665423537
2023-05-05 16:00:00,25005.043062488043,25391.466081205894,24684.19362294308,24983.64118363991,979.0671295229204
2023-05-05 20:00:00,24846.36049382977,25129.645582906385,24392.76497420137,24830.87041778671,1185.6046589329862
2023-05-06 00:00:00,25044.942605254608,25355.813148289246,25015.92204220293,25055.890148733222,844.8879955925931
2023-05-06 04:00:00,25428.17509874846,25997.018063740154,25169.09550269295,25520.926176611487,1005.9485355383356
2023-05-06 08:00:00,25351.19016818259,25442.33989969054,25055.382158461896,25439.080723998075,1197.2583759628735
2023-05-06 12:00:00,25263.201388999467,25565.89821477913,24980.13905698361,25175.00849626368,1089.0311225228822
2023-05-06 16:00:00,25388.49954536302,25565.916780603417,24936.308467266128,25266.353690735446,813.189574241354
2023-05-06 20:00:00,25373.141715396454,25580.50746674509,24888.799073010887,25499.42517888606,991.6434105910334
2023-05-07 00:00:00,25264.486279893557,25650.747916770833,24839.45521195294,25306.685116479806,1154.658189939912
2023-05-07 04:00:00,25429.09207938428,25904.78511180521,25426.514310285984,25430.056693543745,1130.5906519944804
2023-05-07 08:00:00,25112.563994914646,25431.392551895977,24683.764411027863,25022.098141500188,887.7469507450178
2023-05-07 12:00:00,25224.342114285275,25583.143033395252,25169.01600307179,25262.604134394172,1045.6185977948282
2023-05-07 16:00:00,25309.67527930528,25757.09329967386,25167.630908108546,25206.821058491732,885.4487408052476
2023-05-07 20:00:00,25172.085240085355,25294.69656315971,25042.910789711623,25169.25832781573,1195.4650062961784
2023-05-08 00:00:00,25300.86690614368,25604.58630907295,25023.72459179622,25307.831862010233,901.1417403711615
2023-05-08 04:00:00,25567.754734301612,26016.087434100264,25202.759233130117,25638.17004736198,1073.1062553648862
2023-05-08 08:00:00,25177.63476064098,25371.813193983824,25053.261337786967,25107.20925154807,880.891833987774
2023-05-08 12:00:00,25173.37008883052,25651.84385036154,25029.296656330684,25222.419890164296,1030.2149004410041
2023-05-08 16:00:00,25297.418764274054,25662.810253242056,25094.848043009406,25397.738445471703,1166.6934471184607
2023-05-08 20:00:00,25755.732658981167,26052.92155566032,25628.046242599234,25636.493745111304,1138.807818280788
2023-05-09 00:00:00,25652.877760663356,25901.80963566548,25578.247161812295,25705.66740195865,1001.5852366433444
2023-05-09 04:00:00,25619.06667559882,25827.142405173436,25554.087491295737,25585.156462594634,891.7534622776548
2023-05-09 08:00:00,25193.286646871617,25517.96659107007,25035.051241292273,25267.988063318764,1123.7831501526343
2023-05-09 12:00:00,25636.791876019244,26089.278550400257,25313.734497903188,25664.34776879921,1179.9689652733227
2023-05-09 16:00:00,25084.76158950514,25614.87858111955,24897.46469778652,25160.113551954688,811.2910655669813
2023-05-09 20:00:00,25219.18768182665,25659.182298807624,25090.858854783055,25224.05936032426,852.682101711983
2023-05-10 00:00:00,25841.417685772278,26188.341937538473,25594.436674173874,25720.328045869875,980.9228390762016
2023-05-10 04:00:00,25268.317718506838,25508.17078009433,24843.914682592567,25394.319917342484,1188.208189940713
2023-05-10 08:00:00,25354.82864261328,25433.13302263917,24886.289914126264,25298.810970852137,849.0041098913772
2023-05-10 12:00:00,25521.150580317688,25606.447654668056,25162.535288126175,25432.113795303056,972.8555597710215
2023-05-10 16:00:00,25830.89338778253,26182.02923366771,25734.080054297836,25848.408322948566,1083.9693064013422
2023-05-10 20:00:00,25217.9950372912,25394.036800978858,25119.620671843637,25201.621905826054,975.7391573492791
2023-05-11 00:00:00,25364.946847074396,25810.697393752096,25290.280197065727,25333.340536613676,1124.1216021202274
2023-05-11 04:00:00,25564.02963877371,25758.549364202543,25501.513478137684,25612.051552681503,1126.7926178241157
2023-05-11 08:00:00,25832.051195039545,26269.56541498905,25351.80534587134,25718.344401907932,821.1531443195553
2023-05-11 12:00:00,25665.833221340956,25900.318906253542,25338.315545407022,25773.500431163015,952.3068897282569
2023-05-11 16:00:00,25979.377771638465,26292.45626809826,25710.93218211316,25932.71478214892,837.5663107208089
2023-05-11 20:00:00,25693.004452516194,25929.452417346896,25611.80171775731,25772.633055934442,879.1916287095888
2023-05-12 00:00:00,25797.786024978803,25956.461238436026,25184.196988107415,25673.90139155598,1121.8273766984296
2023-05-12 04:00:00,25513.086244350045,25541.29985378532,25344.048916674114,25422.851639648263,974.2440822095891
2023-05-12 08:00:00,26023.15926779415,26354.306842061877,25872.581461174188,25978.269230092857,986.5479993283855
2023-05-12 12:00:00,25374.79743000313,25816.244256295893,24916.411182308075,25285.48143561077,917.1280257054298
2023-05-12 16:00:00,25460.376276509665,25607.33582129981,25428.021264883755,25495.899878431996,1040.6576624328227
2023-05-12 20:00:00,25794.785269174896,25827.549831210876,25222.88036793619,25692.726383594552,941.3122571383726
2023-05-13 00:00:00,25985.24341103556,26002.914184560505,25845.372814330094,25973.962068989695,1028.7616215263245
2023-05-13 04:00:00,25691.562930765616,25912.118627935128,25461.277584373296,25682.223059509677,901.0162415967098
2023-05-13 08:00:00,25461.482373131876,25608.05480210328,25382.954684118336,25391.496915827778,1174.1044708192485
2023-05-13 12:00:00,25781.803440673808,26052.945739579394,25471.39896214889,25869.477027219626,900.1949871539471
2023-05-13 16:00:00,25600.950155178027,25761.963923834413,25397.886022020844,25685.901998047102,942.1511084921331
2023-05-13 20:00:00,25705.748493937648,26087.622361228787,25669.880284009498,25823.596065244976,821.1897464522283
2023-05-14 00:00:00,25483.657700537635,26068.049113063276,25425.198015941387,25557.745806773037,983.4209886821765
2023-05-14 04:00:00,25428.588694820846,25823.515812185757,25276.07288603137,25433.46811379795,1002.816408146016
2023-05-14 08:00:00,25765.707918387412,25995.05364074179,25547.665193362813,25824.680856705338,942.5837572048359
2023-05-14 12:00:00,25953.145170291486,26203.270952894178,25586.698169707168,25920.12057502752,940.992159280054
2023-05-14 16:00:00,25550.816436016717,25739.876312171375,25237.720531954357,25663.363194093025,1107.4780158907754
2023-05-14 20:00:00,25682.785911084797,26097.73612646052,25370.26050136269,25705.52782204274,944.6992452805691
2023-05-15 00:00:00,25909.1626448415,26413.54887038782,25508.11586863155,25839.213747881327,1002.3159401875879
2023-05-15 04:00:00,25601.957000439932,25656.56693533842,25160.965313591405,25492.124087162843,1007.9629617603433
2023-05-15 08:00:00,25749.94663395263,25776.24031535544,25611.23287304474,25730.549869071587,1148.2847647296016
2023-05-15 12:00:00,26064.990348617474,26587.75283924754,25974.788708538486,26106.846676613994,892.964011289695
2023-05-15 16:00:00,26294.343296109448,26507.473609614084,26200.22579682347,26211.848861942013,1109.3257888045468
2023-05-15 20:00:00,25784.11417709439,25895.998862337878,25322.305017774324,25886.005313136193,948.4857081749778
2023-05-16 00:00:00,25999.464143152116,26512.963207934325,25568.038810399543,26052.14341255955,1108.1809466070968
2023-05-16 04:00:00,25855.391651220703,26269.649602978905,25716.91800117018,25759.293626669303,829.9815496954527
2023-05-16 08:00:00,25896.56059394376,26077.421193656563,25844.967400064586,25872.07737271941,1071.435827711885
2023-05-16 12:00:00,25666.866811449327,26014.162319323343,25137.167219128656,25568.904201860514,949.4527666879027
2023-05-16 16:00:00,25531.19070302847,26060.708994374512,25331.35712821965,25573.26144416365,1049.5339681390335
2023-05-16 20:00:00,25770.146189034032,25951.544415744254,25705.139255483056,25746.200757461327,1184.2929692880123
2023-05-17 00:00:00,26416.370634429848,26925.24156186238,26008.39720186453,26354.02810411592,1024.3109435213275
2023-05-17 04:00:00,25681.86875300796,25961.876642628027,25467.855438306244,25703.75514578322,1113.1354030508437
2023-05-17 08:00:00,25734.066402006985,26108.45890424741,25234.427406709478,25803.454466417363,870.4825435442334
2023-05-17 12:00:00,26268.862772058903,26664.983275614693,26161.486854556508,26325.551099516728,864.0423174219926
2023-05-17 16:00:00,26377.197077891506,26478.136931006764,26228.049965797076,26386.29214553577,994.6602080303304
2023-05-17 20:00:00,26234.191406303198,26621.71435709525,26202.73545277496,26286.08968543086,1125.6390081644872
2023-05-18 00:00:00,25954.852363328293,26417.24047660104,25561.84737595623,25888.668586980977,863.2491135536229
2023-05-18 04:00:00,25752.454244833894,26321.68243766445,25568.74683490326,25814.22759616159,938.0694225474049
2023-05-18 08:00:00,25949.87979472978,26091.630577459975,25523.920499552274,25917.342889797623,859.9354198441775
2023-05-18 12:00:00,26329.35358477951,26691.09673354851,26284.39353800614,26435.133808505205,1058.2060677373825
2023-05-18 16:00:00,26003.549994100573,26505.32481458168,25677.192335454165,26013.98976474099,962.271368519665
2023-05-18 20:00:00,26285.105801160455,26417.558520615257,26285.053983492628,26342.647369936658,1128.9631223656781
2023-05-19 00:00:00,26079.51659703492,26636.354298723374,25980.21750239731,26115.402293588937,1183.400720312752
2023-05-19 04:00:00,26302.304287413983,26419.745887989568,25735.9476140126,26236.630423538976,980.9180358016079
2023-05-19 08:00:00,26350.40602957788,26664.47591963098,26205.52261660095,26423.7766493336,1033.69212294025
2023-05-19 12:00:00,25891.98318102985,26380.764887910722,25614.746835851027,25878.078991597948,1083.5769995374803
2023-05-19 16:00:00,26316.051249217493,26528.16687124824,26107.85200195975,26422.94706381639,942.5999900898314
2023-05-19 20:00:00,25862.996329523638,26030.921295303386,25827.227477744214,25838.973322633705,867.1545249367755
2023-05-20 00:00:00,26167.041627860446,26575.56386138045,25943.10542028689,26106.152699773455,1197.6715029739216
2023-05-20 04:00:00,26413.91636390668,26685.673868995415,25949.44124949396,26392.83186460372,1097.3601780197914
2023-05-20 08:00:00,26129.29355692751,26302.942826583952,25976.15601567145,26188.304593700268,896.555740047422
2023-05-20 12:00:00,25977.039047261573,26435.228062552625,25660.115032077778,26094.736677177018,918.6731840375442
2023-05-20 16:00:00,25918.83502958243,26014.275086771886,25669.119064031962,25978.85008663871,806.7618121307937
2023-05-20 20:00:00,26235.68061400868,26285.3357073166,25992.415444506452,26274.91871223482,1034.1992712065503
2023-05-21 00:00:00,25907.923062109727,26235.443063424096,25834.495392071927,25989.55146205568,886.8453561596426
2023-05-21 04:00:00,26548.214482423544,26629.97737178188,26499.851664834063,26514.342187622835,1074.1763094609869
2023-05-21 08:00:00,26540.29578160537,26890.536502498704,26538.13130037729,26558.4045116732,845.0452235399529
2023-05-21 12:00:00,26545.793501983168,26777.380749580047,26286.050219211782,26643.287787567187,802.1887465973432
2023-05-21 16:00:00,26611.446131380715,26680.352177060522,26135.582081935627,26518.09025483082,1005.9533163768396
2023-05-21 20:00:00,26373.77705635317,26405.49619079961,26192.242841768973,26253.915909338753,976.8332980283633
2023-05-22 00:00:00,26095.634867730554,26554.552090594632,25842.31627026145,26078.661728970874,869.7532235924358
2023-05-22 04:00:00,26065.82853584116,26308.468342083852,25888.5049154437,26065.798337174143,1171.7738036722817
2023-05-22 08:00:00,26495.70678516936,27075.132344941987,26048.919869213973,26623.225256042853,1010.0458545468189
2023-05-22 12:00:00,26540.5669216462,26685.37907234009,26331.666599226268,26590.985440652163,923.5469659966061
2023-05-22 16:00:00,26378.758946462895,26697.119695778918,25930.615861604623,26427.224799513082,974.4826292381263
2023-05-22 20:00:00,26401.12818503277,26684.352857183214,26182.665278250413,26313.61834297575,882.2946777102843
2023-05-23 00:00:00,26540.94342699454,26713.396118436416,26445.461336566605,26601.73505655834,1140.1898303718924
2023-05-23 04:00:00,26339.594942323198,26682.93781618409,26068.600982070508,26214.786146251143,1135.6665591829737
2023-05-23 08:00:00,26029.856919943624,26484.763821049903,25810.449918227252,26072.488961182564,1101.7000233531928
2023-05-23 12:00:00,26798.675919300484,26925.670554686872,26774.16651987008,26781.754720078923,1157.2300412628165
2023-05-23 16:00:00,26659.007061271575,26679.821962299884,26316.634647153758,26649.709066614578,992.0412254032667
2023-05-23 20:00:00,26171.92023189111,26389.270291758145,25973.680962684557,26144.638846485857,810.7205348003478
2023-05-24 00:00:00,26795.488930659485,27041.974182313836,26434.45150426564,26855.872660304016,933.7435164048325
2023-05-24 04:00:00,26481.6234471042,26766.604826632793,26466.429137499,26517.004502155745,1183.200757669848
2023-05-24 08:00:00,26782.188975324676,27261.082932256704,26685.31097550382,26745.712687213025,1165.3797403521874
2023-05-24 12:00:00,26459.62178570534,26700.335978058654,26057.444890738825,26400.477466047047,950.9684037438262
2023-05-24 16:00:00,26528.977287073172,27058.43946016266,26438.158208034907,26646.08886027524,897.3350796799679
2023-05-24 20:00:00,26293.644382315255,26412.313668323055,26224.00366352663,26299.74849920111,1125.1693027627316
2023-05-25 00:00:00,26064.205019851073,26619.177605239205,25674.956431360137,26183.83001920242,1125.324032702439
2023-05-25 04:00:00,26342.22848157881,26404.514375312632,26044.760584474116,26391.643608362334,1132.2654628634248
2023-05-25 08:00:00,26813.444676132698,27394.754138245327,26560.758799801904,26901.31658685897,1166.6232305282704
2023-05-25 12:00:00,26162.950201739375,26398.709132716223,25869.824281533733,26288.44212154177,920.3236091084202
2023-05-25 16:00:00,26312.066460037822,26449.722878546534,26226.08917901229,26322.04903071395,826.7163589380743
2023-05-25 20:00:00,26174.92642445891,26305.20588413153,25814.906609713278,26170.7885757103,924.0575486453426
2023-05-26 00:00:00,26851.660935715157,26997.163938958296,26793.355623296487,26819.470033610913,1141.140380065093
2023-05-26 04:00:00,26538.632432349044,26877.248034227006,26219.272060746633,26481.132449535442,898.2065430083317
2023-05-26 08:00:00,26997.057898586616,27243.124828934604,26926.263927543434,26966.152300339814,819.8916689538476
2023-05-26 12:00:00,26641.242067716063,26748.192156610574,26295.540759357667,26628.947772335745,894.887639645985
2023-05-26 16:00:00,27027.657870589617,27218.697600117797,26377.642571275323,26896.815123700508,1060.3851192848988
2023-05-26 20:00:00,26510.062775731883,26685.995612670955,26027.289270616926,26520.111718793818,1080.320009739784
2023-05-27 00:00:00,26450.32182173506,26688.989007129876,26127.575191606105,26432.671971814856,1184.91357900701
2023-05-27 04:00:00,26985.628762147542,27434.81032152725,26392.966612903336,26912.10218144563,867.4337124645701
2023-05-27 08:00:00,27058.698160957072,27468.291173909907,26539.672748869394,27048.704266023753,879.9292062156203
2023-05-27 12:00:00,26638.66593122103,26857.8318718627,26557.569326827444,26605.6581045263,1131.775427529859
2023-05-27 16:00:00,27062.16907857258,27203.028279405356,26566.540340843527,26954.857602939326,1072.709263473735
2023-05-27 20:00:00,26846.05175658459,26983.669692075066,26465.47792554616,26734.954853113453,886.1742033365035
2023-05-28 00:00:00,26634.296623473707,26928.04206848725,26417.68190104694,26589.625063633346,1002.5685932861549
2023-05-28 04:00:00,27176.888665858034,27647.567240425746,26783.937978148482,27145.985624156598,1035.4794451420578
2023-05-28 08:00:00,26592.938604810584,26683.914237891033,26162.782661349407,26664.792976484252,980.5221258075962
2023-05-28 12:00:00,26845.247617233093,27362.92520686093,26689.379317844887,26803.244760031896,904.5063100191338
2023-05-28 16:00:00,26948.26530444576,27419.87493490559,26757.0385698238,27069.14458480096,863.5181911161884
2023-05-28 20:00:00,26735.68504094639,26929.712504004623,26523.908771783717,26663.63718003067,971.4365996842491
2023-05-29 00:00:00,26654.99743933566,26906.84178336694,26363.833083360638,26589.140867267673,914.771668139252
2023-05-29 04:00:00,27041.163520712522,27239.98942934071,26508.72818726402,26994.119529956388,899.7673930801691
2023-05-29 08:00:00,26948.24840929019,27030.36398348351,26406.069213387294,26857.76071795054,846.733726486871
2023-05-29 12:00:00,26518.16069722383,27042.938918513926,26086.013751745388,26479.00871271953,1016.123067559767
2023-05-29 16:00:00,26471.311319560667,26972.447865735507,26280.040087212186,26546.147678795514,1133.0348690101987
2023-05-29 20:00:00,26915.2695765358,27394.9894979506,26812.50556283913,27014.83752417676,1062.3468763394171
2023-05-30 00:00:00,27203.055111381214,27438.497098863347,26904.788595184178,27242.09272168684,1172.9002731751216
2023-05-30 04:00:00,27035.072867049963,27359.317101982,26520.764913114534,26956.376377688786,1014.0287562157139
2023-05-30 08:00:00,27272.05660213214,27546.874898566377,27028.97404806752,27284.257117926205,1073.1221696989073
2023-05-30 12:00:00,27080.65460511322,27514.491227797727,26837.14298807119,26983.68262939748,1080.1395850144963
2023-05-30 16:00:00,26836.186853120493,26989.73378106734,26475.732656591037,26711.180049675622,823.6073508587775
2023-05-30 20:00:00,27102.655462232462,27317.028676293983,26584.578744317183,27080.927222763617,850.7181873099578
2023-05-31 00:00:00,27282.79754275858,27557.21463752265,26894.941487263866,27357.047693515153,854.5816213606558
2023-05-31 04:00:00,27275.467679074984,27572.41296749701,27105.279235108505,27300.674674949565,861.9602823736755
2023-05-31 08:00:00,27319.779584816482,27563.959985335285,27113.11468887681,27354.34612570418,956.1423119942865
2023-05-31 12:00:00,27282.80919995269,27801.09121724409,27011.62380662421,27221.31749731619,802.2384501511211
2023-05-31 16:00:00,26974.99487651698,27130.019742256674,26390.091429997057,26920.40856605378,855.4898402361679
2023-05-31 20:00:00,27084.36685083631,27571.720150349156,26918.097955632096,26991.45101213632,861.184708628905
2023-06-01 00:00:00,27116.067877015477,27646.11086910587,26584.88451286608,27079.516952620794,944.443210264644
2023-06-01 04:00:00,26735.648113935782,27069.3528197287,26548.326480225773,26770.332817575094,1037.0553779761942
2023-06-01 08:00:00,27478.731897415953,27897.464779592272,27041.60052210303,27427.61181777346,888.3583462012449
2023-06-01 12:00:00,27393.217003540598,27738.962829378404,26796.43118994363,27326.39879661201,849.0181703052949
2023-06-01 16:00:00,27010.551610295017,27190.677014757257,26874.65974988855,27005.272636274127,873.7917558577767
2023-06-01 20:00:00,27454.106027645288,27606.161973344606,27135.789257128068,27332.188519590283,913.8933615636711
2023-06-02 00:00:00,27131.01906335096,27706.985766556903,26589.33795400687,27201.820431335418,1110.2053985961732
2023-06-02 04:00:00,26909.840305435875,26926.685105347973,26687.841317124818,26925.040226591063,817.9240093592141
2023-06-02 08:00:00,27024.398693807172,27559.7667787934,27005.723583216593,27125.556260855792,900.6425450066586
2023-06-02 12:00:00,27627.290389267746,28011.1968645383,27308.47936296448,27510.37828189135,865.4056704992668
2023-06-02 16:00:00,26763.35885040445,27184.07354439069,26280.933265786814,26807.23383129229,1091.6306438442484
2023-06-02 20:00:00,26945.12652966628,27447.981025316425,26491.758480647062,27001.409352864932,1142.9429464539928
2023-06-03 00:00:00,26967.682213294363,27295.773302958918,26561.7878367581,27048.42979199927,879.3204601227474
2023-06-03 04:00:00,27226.87894312912,27656.995769436002,27198.173732760268,27265.794930262797,886.08644542837
2023-06-03 08:00:00,27216.973277148027,27790.77583228511,27007.119342700058,27257.89325752283,871.8349694488795
2023-06-03 12:00:00,27342.95667366215,27738.31704425226,27195.78046570539,27345.840795889264,895.1390235531463
2023-06-03 16:00:00,27393.458133509805,27780.359926705005,27265.24697606737,27367.99629260093,826.9326531455611
2023-06-03 20:00:00,27508.12537941059,27664.349420520808,27017.025449040477,27521.735465718128,1121.729421810203
2023-06-04 00:00:00,27530.30808468299,27758.57861907493,27369.42929416499,27444.120756735585,1081.5860861515416
2023-06-04 04:00:00,26867.150503731267,27315.992140680042,26709.418177198495,26883.55883543694,935.8378232710384
2023-06-04 08:00:00,27205.628194188095,27474.817884869786,27124.377336563135,27299.98895909324,957.5509308699577
2023-06-04 12:00:00,27121.38117725528,27567.229604877884,27041.29986148764,27200.781141973916,842.1073161163155
2023-06-04 16:00:00,26861.924692364402,27467.447751161715,26510.64354215369,26977.440167415414,914.860690007471
2023-06-04 20:00:00,26857.107700994162,27119.298639137232,26349.181930115887,26876.53491627051,947.1839518198767
2023-06-05 00:00:00,27524.172987975482,27807.53001773982,27056.81259841477,27533.490972287633,999.0884665592671
2023-06-05 04:00:00,27085.58952591912,27300.817329720834,26593.068334479118,26963.1495953651,819.7737626609472
2023-06-05 08:00:00,27519.535379724046,27525.485754464185,27353.985366110704,27438.812151963393,871.3726610630765
2023-06-05 12:00:00,27550.32329186564,28213.344080697152,27315.125943747746,27668.2318194946,974.3217608359556
2023-06-05 16:00:00,26951.174528273306,27490.448012527184,26665.170003857165,27057.617776917912,1086.0318175463608
2023-06-05 20:00:00,27387.723723703213,27664.479944857998,27010.267809905054,27365.78598172792,1031.1309666610946
2023-06-06 00:00:00,27604.51967503264,28096.215042939424,27144.052558483352,27701.966635128072,1108.5001538412466
2023-06-06 04:00:00,27321.758809981315,27573.822920525963,27043.62485374882,27318.93913939725,847.6216607303663
2023-06-06 08:00:00,27594.573566376544,27945.502787618814,27339.134513209618,27520.904989955117,1170.5184186498525
2023-06-06 12:00:00,27720.724602638023,27965.46124445536,27612.60448750103,27765.92265015227,833.1264543250818
2023-06-06 16:00:00,27514.652346958268,27942.28587572118,27044.223872554398,27405.608970116493,993.491261395356
2023-06-06 20:00:00,27213.001815216492,27583.455581794344,26808.17829789916,27198.196871409185,1122.9065284457633
2023-06-07 00:00:00,27611.74872806783,27820.353833116922,26973.647549892416,27509.187387512797,1033.0737978825987
2023-06-07 04:00:00,27733.57923926285,28103.4616283695,27484.273943817534,27797.273774670295,1150.8603278325315
2023-06-07 08:00:00,27231.929280564284,27430.796361693923,26869.743806693547,27097.089125139686,1095.294354075702
2023-06-07 12:00:00,27057.23809426929,27676.154811348984,26608.091724870977,27148.696708438045,835.2827638044697
2023-06-07 16:00:00,27542.43415404623,27989.790851243113,27024.08652494073,27500.126651675328,958.9630863131075
2023-06-07 20:00:00,27797.29006766897,27950.145154179194,27476.14865850899,27732.678403065882,936.5104504156961
2023-06-08 00:00:00,27492.11063012095,28002.729119012016,27352.412585264836,27585.10619941884,1184.0843293745938
2023-06-08 04:00:00,27181.41902754743,27395.88793652413,26878.668115383687,27170.939768160173,1055.3826511328032
2023-06-08 08:00:00,27910.52338383999,28266.42800864201,27400.538765647827,27796.413860159453,988.1950707688427
2023-06-08 12:00:00,27242.36749802569,27657.721647283834,26747.603194488314,27279.87707686956,998.5544767560749
2023-06-08 16:00:00,27792.193311135594,28089.020328755534,27630.315073426387,27867.596018476066,1129.9370893316773
2023-06-08 20:00:00,27702.452834222644,28149.44888523675,27540.428072346618,27758.220771590968,859.7722892907201
2023-06-09 00:00:00,27166.1964149309,27337.598316932486,26712.441135361223,27246.258968342732,1111.1085849519645
2023-06-09 04:00:00,27625.175596725974,27956.565411725802,27534.1892560496,27658.088276562896,932.9579244124304
2023-06-09 08:00:00,27711.928813536477,27794.103611048504,27450.64801519653,27610.819215052856,944.5160034882038
2023-06-09 12:00:00,27808.72638741468,27898.198437536463,27282.584829849984,27697.7807804995,1059.658456028868
2023-06-09 16:00:00,27807.30383352349,28110.831787614126,27684.90184742153,27838.64723480844,981.2025242607041
2023-06-09 20:00:00,27617.80542132584,28215.62744521955,27610.297693997596,27712.178412007393,1110.2596594020238
2023-06-10 00:00:00,27354.905419255618,27618.79860391375,27164.513908577275,27359.34207894739,1195.7632107511808
2023-06-10 04:00:00,27798.314018847468,28154.858452031498,27554.90999364293,27885.44368596029,1031.9060092954473
2023-06-10 08:00:00,28026.322836675306,28459.4946936777,27569.977745125318,28029.13600807147,835.7138278539052
2023-06-10 12:00:00,27331.079069991098,27483.183074063214,27325.015954437407,27448.647890695647,1003.9565743366196
2023-06-10 16:00:00,27937.748999431664,28304.44097856402,27384.91753435239,28033.1502988828,990.4392691580435
2023-06-10 20:00:00,27974.827832185118,28045.87659163811,27902.076708147113,28032.092520655584,1126.352639895398
2023-06-11 00:00:00,28006.869968608324,28605.330390562158,27685.088595593134,28088.850448861616,1064.1902939261563
2023-06-11 04:00:00,27931.45318665201,28460.27442696119,27729.650029730074,27915.34086364643,885.1444004154508
2023-06-11 08:00:00,27688.47181183141,27760.78295897662,27294.627035627214,27708.27018178209,928.5051865739326
2023-06-11 12:00:00,28111.954157484903,28435.098511840897,27834.852738911348,28106.170528359708,932.0582657310111
2023-06-11 16:00:00,27472.65236362738,27802.145145581602,27285.767646431177,27478.639615264143,1027.867966719272
2023-06-11 20:00:00,27986.502879918247,28161.039781563548,27737.83336457675,28073.68902635029,1062.0597434635604
2023-06-12 00:00:00,28218.57869224112,28650.500472962984,28084.27310158039,28208.754810381797,1118.8585029075755
2023-06-12 04:00:00,27396.554513122006,27635.668631999135,26926.84610287445,27426.924126147147,922.2305921700582
2023-06-12 08:00:00,27446.78128164953,27512.47868872752,27045.82133178046,27444.604679954024,1064.6981904991833
2023-06-12 12:00:00,27493.415903237725,27527.71222600534,27128.84641166872,27469.218291055044,1172.267538108038
2023-06-12 16:00:00,27405.151272700426,27703.229469130136,26985.196456648566,27525.025546925724,1180.4460502005395
2023-06-12 20:00:00,27623.868833970544,27741.257809987354,27291.72178982305,27647.764949838594,1159.3528448486968
2023-06-13 00:00:00,27378.85754420599,27976.2018716469,27020.51412948459,27474.274617231702,837.4630609552071
2023-06-13 04:00:00,28276.30636671662,28540.973517249044,28093.297980300653,28195.324773925648,927.9050017486674
2023-06-13 08:00:00,27546.31008652798,27808.58623538773,27009.42664999541,27598.07294777487,1056.8100659292654
2023-06-13 12:00:00,27560.02338584843,28077.29863807483,27135.31742149724,27579.423306412416,1005.92212720108
2023-06-13 16:00:00,27696.81725239164,28030.535089617533,27668.3587391177,27738.926881748368,975.1576326818561
2023-06-13 20:00:00,27483.99999554226,27571.481219853584,27325.71223340659,27519.324370175415,1009.2409502981045
2023-06-14 00:00:00,27599.288856984254,28069.351199825822,27146.721087204947,27562.30546788895,1053.2491690870186
2023-06-14 04:00:00,27999.917912985777,28193.285742585693,27975.98611623776,28067.107287114613,887.6438346632
2023-06-14 08:00:00,28097.879409744168,28511.36811571459,27674.913668453893,27998.742419921517,1186.5730329127323
2023-06-14 12:00:00,27810.540534835185,28174.775902899113,27665.649656640482,27697.236676028126,1045.4195831325208
2023-06-14 16:00:00,28060.084580328366,28317.246826822447,27538.042086084417,27982.22301477907,833.6413046718052
2023-06-14 20:00:00,27947.509982928677,27999.158537093113,27401.18749871019,27833.870305366327,807.2480333359347
2023-06-15 00:00:00,28297.22878271982,28545.216502301846,28112.591003909536,28367.72736795268,1195.6889868867788
2023-06-15 04:00:00,27804.446108255666,28348.154197987336,27552.765799042707,27842.828257972866,1093.9486930463925
2023-06-15 08:00:00,27711.396732516456,28343.97224633063,27450.002299146367,27794.222820952502,947.7507530394078
2023-06-15 12:00:00,27875.24939406229,28215.461815548475,27535.843475638587,27789.916918421884,1020.8356359275285
2023-06-15 16:00:00,28289.101544431156,28679.321449024974,28158.528810609674,28215.07381098528,844.4312519124665
2023-06-15 20:00:00,27899.27961917459,28428.392842914618,27379.082084255184,27874.238458800653,1044.5303430710082
2023-06-16 00:00:00,28275.961378217416,28367.307043790086,27910.839484614753,28333.069669067536,1033.2154399251763
2023-06-16 04:00:00,28370.177115043483,28553.66039379486,27849.23675416532,28452.910359068348,1006.1677279127503
2023-06-16 08:00:00,27824.503165342798,28031.161207891357,27694.670923557525,27941.35408900795,1110.2617720895255
2023-06-16 12:00:00,28424.456233353103,29055.80536186085,28125.42786522241,28497.301513978,805.1544023978043
2023-06-16 16:00:00,27952.92215205121,28016.941596666285,27702.759902654856,27855.826938008908,1157.7970531495157
2023-06-16 20:00:00,27892.280179659978,28338.182987867884,27634.277645571136,27795.214055813758,863.2894953921813
2023-06-17 00:00:00,28101.837947012027,28668.8374430646,27884.253772802444,28150.677657049124,819.6111337172787
2023-06-17 04:00:00,28176.057565262967,28351.582968330837,27717.54640153707,28175.553635951972,995.9550323992842
2023-06-17 08:00:00,27857.785873325123,27975.69138128707,27763.71172387027,27940.787851846828,1119.7030446169183
2023-06-17 12:00:00,28091.6936740916,28601.574210107752,27563.850756025844,28198.17886763233,1078.3779644789997
2023-06-17 16:00:00,28258.731627080175,28459.635687524347,27887.353545581176,28329.690878504676,916.7572793412897
2023-06-17 20:00:00,27734.33609509461,28054.508816296802,27313.88089770826,27775.33520579182,979.5837273961972
2023-06-18 00:00:00,28304.610260083587,28785.226755300177,27875.74421544303,28372.8706045199,1153.5330754762178
2023-06-18 04:00:00,28336.546704153177,28806.40237597648,27691.29120291018,28242.73373781388,1077.8901007670283
2023-06-18 08:00:00,28117.158410539345,28652.024713202587,27734.548706711794,28099.004055837122,1023.3545134988257
2023-06-18 12:00:00,27855.325310189044,27992.802014325192,27790.968763688834,27984.669737543933,925.8317478883947
2023-06-18 16:00:00,27947.132263263407,28546.718829182024,27820.02887915783,28030.47185101859,1126.0440037345559
2023-06-18 20:00:00,28741.60702627359,29105.473474192713,28438.27984702383,28623.294762085654,840.0189058785185
2023-06-19 00:00:00,28081.242386955837,28436.66251213865,27641.955534323268,28124.13767235555,860.610881218828
2023-06-19 04:00:00,27941.514337699507,28129.055253128947,27771.38721710291,28001.310179245178,1189.0483257888288
2023-06-19 08:00:00,28709.571359906273,29106.404122555232,28620.835755789238,28680.63438560761,1151.043266864757
2023-06-19 12:00:00,28299.016818288976,28451.30049272653,27754.18655221762,28289.05228531364,1150.1654005578416
2023-06-19 16:00:00,28010.735151306293,28029.196555266248,27794.850422967553,27973.210682780373,1111.1332532009346
2023-06-19 20:00:00,28598.40435645624,28965.364698121575,28086.4180649147,28675.708055302293,885.0620771888252
2023-06-20 00:00:00,28212.14040886472,28799.529846475336,28078.983003880887,28244.47016132275,890.7047207782216
2023-06-20 04:00:00,28255.14184098544,28771.484180564446,27910.990899775003,28217.883516352886,974.6667042723252
2023-06-20 08:00:00,28511.99774746148,28655.113688458805,28088.111645980684,28380.90537350684,974.0013186888834
2023-06-20 12:00:00,28502.02722212724,28940.964218807894,28105.84935930347,28633.732924015614,809.4704177201933
2023-06-20 16:00:00,28000.801055151267,28542.738277658635,27561.442064010964,28062.43218130527,1122.7349561716799
2023-06-20 20:00:00,28761.89840097722,28774.84176566687,28410.696113034952,28772.97684492791,1158.1101178125957
2023-06-21 00:00:00,28708.479778870726,29150.788077052453,28570.524097587142,28727.380017628315,843.6330945324514
2023-06-21 04:00:00,28082.271985088977,28388.339317697813,27538.501529681253,28129.26880407872,981.584274944033
2023-06-21 08:00:00,28521.829889552442,28863.9705598051,28199.195511916045,28467.14483616643,1078.571603918175
2023-06-21 12:00:00,28492.024809789335,28495.415909963293,27814.54743297372,28352.14461520234,917.6407684873418
2023-06-21 16:00:00,28193.058235905024,28636.87347917211,27827.27968792602,28119.407306249093,809.40431485392
2023-06-21 20:00:00,28205.29860800254,28624.752310778113,28020.281954339545,28069.163778927745,969.9029531242222
2023-06-22 00:00:00,28904.551356796113,29305.43385737691,28841.60997595794,28844.961565860907,1174.4978532483738
2023-06-22 04:00:00,28549.173119394156,29050.676048940644,28488.258318102962,28665.95480541146,1050.5000651570533
2023-06-22 08:00:00,28295.087556028193,28669.2633766095,28051.44670998872,28324.31328595978,900.0776365970825
2023-06-22 12:00:00,28557.56235161503,28701.53008763123,28244.922336735344,28434.099739421945,810.6182182740811
2023-06-22 16:00:00,28199.900014152052,28403.62225244687,27906.209711645646,28286.15463658225,1114.2480375164648
2023-06-22 20:00:00,28464.788678546807,28797.446260316512,28179.03002066583,28443.63282495915,1123.0096032213246
2023-06-23 00:00:00,28612.726775386458,28961.67999086571,28380.087113084785,28633.159562512858,1151.0910509857265
2023-06-23 04:00:00,28614.65681951378,28747.739307857504,28531.315275966,28556.75038189953,802.4387453885269
2023-06-23 08:00:00,29056.720497518807,29399.61077464312,28431.311047183466,28967.412856099487,1003.529619873307
2023-06-23 12:00:00,28270.21446388225,28425.53681793957,27821.293771042583,28297.87621160725,911.6174260969542
2023-06-23 16:00:00,28293.884886481217,28539.001981454185,27981.73302743618,28243.311856789576,1121.131281302996
2023-06-23 20:00:00,28383.207282861837,28762.45489965091,27937.945150126216,28506.69368481972,1048.6900383530658
2023-06-24 00:00:00,28394.79817167108,28752.70369940438,28155.73271282535,28335.749652362512,1013.7829535675044
2023-06-24 04:00:00,28298.75054072978,28362.899854948337,27974.057195764803,28302.604380677443,1106.3548629263983
2023-06-24 08:00:00,28888.55881514811,29029.080121354942,28721.956152384613,28909.971562202754,1136.2938003847598
2023-06-24 12:00:00,28322.602603126237,28866.350288080932,28294.504610109496,28361.57489344789,1110.8547499869924
2023-06-24 16:00:00,28733.007273537853,28868.222763132166,28670.50831491273,28683.45300948341,1031.7032316585926
2023-06-24 20:00:00,28510.144129369844,28997.07541019331,27932.686803334265,28432.660488404046,1103.442052712227
2023-06-25 00:00:00,28662.671351232057,29232.035352803385,28655.37712654143,28673.94661042233,1134.0534980660793
2023-06-25 04:00:00,28787.282266531514,29328.887013532774,28243.835288724156,28785.923091753673,806.8218275950525
2023-06-25 08:00:00,28462.56459621153,28609.283754376615,28245.814424849836,28430.337816824438,935.2297502223784
2023-06-25 12:00:00,29111.56577353058,29452.80992240317,28665.87845587376,29099.752527612316,1151.589603553086
2023-06-25 16:00:00,28733.368276454592,28871.46625620518,28198.19630509785,28731.596686185007,926.9765343228948
2023-06-25 20:00:00,29065.16622655825,29224.019053176722,29058.62389669188,29128.390511784055,930.4734770272293
2023-06-26 00:00:00,28944.269389607267,29598.3082428528,28934.283938105567,29071.686574679647,1104.4392646434198
2023-06-26 04:00:00,28656.554530594756,28801.117634290196,28166.745516717718,28799.03018072526,935.5985033474096
2023-06-26 08:00:00,28299.629779976214,28440.037352939493,28184.111949353744,28386.590203707983,1174.96101435518
2023-06-26 12:00:00,28636.502573909194,28721.062904816004,28289.14646748005,28546.564760391106,923.5759032085011
2023-06-26 16:00:00,28514.07055844804,28742.71951258604,27967.665563933602,28520.68663301542,1150.8145579013822
2023-06-26 20:00:00,29162.574532375816,29405.09284327542,28699.035371279486,29079.543662594282,900.0265233912837
2023-06-27 00:00:00,29112.107262596888,29231.735963904848,28951.673492528967,29221.88346153285,1121.2568467260799
2023-06-27 04:00:00,28534.38390882501,29011.780801974593,28429.068367393516,28434.41620076086,888.7026020872285
2023-06-27 08:00:00,29072.24132321078,29354.716429875753,28942.135758229437,29002.095273492814,970.6044274998948
2023-06-27 12:00:00,28492.628271344653,28961.79578970235,28322.860863578313,28518.83378767371,892.7870262740563
2023-06-27 16:00:00,28776.832514787147,29004.13990032006,28392.075493086224,28684.644050021827,1117.4780767000293
2023-06-27 20:00:00,28767.258803101195,29070.494374973514,28267.06547343575,28717.648613354395,1158.9630649200076
2023-06-28 00:00:00,29283.11863171262,29627.00527696831,29161.5356276142,29327.042716324126,909.1248436110178
2023-06-28 04:00:00,28861.598339280146,28884.047063737635,28553.973911346005,28836.017533467755,830.3822163788899
2023-06-28 08:00:00,28908.690870747636,28929.18312326314,28384.619625089115,28840.48901766065,918.1389202614928
2023-06-28 12:00:00,28504.89175850977,28984.691498109292,28273.91968801784,28520.096548238365,1057.6832356213145
2023-06-28 16:00:00,28539.215893487904,28961.03565649499,28050.828798012677,28595.81688950041,1098.8304380204281
2023-06-28 20:00:00,28631.68592714377,28892.365730495385,28422.888215954896,28644.443382540452,1136.265596229793
2023-06-29 00:00:00,28793.40406921168,28971.176485110656,28424.586127232837,28670.251954067837,921.9679421149841
2023-06-29 04:00:00,29043.302208290675,29249.165602735764,28763.053095580497,29058.85179881206,1011.192442127737
2023-06-29 08:00:00,29047.689088545274,29314.0954267567,28395.158115322756,28929.29594629513,933.3455543976769
2023-06-29 12:00:00,29446.83011322077,29607.90335113478,28808.737387697347,29326.003636704154,1006.2912903878416
2023-06-29 16:00:00,28701.70898011686,29256.58282021449,28537.070821670397,28606.735850700286,889.7513377593569
2023-06-29 20:00:00,29225.30834462296,29691.023482333305,29063.840559373988,29125.899276533255,829.7035873404789
2023-06-30 00:00:00,29476.40385975755,29504.372532725487,29377.281925642677,29398.05033186854,1008.0732421950818
2023-06-30 04:00:00,29140.686975529057,29625.952706313656,28885.41149373355,29235.507103681655,1121.7065880431126
2023-06-30 08:00:00,28730.89423788864,28993.502738719406,28124.777947315746,28643.707668643994,1177.9529863174162
2023-06-30 12:00:00,29064.742652199217,29171.807406772863,28665.908581946842,29004.564588541354,932.0334430434474
2023-06-30 16:00:00,29058.786390186506,29367.73725146174,28893.38107378408,28977.767363581253,970.6827078549688
2023-06-30 20:00:00,28632.10441868738,29281.726279915136,28471.799972776294,28763.773616784005,1044.739822448115
2023-07-01 00:00:00,28804.014097731822,29235.855763198728,28336.015326990342,28800.236373390486,803.8371032916403
2023-07-01 04:00:00,29298.638975296195,29695.986755912905,29096.112134990064,29281.384447280103,881.5823520091725
2023-07-01 08:00:00,29365.2472876746,29566.911344702232,29039.84708841915,29434.714804244904,1130.29167804102
2023-07-01 12:00:00,29061.42303257543,29617.691712123407,28897.745624478954,28981.262101895933,951.6642233153119
2023-07-01 16:00:00,28798.7628915775,29341.64200240018,28684.832825275054,28861.44038816691,1099.3197658733438
2023-07-01 20:00:00,28759.753845973388,29100.942459470243,28421.963456573318,28715.048057216998,1088.7456712582255
2023-07-02 00:00:00,28952.361437672967,29094.805348891754,28361.753259481047,28928.80784629305,1113.5894855321242
2023-07-02 04:00:00,29170.283159043363,29220.98463467698,28846.5393986465,29162.434516858124,1124.0106152636126
2023-07-02 08:00:00,28995.384458960532,29447.708259129835,28888.582687097532,29140.526670929517,1081.7806516532585
2023-07-02 12:00:00,29020.947076692624,29562.416577964686,28506.406757259414,28947.06209592793,1008.4300423770877
2023-07-02 16:00:00,29136.393679913897,29385.411122020385,28640.780717012607,29221.466590208845,856.3900820575552
2023-07-02 20:00:00,29625.289049859966,30042.43699189729,29178.934450505218,29517.505724829978,950.9785653908712
2023-07-03 00:00:00,29161.069274458885,29316.92463332125,29011.09448030928,29207.55578037571,1126.9916700997667
2023-07-03 04:00:00,29375.635673930938,29855.49865301445,28850.743344208524,29285.527258466314,978.4332236535332
2023-07-03 08:00:00,29151.94941389269,29530.46798365017,28526.049598627334,29104.928130368742,1052.7165310120338
2023-07-03 12:00:00,28978.325583849066,29022.802368828157,28743.676524043058,28951.604264235415,974.7342508144873
2023-07-03 16:00:00,29236.674595852513,29748.468069815935,29027.543718020253,29097.53983594274,925.5172001210227
2023-07-03 20:00:00,29039.446175578825,29561.43871915494,28462.124753182765,29001.688863993037,932.2731786344827
2023-07-04 00:00:00,29767.991582096853,30307.440139982984,29564.255603414167,29787.286140601373,1174.2155123132047
2023-07-04 04:00:00,29050.390615371896,29529.219558442495,29031.506774771,29165.730752451207,1199.2275645423647
2023-07-04 08:00:00,29341.61899617049,29765.460402949695,29080.522086427583,29472.4730318362,886.9914778101247
2023-07-04 12:00:00,29676.818964653507,30090.996007449514,29612.798015894776,29717.484854386214,1144.1824176608443
2023-07-04 16:00:00,29158.297903276867,29580.513606563934,28642.623948674456,29241.939904906132,1020.1610521563326
2023-07-04 20:00:00,29581.644945492037,29823.412799387876,29367.71385235397,29715.823315189024,1090.7517732265746
2023-07-05 00:00:00,29700.51577020675,29719.167535540924,29280.492036902036,29653.89177668985,834.7128208136153
2023-07-05 04:00:00,29774.353105891445,30066.318295248344,29262.408872759537,29717.96808958715,1075.0634268015924
2023-07-05 08:00:00,29295.09495266043,29503.565431502713,28951.424363211892,29428.85505232912,1012.0059358816867
2023-07-05 12:00:00,29689.418914529037,30392.552443286528,29561.69770406433,29820.31024861258,882.9307654309728
2023-07-05 16:00:00,29097.627125126386,29523.537355977278,28611.449919646333,28993.838982343997,1046.8674329092285
2023-07-05 20:00:00,29428.311069215746,29865.161757894875,28880.434921105523,29520.638607046225,877.6363428430932
2023-07-06 00:00:00,29808.83965936659,30055.332262947722,29463.087627637367,29664.561566207172,949.2654377585336
2023-07-06 04:00:00,29441.826088863545,29509.713771233983,29101.458936887295,29399.944756273322,1028.6761911710696
2023-07-06 08:00:00,29696.88579180335,29929.07735168564,29328.7119282711,29707.610969378835,1117.6617609849322
2023-07-06 12:00:00,29388.20551049171,29641.343204783232,28862.10976771449,29333.618190154535,958.7649966461989
2023-07-06 16:00:00,29015.06169743365,29149.00549853698,28749.244093128298,29076.88374504591,1111.3072888250379
2023-07-06 20:00:00,29656.078480919037,29714.451386021716,29555.770866756855,29624.828010314493,1100.7775527200404
2023-07-07 00:00:00,29623.44182113584,30088.67163998523,29309.38990488051,29480.654140704257,885.2256522973114
2023-07-07 04:00:00,29695.080158722365,30234.9774133274,29355.73849410811,29552.035936343927,1146.2781235907898
2023-07-07 08:00:00,29225.490679276412,29254.19168422465,29120.548574132423,29197.327786141872,1032.4989442736223
2023-07-07 12:00:00,29932.163994408045,30051.98022322207,29353.236084982742,29893.719634841804,1072.0754056463948
2023-07-07 16:00:00,29787.651934444744,30213.95388501223,29625.036807094497,29662.270409999033,900.6338750761296
2023-07-07 20:00:00,29758.118872138555,30175.40335281548,29434.953379510247,29830.014020869432,965.0736921157315
2023-07-08 00:00:00,29598.34578393266,29695.258374410514,29230.12080367387,29653.917343385277,859.4349005190103
2023-07-08 04:00:00,29245.93457641144,29522.051104948303,28785.70625255495,29255.27781607086,1196.1980447119615
2023-07-08 08:00:00,30015.70980896728,30612.50737531335,29423.190232188546,29946.48664206971,851.3801627318148
2023-07-08 12:00:00,29418.533249082502,29682.944699059855,29223.480260338045,29514.087446536072,1077.6885913017702
2023-07-08 16:00:00,29461.5593912321,30042.748604565593,28975.758715459095,29559.494013712367,1133.0549443077332
2023-07-08 20:00:00,29340.08844136419,29527.56795570327,28934.08369854307,29391.96419398998,1088.014163515477
2023-07-09 00:00:00,29720.47648006534,29971.56501018418,29154.422645383467,29859.840097503435,1176.7881241691696
2023-07-09 04:00:00,29566.90304573841,30150.971850449805,29080.5220105443,29648.769286146962,892.6396710006491
2023-07-09 08:00:00,29804.22538481146,29879.437772207937,29224.916165513387,29821.23414434338,984.9778715086911
2023-07-09 12:00:00,30135.174554368066,30501.66652523135,29780.279371965622,30001.67316149515,1184.4831826177697
2023-07-09 16:00:00,29453.028352034547,29902.723178064072,29161.752861339966,29446.98543763341,950.7521497185637
2023-07-09 20:00:00,29561.7300286512,29664.52018274787,29149.071689267184,29616.07234254322,1037.0063631718904
2023-07-10 00:00:00,30069.691085398346,30700.752874758495,30060.448285991984,30132.15993488145,1042.6875522320252
2023-07-10 04:00:00,30325.43844138884,30854.833630394565,29900.781512820995,30183.2362303596,1101.5615952146593
2023-07-10 08:00:00,29875.581334941453,30440.98279330095,29358.23392636185,29801.148191929853,1062.3497279980663
2023-07-10 12:00:00,30203.08649858539,30282.4663614645,29533.122690827484,30119.35951279925,860.2107748967388
2023-07-10 16:00:00,29618.000517197088,30186.906178092886,29444.11899796603,29513.910735075344,958.6129504966054
2023-07-10 20:00:00,29608.311735484804,30078.998581659624,29429.61475508881,29559.105834772854,1132.8628868123467
2023-07-11 00:00:00,29853.032917387525,30096.097748978445,29557.183437569005,29978.803577825987,886.4766907709138
2023-07-11 04:00:00,29870.251609764266,30293.14422509958,29299.43481366454,29906.69154934865,880.2244734519634
2023-07-11 08:00:00,30127.71087498959,30517.682600887936,29917.009008659526,30087.712323678858,864.8937851344821
2023-07-11 12:00:00,29992.207918026757,30000.73243033378,29780.233355726363,29878.845707958833,1114.8273403213448
2023-07-11 16:00:00,29966.69273925641,30583.691171838123,29400.275238829872,30061.221430019963,1090.1644287397266
2023-07-11 20:00:00,30126.81281105097,30382.275793954293,29635.654594748365,30000.84220746588,825.9898932837314
2023-07-12 00:00:00,30011.049216770203,30309.902769723325,29760.372673793812,29934.1979587581,832.3793197294661
2023-07-12 04:00:00,29797.544418316626,29920.24516882945,29264.167120021466,29776.86870269138,985.5911386198039
2023-07-12 08:00:00,29678.504741421697,30029.324261814185,29362.218673975614,29706.862839870242,849.1627261336486
2023-07-12 12:00:00,30048.748222759903,30520.335276641952,29804.535047977155,29908.32702479452,1098.9753709616782
2023-07-12 16:00:00,30128.214932745836,30806.243719755985,29615.484103844658,30268.016544681846,934.3991046123418
2023-07-12 20:00:00,29798.96256586654,30224.36422169169,29677.900247259226,29857.581636134575,817.1977290942324
2023-07-13 00:00:00,30306.957478100237,30808.638928700468,29979.214462008003,30352.08062807071,831.4436448301016
2023-07-13 04:00:00,29911.453705487147,30352.428820610443,29303.81469017722,29847.87410117227,918.4449789238198
2023-07-13 08:00:00,30181.01204989438,30435.33748005496,29511.412491958366,30033.99364022307,1119.2128224368726
2023-07-13 12:00:00,29946.96401136472,30160.28222973928,29723.46180760022,29839.585089922275,1020.2853938789016
2023-07-13 16:00:00,29569.244067417792,29654.50629880107,29122.583347372467,29555.83842524577,800.8084733193946
2023-07-13 20:00:00,29935.992525286783,30024.423317649387,29799.738800145686,29845.421199114702,923.4045043852432
2023-07-14 00:00:00,29849.616148060995,30039.84600982346,29355.171162420982,29707.411276628405,932.8049690596225
2023-07-14 04:00:00,29759.980400793665,29871.840729889085,29742.92220334692,29761.490867748693,1001.670126047225
2023-07-14 08:00:00,30279.06216912243,30792.730742355096,30106.61148739937,30349.602579070444,981.1910348823776
2023-07-14 12:00:00,30330.330393478773,30470.815940773133,30262.67896751747,30354.08730230063,958.3555240340319
2023-07-14 16:00:00,30087.942428205988,30672.362819494658,30010.62701423809,30149.984264920073,1092.8029152313093
2023-07-14 20:00:00,30023.87561396327,30218.14728386042,29784.32647532682,30075.806286692485,811.2644787831897
2023-07-15 00:00:00,29878.726513975897,30337.4356475223,29476.174320653743,30022.334020464983,828.3794175262061
2023-07-15 04:00:00,30550.724170450245,30909.51550161069,30073.064731512815,30485.414606352693,1192.160377757513
2023-07-15 08:00:00,29702.86391516226,30271.332218013493,29551.602826141116,29715.02231853337,843.5166026263557
2023-07-15 12:00:00,30077.024216204838,30806.328425796055,30006.752581975943,30213.566256471684,969.740978455072
2023-07-15 16:00:00,29895.898147933727,30031.097354316804,29634.225330132722,29820.500362131083,1092.8849475190382
2023-07-15 20:00:00,29655.774443218157,30273.278268227095,29264.088178650032,29712.423473665054,946.5770784308235
2023-07-16 00:00:00,29762.3288920194,30197.782900893115,29296.58922349198,29870.458449828693,834.4724448433799
2023-07-16 04:00:00,30153.484809998474,30746.16971332303,29669.695890453444,30118.178108173208,1051.7922279475165
2023-07-16 08:00:00,30686.77469385536,31257.99106061613,30634.723383768396,30641.21644830569,813.3204606401654
2023-07-16 12:00:00,30587.35388200966,31027.83683650029,30490.995736312754,30626.937024230843,801.5432375254144
2023-07-16 16:00:00,30738.874628867427,30939.983610096602,30265.909026204798,30590.15594336862,1098.1353583284067
2023-07-16 20:00:00,30470.01799373806,30488.239014023784,30279.51582943402,30355.03816032352,1095.106144563894
2023-07-17 00:00:00,30060.368986360147,30581.211758767047,29893.86614568682,30080.959264576064,856.1026603555199
2023-07-17 04:00:00,30499.586587799993,30904.106100280467,29961.023974021173,30356.992549935356,1060.6059262336366
2023-07-17 08:00:00,30458.13725530858,31098.580099632323,30432.531185621796,30605.923443357817,888.3913920284332
2023-07-17 12:00:00,30036.82993719093,30224.024560997368,29751.29152274176,30145.757481191813,857.8665860184221
2023-07-17 16:00:00,29774.01611438113,30278.65951089069,29496.056915489276,29833.27308919951,1199.3456003921874
2023-07-17 20:00:00,30432.308152871108,30860.511759629222,30008.722951823318,30507.40411554296,974.4250390935357
2023-07-18 00:00:00,29933.248704643916,30015.787285623133,29818.010813665504,29931.87754617164,850.9362701350024
2023-07-18 04:00:00,30161.468730152705,30496.30350947385,29635.66945519867,30135.85273627444,1079.7631175893491
2023-07-18 08:00:00,30579.96838604431,31053.674685656024,30253.316151892963,30710.25862614914,1051.5663543205783
2023-07-18 12:00:00,30549.96026950845,30737.148585036393,30444.877201504736,30487.09958281404,1126.4073841106965
2023-07-18 16:00:00,30305.628480198553,30849.70899469447,29806.35867341033,30229.977870725666,1177.436694858263
2023-07-18 20:00:00,30856.935831732735,31226.503667281624,30721.965287318024,30758.069712009128,978.9768111208416
2023-07-19 00:00:00,30622.409423919376,31031.93178821223,30249.083809995303,30595.33569438896,995.1289726404297
2023-07-19 04:00:00,30041.231721447024,30285.34645870724,29606.171191801684,29969.863835981043,1054.0856059942118
2023-07-19 08:00:00,30697.128802587256,30755.51949048152,30451.057983833896,30686.03541378697,1062.2879647826724
2023-07-19 12:00:00,30134.78871253403,30447.128687874385,29939.577289436467,30185.160115090737,950.3728422192007
2023-07-19 16:00:00,30208.049588904967,30820.871618916524,30147.032179718863,30320.931829277804,1099.567037183127
2023-07-19 20:00:00,30209.58299868389,30762.839348489302,29774.405390969187,30088.296124608973,927.083057940173
2023-07-20 00:00:00,30681.94681051259,31049.803471475658,30145.291762996767,30621.847940484335,909.9875437284103
2023-07-20 04:00:00,30688.357683761635,30787.246754518525,30298.867793056943,30757.747710445223,1140.1795318057739
2023-07-20 08:00:00,30075.64255493573,30397.744785836774,29765.67940216319,30020.627733329522,939.8164861912937
2023-07-20 12:00:00,30937.9873131643,31245.449823023522,30342.44553670796,30829.99983133347,857.8476353779582
2023-07-20 16:00:00,30879.572445910788,31029.013699772386,30741.880187062685,30906.22647089552,919.1112736001077
2023-07-20 20:00:00,30397.767791171867,30620.604270362877,30159.74948422153,30519.32795533888,968.9630532220932
2023-07-21 00:00:00,31064.754920545547,31653.412982366764,30575.678395604973,30956.74550682341,1185.735439274926
2023-07-21 04:00:00,30474.121110424057,30753.539082034462,30438.681943497042,30533.13030195421,1109.9316170387833
2023-07-21 08:00:00,30322.556050420582,30817.267039599818,30235.212813909806,30316.574127639284,1120.2624023804424
2023-07-21 12:00:00,31001.710176560635,31529.635647268125,30538.548786261024,30887.379394392192,863.3778532862544
2023-07-21 16:00:00,30069.01707624646,30449.755372857206,29929.918136227247,30110.602684772133,922.6229576763127
2023-07-21 20:00:00,30064.60176665889,30332.675748098543,29523.46075957586,30107.362162211917,990.6893051295451
2023-07-22 00:00:00,30689.50342151314,31019.9387346744,30589.44603113957,30658.00656525778,1099.1152132266473
2023-07-22 04:00:00,31198.737832270952,31626.53743130542,30498.271842870214,31045.909128409214,1196.6839845705363
2023-07-22 08:00:00,30879.01001997701,31401.906321444952,30757.801924761876,30924.37753711222,1166.1857893181561
2023-07-22 12:00:00,30516.07741387769,30657.382142953476,29842.581505566202,30450.951805491863,917.5253219735971
2023-07-22 16:00:00,30272.068274092813,30728.60783316556,29864.12620215712,30349.13010263384,1143.0362416368575
2023-07-22 20:00:00,30414.78850474025,31103.64613867907,30102.47252772202,30562.718201678188,950.128650255837
2023-07-23 00:00:00,30767.87111166738,30811.84708394991,30618.60373090961,30760.024975176457,1198.3555569245887
2023-07-23 04:00:00,30518.15675692973,31179.047730123377,30417.16769402927,30624.401295659332,1122.2796819974692
2023-07-23 08:00:00,30699.430021265376,31285.27305775413,30140.3619409739,30697.006849008907,919.073839013992
2023-07-23 12:00:00,31048.935345256843,31517.918809431823,30942.505644563502,31063.06555472774,940.9121425043015
2023-07-23 16:00:00,31127.02455811824,31209.715800623322,30792.598648910018,31051.725348069947,1152.3634126905704
2023-07-23 20:00:00,30522.588833606656,30800.380449318127,30135.03131217299,30482.349467895463,802.9170621263278
2023-07-24 00:00:00,30490.547029628655,31038.523214541783,30033.412228519686,30556.198033905115,865.2589787829579
2023-07-24 04:00:00,30692.072959419547,30963.99995141528,30573.864129531536,30786.922758507248,817.8650185254465
2023-07-24 08:00:00,31349.983751998712,31786.38783858448,31135.40628469071,31196.086669362645,1177.9250818645603
2023-07-24 12:00:00,30711.546254854253,30916.33233890826,30304.81152888897,30719.87033930038,1035.8341577334652
2023-07-24 16:00:00,30925.32410341483,31568.507083680575,30318.188970225357,30983.521752178352,1007.2415880267986
2023-07-24 20:00:00,30254.046743392544,30336.216673600455,29806.284178880127,30315.843583095662,860.5066795112821
2023-07-25 00:00:00,30480.69163095396,30812.480839587915,30023.698655220534,30370.835365316303,883.5110691440568
2023-07-25 04:00:00,30889.446967822583,31191.85641575758,30419.208162663173,30857.492699656734,985.8106901289823
2023-07-25 08:00:00,30688.872066056123,30712.789530754275,29991.56220697222,30589.641480822276,1170.9034185819114
2023-07-25 12:00:00,31156.39330761575,31241.373160983017,30939.111933288827,31002.197260771918,1074.1763926118822
2023-07-25 16:00:00,31222.625381168775,31480.29122850804,31062.200465078397,31129.56692068787,1010.9132558828645
2023-07-25 20:00:00,31019.70219098961,31175.94783212478,30571.056024919908,30913.62338949608,826.0041587849669
2023-07-26 00:00:00,31220.223009664296,31513.684546425793,30609.783523969607,31110.42691059547,860.1489882349657
2023-07-26 04:00:00,30600.937742477257,30742.850538658557,30332.152806166916,30474.01789717843,934.3853037818996
2023-07-26 08:00:00,30870.235363685173,31433.831204733804,30474.763871963958,30752.70392305141,1061.0826838124788
2023-07-26 12:00:00,31194.113658115602,31513.47143392918,30882.329937824084,31144.793530535386,1178.5482338185243
2023-07-26 16:00:00,31278.18321621669,31393.75138267263,30817.86767314208,31210.946950018893,894.2958869251115
2023-07-26 20:00:00,30588.618082358087,30626.19607605222,30135.789118045126,30622.916232207703,1155.2711545605218
2023-07-27 00:00:00,30714.938933084326,31129.977635359654,30582.083019839814,30642.60342267317,835.84330272659
2023-07-27 04:00:00,30795.7648452309,31173.372926674896,30770.665741214216,30807.974523077548,957.3976786810986
2023-07-27 08:00:00,31299.142191150582,31726.638109405372,31063.190882855753,31208.664007716052,1144.9845936696106
2023-07-27 12:00:00,30807.99987103473,31027.45279133229,30606.059656983343,30819.58512121622,805.3365009338371
2023-07-27 16:00:00,31218.866279737158,31565.968075554898,31157.65919861783,31347.74315902422,982.8238878914108
2023-07-27 20:00:00,31070.314923557726,31669.161144800837,30513.05162100642,30959.868972098142,975.5637933711848
2023-07-28 00:00:00,31159.962272635305,31792.551465190336,30755.611120458136,31246.639730703333,1099.5397335291455
2023-07-28 04:00:00,31249.782849408344,31875.929830178593,31148.019605843383,31374.88827995687,954.1364424907678
2023-07-28 08:00:00,31361.064782485988,31736.569865782618,31249.50135703768,31401.35544822644,907.4196620790052
2023-07-28 12:00:00,30987.36787775164,31048.293052022058,30748.576177276787,31019.205716253422,970.269960768926
2023-07-28 16:00:00,31326.330948047467,31947.61897653473,31127.59623331442,31281.28459102832,986.2627481238255
2023-07-28 20:00:00,30939.875436458293,31401.269877731393,30818.96840056766,30860.974215524067,1172.6326014249712
2023-07-29 00:00:00,30969.478541407836,31366.04391781863,30370.281374961633,30956.936728681103,1055.1992277573263
2023-07-29 04:00:00,30768.74371074763,30791.176060208727,30509.986428064713,30706.269887472732,990.4359021684495
2023-07-29 08:00:00,30672.27597979439,31187.409824971837,30618.32132898079,30805.05336712734,1059.8346573210927
2023-07-29 12:00:00,30915.834817351515,30966.688285588727,30607.638899581645,30784.268233252424,1016.3521732056595
2023-07-29 16:00:00,31268.900141179027,31501.60560775731,30695.273398183628,31124.599913844766,929.4610851898589
2023-07-29 20:00:00,31104.909715212547,31833.122712577777,30542.35364124927,31259.041995566135,955.0089318284353
2023-07-30 00:00:00,30646.130078205897,31237.33893032704,30215.311123208383,30743.124647923476,958.2054657534395
2023-07-30 04:00:00,31496.289382003004,31726.615403677482,31022.177396000483,31540.78212951219,1035.9168870831954
2023-07-30 08:00:00,31240.386979499835,31612.643027547307,30935.71960064425,31100.705661628424,805.5616478099146
2023-07-30 12:00:00,31450.593581679335,31786.036274700495,30897.520775670586,31356.911984867846,1048.0251333807673
2023-07-30 16:00:00,31446.19638205647,31706.245446978406,31274.58974330432,31524.244102090845,1024.2248203900658
2023-07-30 20:00:00,31658.51996851468,31927.511556897196,31014.205425064654,31618.451338746167,873.8525590647162
2023-07-31 00:00:00,30813.734360128194,31472.722670749597,30778.18047855296,30885.846117143225,1082.1134793030678
2023-07-31 04:00:00,30949.77621739604,31184.109740629323,30585.70691905352,31041.924164276097,1136.5607138777646
2023-07-31 08:00:00,31399.960548948085,31608.313238634568,30708.935288765246,31251.5799267417,868.9673999456687
2023-07-31 12:00:00,31068.07086282594,31769.084153235897,30752.438736724354,31219.00430109849,1074.0013517648658
2023-07-31 16:00:00,31364.334096352974,31694.179564066773,31044.90261856381,31345.50934867592,988.2389022307709
2023-07-31 20:00:00,31071.359819237878,31621.57080280505,30598.930344432458,31127.876174657264,1118.1913924283185
2023-08-01 00:00:00,31144.902139464437,31253.33401595127,30832.851105251655,31016.959162408915,876.953429399594
2023-08-01 04:00:00,31229.908264286307,31438.447594913294,31192.963098940298,31237.092254969502,976.9250633270271
2023-08-01 08:00:00,31182.590769705184,31487.06488464837,30786.726701836153,31234.007207151855,984.5592125958109
2023-08-01 12:00:00,31096.487904717465,31233.29606697664,30905.72735593421,31180.55011790779,1167.049287016074
2023-08-01 16:00:00,31637.493396994636,31988.03029931682,31604.417892495676,31727.246783659488,877.9377266757529
2023-08-01 20:00:00,31146.46853390358,31203.16156659843,31004.11976000047,31106.467631906697,841.5417316904538
2023-08-02 00:00:00,31312.700101909886,31605.449929529674,30982.960367937263,31373.46070880722,1029.4327371689646
2023-08-02 04:00:00,31335.071351681145,31936.47984981956,30733.991024768067,31280.401971878953,934.8380599901402
2023-08-02 08:00:00,31200.52960604608,31496.560553409967,30678.715962827824,31127.00943650527,842.0879431250371
2023-08-02 12:00:00,31063.41361761123,31702.157491033733,30590.18589310089,31123.03996918112,895.8772852134978
2023-08-02 16:00:00,31855.30845518097,32087.925434787965,31391.024467043917,31846.840217766578,1007.3037288854381
2023-08-02 20:00:00,31773.426107770927,32103.577718443943,31552.8578927531,31698.07240797341,1063.5449874291935
2023-08-03 00:00:00,31303.18766052928,31364.4825709444,31150.2777592677,31303.170133701027,1190.7094939888502
2023-08-03 04:00:00,31702.145834715884,31914.99038515579,31264.989901975117,31775.520527200813,847.6915758054608
2023-08-03 08:00:00,31144.877395579348,31707.50841611261,30652.726728524754,31254.5204132096,987.424230025699
2023-08-03 12:00:00,31670.925182309154,31954.46139902844,31203.47636449156,31729.89434003889,1178.753813281496
2023-08-03 16:00:00,31470.893640723145,31891.431993134862,31326.014307174304,31540.42644605475,910.4063271585933
2023-08-03 20:00:00,31720.958811619643,32232.160005585058,31151.94961433554,31612.607099969544,1144.7730448864127
2023-08-04 00:00:00,31292.00255042722,31536.21259547654,31195.689800756405,31340.323106993277,819.1823720197538
2023-08-04 04:00:00,31046.40890085054,31353.835238444804,30723.1227366291,31177.26392820444,987.9168576244972
2023-08-04 08:00:00,31800.63650963147,32455.311463706043,31604.744698959068,31945.62180105268,1171.1343531174577
2023-08-04 12:00:00,31991.887508412587,32627.834528138144,31433.767544895607,31844.714564447826,1148.8733720525927
2023-08-04 16:00:00,31920.282475670458,32508.187680903586,31874.037787988073,31983.52648876853,1176.478679267152
2023-08-04 20:00:00,31047.860065729736,31654.560414136293,30800.93073724372,31077.82487471773,855.1489286030815
2023-08-05 00:00:00,31942.203437229466,32167.736544813753,31743.556716220406,31899.44836529743,878.9482120572206
2023-08-05 04:00:00,31297.3836974603,31719.086072175556,30554.764204992407,31143.21231461321,1161.5731481933283
2023-08-05 08:00:00,31986.47463287161,32247.764574890494,31420.013437802027,32023.232378641846,832.9544244899762
2023-08-05 12:00:00,31374.05179128424,31870.068415352584,31226.804698369,31396.202035737733,824.1463512662201
2023-08-05 16:00:00,31539.73480453729,31783.274119063008,31227.138702828117,31593.820034316297,854.2342727277966
2023-08-05 20:00:00,31564.024158782635,31832.78140485294,30933.002618544462,31455.518199740352,967.009168564033
2023-08-06 00:00:00,31968.15782348663,32432.79773985515,31334.82184285766,31860.99955232098,1016.500549767749
2023-08-06 04:00:00,31896.824073755368,32304.141468075464,31470.68386284721,31912.37087120014,891.0675550360727
2023-08-06 08:00:00,31760.07111148973,31987.492420036826,31149.828480733704,31751.67180922419,1068.4255649470065
2023-08-06 12:00:00,31866.19876095094,32260.243938753985,31480.915616704577,31978.197733935165,1108.4195543903247
2023-08-06 16:00:00,31309.111898798918,31930.611169346612,31261.45575310147,31438.030156382054,919.6498158894674
2023-08-06 20:00:00,31330.342753200082,31602.911162854478,31274.40251829068,31356.76531203688,1194.0719621585954
2023-08-07 00:00:00,32105.512676620347,32362.124836948373,31403.652207575375,32016.453372967262,942.7990174656404
2023-08-07 04:00:00,32003.40173512604,32619.817880146136,31529.772275387637,32044.777164318522,1093.294187985715
2023-08-07 08:00:00,31465.325549090474,31532.59167936119,31309.961086478826,31336.995999834493,854.0465481206656
2023-08-07 12:00:00,31481.38302180564,31927.64846528031,31020.710956993003,31614.553255929764,801.1430044984237
2023-08-07 16:00:00,31272.14607247558,31544.147482221913,30756.861940397204,31347.343293546266,1083.9356565235119
2023-08-07 20:00:00,31829.5080150645,32024.92766090352,31762.609672313465,31857.147381731713,963.6377679809058
2023-08-08 00:00:00,31632.291904823152,31997.162612941807,31129.809752906764,31693.205747720098,888.6222307962981
2023-08-08 04:00:00,31384.412514304786,31650.935693045067,30776.23529162037,31477.484160271335,874.9295824862913
2023-08-08 08:00:00,31763.362354104676,31977.079667669263,31549.463367095243,31910.05041263721,969.4215241789128
2023-08-08 12:00:00,32257.69675047783,32651.600775631076,31707.52604061457,32097.58441051355,869.0690896163458
2023-08-08 16:00:00,32016.899641935415,32240.877831369162,31685.960822270077,31935.30146849755,833.6594033578302
2023-08-08 20:00:00,31791.64965835422,32035.97840892614,31622.877818435358,31844.543696688732,827.7438385071601
2023-08-09 00:00:00,31365.263029437887,31671.846621260684,30840.767052593157,31419.442335898577,846.0873476711938
2023-08-09 04:00:00,31718.418072618522,31890.64039922468,31175.962853618817,31843.28705173826,1195.68031661081
2023-08-09 08:00:00,32303.027385832433,32729.125705112263,32029.067788053457,32346.836124423717,1158.9167463193744
2023-08-09 12:00:00,31812.20745984154,32067.238352869474,31673.283135427573,31754.57092002272,952.8210483242943
2023-08-09 16:00:00,31346.8684283093,31806.642666816686,31341.497715083344,31420.573630433606,1079.6180377561827
2023-08-09 20:00:00,32189.513340221416,32547.86515303521,31916.105140794432,32296.759786558843,1139.4413153592382
2023-08-10 00:00:00,32073.40564216792,32124.92812269238,31724.624119017746,32123.360937004305,1164.8278929375726
2023-08-10 04:00:00,32067.49918851112,32676.9202683858,31443.33170349376,31938.864977966437,992.288052914623
2023-08-10 08:00:00,31602.702227221977,32091.119603495335,31399.963447804494,31688.27006455143,1055.5971600321018
2023-08-10 12:00:00,31566.31635455916,32291.163365648106,31406.004431119876,31667.93624811823,1037.655975970375
2023-08-10 16:00:00,31754.36036467498,31826.1634218152,31309.104741395917,31742.166994908075,1062.0761172492075
2023-08-10 20:00:00,32206.114927748407,32719.607743128472,31696.073482845517,32214.4350866159,1002.7028122094476
2023-08-11 00:00:00,32516.03457810909,32873.671218678566,31924.351034996514,32384.9571788007,815.964637475227
2023-08-11 04:00:00,32340.898304033784,32739.70289937979,32129.839589950134,32476.679148809628,934.26863727564
2023-08-11 08:00:00,31706.667287558983,32178.749345342443,31137.987787733924,31765.4264080676,991.2471219039105
2023-08-11 12:00:00,32220.53026294978,32284.06222456168,31900.912868448453,32158.644108512555,828.2015402276658
2023-08-11 16:00:00,32058.473834399763,32122.715569884884,31883.10159652422,32072.544856487675,814.031949545609
2023-08-11 20:00:00,32258.63087582381,32854.17566480179,32160.052193252624,32296.019950752685,878.0607225105822
2023-08-12 00:00:00,31931.33907747559,32040.764022805455,31476.68687467111,32001.58506893148,977.1602188964944
2023-08-12 04:00:00,32460.251562453283,32932.61756613454,32123.22552492285,32408.03212809194,852.7375162393225
2023-08-12 08:00:00,31791.449989408193,32175.707901861108,31176.668676854784,31858.86159169809,1167.104471519958
2023-08-12 12:00:00,32629.54454169446,33158.00436446478,32098.516756763733,32475.818719746243,1171.1701704013494
2023-08-12 16:00:00,32406.113425206524,32499.83903513247,31953.573317948805,32312.937871636805,973.0094298310943
2023-08-12 20:00:00,32438.301300857434,33037.08723100734,32345.268879555137,32429.64073251206,1174.704846272008
2023-08-13 00:00:00,31875.702730036897,32481.899180878718,31690.309399786725,31957.68390872126,1090.6345174715693
2023-08-13 04:00:00,31993.25842516774,32156.339570919197,31777.134167768203,32042.19223962914,1164.0200899479626
2023-08-13 08:00:00,31668.518349536524,31988.36030067546,31239.945702045687,31811.60221106106,867.9969692968925
2023-08-13 12:00:00,32223.784688158066,32480.781095365728,32213.45210735357,32339.78045556894,1147.0663774765667
2023-08-13 16:00:00,31803.700690905982,32391.656525194147,31599.87462421624,31790.797741367704,1021.1815250937996
2023-08-13 20:00:00,31864.86909892587,31993.698461751235,31621.130440035187,31714.196784124804,1068.8636971649273
2023-08-14 00:00:00,32264.030681751527,32535.31767463604,31689.188538301896,32365.37309197959,1139.7147250642538
2023-08-14 04:00:00,32236.380222278854,32641.876365525957,31964.33286134165,32368.811030864705,831.6500948025335
2023-08-14 08:00:00,32312.595479213396,32518.932984913597,32307.27514033013,32379.4056270413,1105.2522744187017
2023-08-14 12:00:00,32086.15724130254,32556.57975812361,31907.98221568224,32213.969344068333,1183.2929595561368
2023-08-14 16:00:00,32810.94775655439,33105.79834685242,32173.086621108236,32692.71041830645,905.0679584166018
2023-08-14 20:00:00,32190.603033789812,32500.365891568945,31604.4666783391,32190.946571738274,1143.0913747552725
2023-08-15 00:00:00,32728.087488981295,33326.09111453757,32113.70100068991,32669.904156904922,850.5707164353262
2023-08-15 04:00:00,32665.244398238243,32691.96835319319,32492.941801023688,32673.416261742543,991.3646790856425
2023-08-15 08:00:00,32507.966753104494,32869.45248179621,32023.061890021676,32653.646230603503,1004.5600028987752
2023-08-15 12:00:00,32740.441191918882,32864.35647722724,32373.702456356874,32708.38581023473,988.1526141460159
2023-08-15 16:00:00,32000.995717092912,32305.890730955452,31591.380648163467,31972.106815017334,906.7277974174777
2023-08-15 20:00:00,32321.810628108033,32711.230628144327,31997.842229777078,32371.96702271845,1182.1012023930364
2023-08-16 00:00:00,32649.09449669816,33360.24992256756,32459.510019824993,32808.42312643888,884.434583467407
2023-08-16 04:00:00,31930.63049145116,32139.218727910345,31674.271016724295,32081.694518191907,1076.061335873687
2023-08-16 08:00:00,32231.242990822702,32355.209409372652,32121.908995485348,32325.490170399476,904.6424152507001
2023-08-16 12:00:00,32818.025741525016,33351.6934699736,32189.523654679186,32836.685214216006,1005.4815737723954
2023-08-16 16:00:00,32074.622326393674,32684.75244168658,31545.40288352231,32169.662153184137,842.2432971095391
2023-08-16 20:00:00,32874.20958875663,33210.34705600934,32291.192859164887,32811.21957649129,1089.7174715645274
2023-08-17 00:00:00,32782.152358161205,33329.843778789655,32391.489715372045,32666.43932713958,915.6463396768125
2023-08-17 04:00:00,32266.262674070327,32624.321997827315,32031.144358268324,32265.65055394022,1192.9583778089127
2023-08-17 08:00:00,32116.91311826231,32537.347787327162,32067.77738958879,32104.4668624551,1099.7386027209195
2023-08-17 12:00:00,32752.295494636568,33043.584184694395,32480.724116872672,32636.359299506392,1103.2470133970573
2023-08-17 16:00:00,32875.009470090554,33460.422200220244,32625.567089211516,32818.07026376616,1084.1483970612508
2023-08-17 20:00:00,32364.01103968916,33074.429290648986,32018.047842396798,32523.973117401667,1151.887207303805
2023-08-18 00:00:00,32753.212537144766,33035.38181916968,32391.69830587168,32639.975557865317,886.0904651112048
2023-08-18 04:00:00,31970.584918083616,32533.589039787057,31740.742149119265,32122.806119629884,1128.6953405288775
2023-08-18 08:00:00,32714.542407141016,33348.87402378741,32221.604784003914,32843.02495058913,802.2592469397257
2023-08-18 12:00:00,32898.18566991473,33310.74324539976,32578.363626890685,32747.505979103647,1098.901515672095
2023-08-18 16:00:00,32188.12971694483,32398.345539727212,32138.823927911144,32200.388881964052,1142.3719179063148
2023-08-18 20:00:00,32558.761796089522,32853.84444859796,32317.6438087548,32433.510960286836,1044.344975747254
2023-08-19 00:00:00,32484.88215118892,32778.097290606616,31915.9744562617,32333.65340355347,818.2930632231868
2023-08-19 04:00:00,32687.684861509417,32729.45213871754,32673.388943370497,32721.20307660782,1165.4853164521612
2023-08-19 08:00:00,32601.85835675146,33375.25541764976,32133.603202218073,32765.13813077306,1056.1714651970024
2023-08-19 12:00:00,32022.916247660254,32692.380805194527,31416.048383178262,32100.4631516153,1028.052091690674
2023-08-19 16:00:00,32816.98862738415,33168.013993769615,32666.221616898485,32704.80520718598,829.5380269510184
2023-08-19 20:00:00,32413.869057964996,32590.623838328156,31764.0818717946,32347.537325736288,1100.7761137484022
2023-08-20 00:00:00,33058.625604738416,33667.83791749793,32732.212140640015,33022.854818183216,978.5883908731978
2023-08-20 04:00:00,33016.531129242256,33687.46909615893,32929.271574035985,33100.333817246916,971.0503310598122
2023-08-20 08:00:00,32585.53634985326,32887.60968109294,32459.428288985244,32668.56711682204,1033.9722256788318
2023-08-20 12:00:00,33131.44652114434,33394.11130106593,32621.707896081505,33093.11698892183,1142.2864037618272
2023-08-20 16:00:00,32048.813051768622,32756.86354645934,31661.94724936993,32149.602070315195,988.4139553725796
2023-08-20 20:00:00,33123.77733526206,33215.09340432037,32544.213345290475,32988.32155814655,1020.0648567419403
2023-08-21 00:00:00,33001.84554969849,33037.19272057726,32428.957702960288,33019.00529399495,830.2280879537727
2023-08-21 04:00:00,32802.528705358134,33485.43020686526,32208.884072671764,32857.02608525951,1187.067891877098
2023-08-21 08:00:00,32621.14860572557,33076.105842883866,32287.15966122412,32461.629686839322,941.5722413450246
2023-08-21 12:00:00,32738.639417181603,32864.42585439946,32390.379660532868,32652.766036986708,1021.7052108309581
2023-08-21 16:00:00,32886.727042227154,33273.120972918594,32448.824291340872,32879.043682005366,1166.4761597472323
2023-08-21 20:00:00,32265.536767250353,32603.786834873536,31893.01825006466,32234.379402052997,1160.49322515469
2023-08-22 00:00:00,32289.3350477115,32926.06378671173,32043.33549349803,32386.023473349956,1098.496931964245
2023-08-22 04:00:00,33038.080614004226,33354.44172515675,32402.3520534996,32926.045808495175,941.9953330300668
2023-08-22 08:00:00,32612.06141797649,32693.196742934437,32241.297357510768,32485.80728755883,900.6517937951911
2023-08-22 12:00:00,32746.945735045567,32761.885364002752,32555.22139848935,32664.608076725373,1162.1259655503156
2023-08-22 16:00:00,32501.229925495492,32672.443559201765,32048.084375531747,32636.029286516277,1139.430711501654
2023-08-22 20:00:00,32823.95747251781,33230.62268452973,32249.8850069573,32950.90253423507,954.7643605221457
2023-08-23 00:00:00,32409.8315624393,32626.284443878263,31832.029145530247,32531.287665341075,839.3882980165474
2023-08-23 04:00:00,33070.802311002866,33523.120951798395,32586.664019064618,33027.25724496927,863.2143894244663
2023-08-23 08:00:00,32702.344470167973,32873.396024818896,32695.477818532156,32701.500604982783,1001.9837703510717
2023-08-23 12:00:00,32567.737163647016,32924.44727789679,32289.558178518433,32650.61139822058,807.6116655892278
2023-08-23 16:00:00,33222.320089509136,33527.596563784144,32882.495326492,33190.375669902394,919.5816825735812
2023-08-23 20:00:00,32306.69664705357,32981.3429011191,31776.789744503276,32391.72576678647,938.9185727488463
2023-08-24 00:00:00,33206.60549054901,33857.41832339058,32557.039098707744,33286.67516002896,1009.9621454810591
2023-08-24 04:00:00,33205.75750493769,33211.55524223718,33084.12137359485,33168.84288584636,856.6435934545475
2023-08-24 08:00:00,32650.560820106126,32932.21763364859,32621.735226485394,32643.644405080784,901.8067208265691
2023-08-24 12:00:00,33358.42358105165,33690.83309356485,32668.157334154184,33273.42822867693,823.245502824457
2023-08-24 16:00:00,33178.72295481207,33619.76021832183,32860.73310152312,33094.15676099351,1044.6205054079596
2023-08-24 20:00:00,33343.80025669003,33987.83300203582,33033.37351731878,33222.12600757174,1130.49856211928
2023-08-25 00:00:00,32897.996693109955,33478.709009170416,32620.10074425364,32804.47149818667,889.903841572168
2023-08-25 04:00:00,32528.324552956754,32771.722156255986,32165.15559079322,32589.534219853205,922.5203064144409
2023-08-25 08:00:00,32753.388488948898,33188.924307531735,32413.954814086468,32796.48136630999,895.3356378260703
2023-08-25 12:00:00,32772.23719972769,33319.13691305785,32600.93234575787,32899.135359945714,801.8106609006542
2023-08-25 16:00:00,32586.881984969637,33096.024497436345,32401.342594276997,32566.027351557354,971.5210571221717
2023-08-25 20:00:00,33432.559197995906,33557.58230527903,32930.631881798385,33470.89187370675,959.0979100046964
2023-08-26 00:00:00,32971.08449888058,33293.03313286579,32383.62984415693,32885.17498956744,999.6370940567732
2023-08-26 04:00:00,32577.141322518717,33189.888955662536,32145.173451682746,32644.754038941526,926.3142386202477
2023-08-26 08:00:00,33013.434444373146,33156.450354336244,32640.14219773517,33045.93841121061,1169.6999539836067
2023-08-26 12:00:00,32529.67209120215,32853.56089882258,32053.670270488743,32608.90820166846,865.7770255543817
2023-08-26 16:00:00,33140.82671409429,33246.25045731484,32888.03343566548,33021.37790524231,1140.5082558073238
2023-08-26 20:00:00,33198.63391045551,33272.17141774383,32941.92375711461,33060.57624435939,937.4264905185364
2023-08-27 00:00:00,32718.697104968855,32935.46439795532,32690.411738669198,32768.67456923665,1129.6359088599488
2023-08-27 04:00:00,33379.79403448679,33987.56913316026,33361.26566349791,33533.12739341152,1068.070017144995
2023-08-27 08:00:00,33452.02793239101,33724.207714263815,32941.06466826397,33364.84663179467,968.1058739074172
2023-08-27 12:00:00,33295.26418203883,33814.24411313269,32770.735492385444,33386.026103192264,861.7231389778013
2023-08-27 16:00:00,32774.043421756505,33321.8848827138,32628.2972293832,32841.47373719293,1077.3600705410613
2023-08-27 20:00:00,32825.404458355406,33089.842632088854,32792.253632212414,32987.973436472515,1172.2900932641671
2023-08-28 00:00:00,33536.66621411671,33607.81377627634,32940.855324964316,33525.28723689966,928.1768700411656
2023-08-28 04:00:00,33357.106025197885,33411.97856904685,32955.562125826815,33315.06906170377,837.8759644683327
2023-08-28 08:00:00,33188.98382875166,33693.089840329405,32942.32883305841,33166.53162410559,1146.2485019957833
2023-08-28 12:00:00,33159.83574451411,33242.20371489246,32700.83683579508,33221.23921007222,917.0789015926802
2023-08-28 16:00:00,32955.18933948028,33395.523169722655,32828.47495516867,33060.059102217965,886.0217554252176
2023-08-28 20:00:00,33067.93691108612,33200.799003150874,32894.38908264823,33089.089425511615,992.2699110867891
2023-08-29 00:00:00,33004.4104689196,33080.42652308695,32606.527813502744,33070.21505473291,942.9068729063646
2023-08-29 04:00:00,33666.12017370815,34321.24738050852,33454.443999573065,33752.074938841666,1116.4225343955122
2023-08-29 08:00:00,33225.2742235715,33738.22678127364,32979.50470659271,33162.78121797219,923.7455203685068
2023-08-29 12:00:00,33088.07038090561,33374.38696568229,32715.185882728118,32982.68737210478,1017.2220458228962
2023-08-29 16:00:00,33083.370019881884,33393.80379015472,32560.20100434934,33072.0323306793,964.2510577737451
2023-08-29 20:00:00,33438.112148056294,33576.06513965969,32972.09414276709,33463.43580043127,1120.0382576895577
2023-08-30 00:00:00,32848.86863541229,33253.97038543618,32766.985863955775,32920.246635496005,1069.7542414043126
2023-08-30 04:00:00,32778.02571103208,33483.16111472762,32530.63494427384,32838.03327016307,963.0122759082439
2023-08-30 08:00:00,33741.10441050684,33847.342246414955,33486.69296641406,33753.50844361072,1153.5120899765532
2023-08-30 12:00:00,33421.03758238775,33943.64047094626,32967.99667895835,33580.501641650975,902.706750139835
2023-08-30 16:00:00,33272.092259525394,33925.873319053455,33051.838985745315,33292.78105072896,1055.0870280190632
2023-08-30 20:00:00,33672.37970590727,34096.854141066186,33457.69569256088,33617.593098604964,1115.8121269089602
2023-08-31 00:00:00,33502.68452609885,33648.47565114459,32998.68578260498,33479.42181509157,1078.6585002157497
2023-08-31 04:00:00,33995.28436578498,34027.96715804336,33643.218431366564,33863.88982811877,945.8505514258338
2023-08-31 08:00:00,33478.385553402564,33571.92863317251,33087.50474165689,33393.600221788125,974.1791549581701
2023-08-31 12:00:00,33278.22185230526,33742.60427741835,32768.24528292724,33387.95282609175,966.2281384279523
2023-08-31 16:00:00,33085.705422156454,33355.81772431614,32952.35161311904,33183.21059603763,875.8047830251533
2023-08-31 20:00:00,33649.96252371665,33687.511603872816,33301.607045604,33561.80570401086,858.8997027702923
2023-09-01 00:00:00,33040.53277732297,33686.08136247017,32487.20176878525,33205.570481431554,1190.6550700953262
2023-09-01 04:00:00,33560.23218230224,34136.09813796313,33463.36998214977,33543.38639069515,880.9058202389966
2023-09-01 08:00:00,33668.74265290747,33804.43550225828,33513.30637530919,33559.36822411202,1016.1862927207343
2023-09-01 12:00:00,33500.637866404475,34259.484203956454,33080.82403190524,33639.87406374718,909.034745119034
2023-09-01 16:00:00,33183.145339763316,33398.64620722954,32979.6588367378,33277.22303004305,861.7814047970243
2023-09-01 20:00:00,33276.187027347085,33624.0940056728,33115.335140901196,33402.80520166413,1156.9214274599697
2023-09-02 00:00:00,33138.21248197586,33556.91144671481,32756.351786771706,33263.656141638116,1082.2514560235713
2023-09-02 04:00:00,33773.64351190603,34264.99389209003,33428.152132832816,33908.38877271695,985.9908292596733
2023-09-02 08:00:00,33790.77523379845,34110.59564448815,33531.785422422785,33864.32123714135,895.2565659277934
2023-09-02 12:00:00,33297.316065965635,33898.22184438987,32933.534183125914,33297.770163755806,1005.0946041881843
2023-09-02 16:00:00,33473.26507981739,33497.184252208375,33111.88144327642,33496.16740349654,818.6656621883357
2023-09-02 20:00:00,33714.21535398622,33964.63187571378,33177.454644931364,33672.88098916438,942.7952513637165
2023-09-03 00:00:00,33874.96948701544,34037.10071464676,33135.29663338352,33739.49847406243,1085.7893740688883
2023-09-03 04:00:00,34118.01273369942,34154.12221275949,33433.06975928746,34089.780131450614,1083.9405287564389
2023-09-03 08:00:00,33157.10566160195,33437.22928459922,33147.31439365046,33175.75060170571,830.7233410377286
2023-09-03 12:00:00,33355.591258956374,33759.51868589777,32714.71758165242,33501.189468188386,961.2457352607335
2023-09-03 16:00:00,34049.52128647819,34425.211254722235,33484.486911544125,34029.63797285809,869.9828921409494
2023-09-03 20:00:00,33724.943794125786,33948.55520770573,33114.12410924503,33745.39644227116,1054.2786983091637
2023-09-04 00:00:00,33366.49393985291,33427.05069697111,32877.414663991534,33424.17407851998,813.594239565608
2023-09-04 04:00:00,33434.231670320565,33681.214105607236,32800.17077430365,33556.92853615964,1025.786162006084
2023-09-04 08:00:00,33699.28656232502,34261.66981079423,33016.11884605017,33606.5723647857,969.08773547645
2023-09-04 12:00:00,33235.70721943153,33878.53149212904,33080.41539048042,33245.275879796536,1070.8011996505356
2023-09-04 16:00:00,33442.54372000484,33928.29212614786,32920.51257156182,33402.393718485866,944.9243501595745
2023-09-04 20:00:00,33696.609225307635,34083.53369264364,33004.789565361985,33613.75863321511,824.2507206690369
2023-09-05 00:00:00,33653.38684622044,34162.338129892145,33430.351259417796,33591.096542547726,853.0029927137248
2023-09-05 04:00:00,33428.1093030773,33642.71081008459,32952.64367194607,33283.69637262351,862.1158604083431
2023-09-05 08:00:00,33475.96929000952,33851.84152583434,32904.232417319894,33554.86053486068,897.9567941452594
2023-09-05 12:00:00,33472.07142494016,34165.0254951496,33268.95069983922,33591.33555764778,992.0824370927012
2023-09-05 16:00:00,33532.00093359676,33868.70774819473,32916.20698019567,33447.54567784681,882.7791680033491
2023-09-05 20:00:00,33692.10740064237,34098.175235289,33586.246277598584,33733.65906507239,1072.8692414430964
2023-09-06 00:00:00,34402.22989070189,34552.872360302936,34030.505810927825,34260.193210092424,917.377009635934
2023-09-06 04:00:00,33317.98047986418,33776.83951624521,33311.10467871856,33485.2312171563,1123.7304554336765
2023-09-06 08:00:00,33852.43588276417,34396.61202647313,33411.19250411359,33781.74440551463,979.4723911628032
2023-09-06 12:00:00,33988.141289096406,34343.24358180322,33507.4130117458,33952.36359667886,1115.071358762701
2023-09-06 16:00:00,34068.824009149736,34565.193419094045,33749.23398868819,34171.18350690907,928.519482100252
2023-09-06 20:00:00,34011.58831425642,34572.353798602715,34010.03101443617,34160.75520865478,1086.266277623878
2023-09-07 00:00:00,34358.10324776577,34759.58937045083,33886.31950087367,34217.848781806286,1029.2575897029972
2023-09-07 04:00:00,34160.830478531985,34462.51091440252,34115.63857831654,34300.721332932306,994.6840258965067
2023-09-07 08:00:00,33538.9312156769,34256.782236246676,32946.45110693312,33612.24629267346,915.7641473393719
2023-09-07 12:00:00,33358.80445483472,34162.62150821815,33335.7505184667,33498.14309439322,1078.1060629702163
2023-09-07 16:00:00,33368.86065007568,33863.76585441271,32769.81751205958,33526.51439887952,1004.4250291980795
2023-09-07 20:00:00,34272.123942788676,34925.090087886536,33693.987062591776,34253.556826340086,866.9192875786267
2023-09-08 00:00:00,33805.57901670184,34243.67851960765,33375.02126038424,33848.391817857126,1140.7014783480151
2023-09-08 04:00:00,34140.99893267985,34526.04960741891,34045.50466644944,34308.74541160905,939.8394166811604
2023-09-08 08:00:00,33873.8990535212,33891.88053271605,33570.671606856515,33871.702289865214,952.2143209764758
2023-09-08 12:00:00,33381.86556025218,33955.9216771607,33319.16942226632,33485.09417953374,916.6254567869752
2023-09-08 16:00:00,34145.90847880773,34399.67031255802,33908.2940503001,34045.41558497704,921.3980294462174
2023-09-08 20:00:00,34109.49877905056,34539.46885513904,33586.023481469776,34067.04077808796,1111.409455531973
2023-09-09 00:00:00,33501.749407754425,33642.72523139958,33080.84023954869,33630.02441502327,885.3310717992836
2023-09-09 04:00:00,34262.14171732038,34709.032156458146,33882.169215091955,34414.72094309397,954.1430247125911
2023-09-09 08:00:00,34652.07740034202,34945.63801953642,34047.675272242035,34499.70758823275,849.022307479315
2023-09-09 12:00:00,33459.04679931825,33931.317802861806,32835.76472508088,33567.41961023871,859.8198361161644
2023-09-09 16:00:00,33818.17813540574,34375.44971081907,33241.30186149453,33909.825229958966,937.490297904333
2023-09-09 20:00:00,33883.92648803608,34228.48738958386,33268.54990414451,33838.68160529215,1011.2838338109923
2023-09-10 00:00:00,33811.043936888214,34408.14345700058,33385.85108135513,33809.96755900112,854.9130555550237
2023-09-10 04:00:00,34501.057214275264,34541.04513845709,34263.688448954716,34417.99568648705,913.2282917941822
2023-09-10 08:00:00,34531.55993678874,34780.275095631834,34439.52729542992,34494.08998517793,838.4814454549802
2023-09-10 12:00:00,34097.97536390765,34805.13896999441,33720.50506760939,34143.45276676526,807.0389481299866
2023-09-10 16:00:00,34151.13199513498,34878.86092126778,33963.06736339588,34274.81914344198,815.3322846742852
2023-09-10 20:00:00,34226.40806797992,34667.0498569862,33664.190478935154,34141.67774773078,1027.1515887329022
2023-09-11 00:00:00,34339.307839672816,34729.43499468865,34008.7373953571,34183.82728133158,1095.6182110924738
2023-09-11 04:00:00,34472.65570706926,34637.45076190362,34300.822489189595,34622.964154502464,925.2150779933852
2023-09-11 08:00:00,34428.49078749457,35188.15622056413,34132.67375517822,34574.45214884293,885.4714378933534
2023-09-11 12:00:00,34294.54596717005,34883.05292959217,33785.38496979828,34438.939072649,1111.6782765730354
2023-09-11 16:00:00,34122.259492173194,34836.1194947174,33863.61504552115,34289.95353563423,1025.6081834416145
2023-09-11 20:00:00,34206.04902789453,34280.124112124126,33724.018020106494,34191.161054664546,999.2482215321146
2023-09-12 00:00:00,33742.647685482385,33909.660594595145,33537.29037936145,33740.500935105534,1127.4179193572918
2023-09-12 04:00:00,33730.307100039456,33989.340348501544,33331.9062915725,33865.35339439789,817.0094886871714
2023-09-12 08:00:00,34089.730762754625,34462.83576518269,33876.000176916,34101.324466940874,1009.9575326854377
2023-09-12 12:00:00,33895.09543030364,34176.29803601632,33876.3003176552,34001.540005747884,1035.8551954264221
2023-09-12 16:00:00,34482.29675641894,35042.37844559533,33800.7609523391,34438.871479522175,852.1137002420722
2023-09-12 20:00:00,33872.746074919916,34138.05730883935,33761.19838596052,33815.60197086115,831.5846729447505
2023-09-13 00:00:00,34029.56398319928,34598.24620569029,33349.989215562244,33929.303097785116,1170.6561623269045
2023-09-13 04:00:00,34636.93311742953,34946.45934768094,34089.33917854391,34721.045719620684,857.8070407325258
2023-09-13 08:00:00,33858.02892199278,34032.348042897254,33340.632258955906,33893.76640852347,813.0762875176267
2023-09-13 12:00:00,34671.7720634659,35123.77431624496,34198.997511804046,34733.28183755894,1051.0085810743071
2023-09-13 16:00:00,33907.38346115688,34166.92742033423,33882.956784657246,34034.985832816135,811.7538776718782
2023-09-13 20:00:00,34779.92317489767,35275.005038064504,34028.247915146654,34661.58563889876,994.7382649405304
2023-09-14 00:00:00,34148.59463634691,34773.08373059227,33903.47239976377,34183.11897581479,1094.8217161757382
2023-09-14 04:00:00,34262.07410827446,34571.769119191114,33556.60176161062,34175.88162417363,1059.3015528645365
2023-09-14 08:00:00,34316.193472826635,34749.683385765326,33670.399445696465,34430.997122086424,844.3123929054061
2023-09-14 12:00:00,34730.94886102646,35567.82196518206,34506.76310682351,34883.443356192714,942.4039310277624
2023-09-14 16:00:00,34177.15784516376,34256.47569672775,33916.3691184453,34060.982413682024,1176.4856759451336
2023-09-14 20:00:00,34949.16909441598,35359.65239439889,34459.69689190912,34827.32442336662,1037.4659888555725
2023-09-15 00:00:00,34242.44450422714,34693.87270817571,34185.13008272251,34242.03479493223,1047.7474263270688
2023-09-15 04:00:00,34489.43058698952,35039.7559199948,34170.76909137463,34557.59339067106,1068.919531694081
2023-09-15 08:00:00,34194.44404000187,34521.89998101604,34131.35917764864,34341.52946507822,840.8655030382505
2023-09-15 12:00:00,34463.18876625059,34748.146010411125,33863.6920770959,34478.811536694506,832.8674901028919
2023-09-15 16:00:00,34819.92795331582,35269.34081739913,34160.981695886694,34862.9059218235,948.3152691239392
2023-09-15 20:00:00,34404.9927955357,35061.08810028344,34000.347757503805,34374.2480676037,1085.2218906529683
2023-09-16 00:00:00,34151.20901095338,34316.32470273411,33831.57353118939,34072.64942666613,1042.5603737581716
2023-09-16 04:00:00,35102.54838065424,35713.58285855397,34748.434412695664,35003.724058723266,865.0969330402005
2023-09-16 08:00:00,34552.116498750685,35104.95667006551,33961.41606635806,34607.88414505406,870.012351413958
2023-09-16 12:00:00,34811.386071753215,35462.785131410914,34227.928155305475,34768.21042009312,919.0720854214292
2023-09-16 16:00:00,34349.25425321668,34650.14385325616,33954.02260743361,34223.102696228445,1190.1384708372534
2023-09-16 20:00:00,34750.83011038444,35192.87539868816,34568.905794005346,34864.60451797343,1169.1638317870797
2023-09-17 00:00:00,34427.91801339557,35184.84830204846,34366.13587912674,34509.7958826721,867.9856996594781
2023-09-17 04:00:00,34690.09032006106,35293.81471113864,34680.280341384976,34733.2079301057,1005.5525115045045
2023-09-17 08:00:00,34474.18302951775,34802.38273831094,34344.9830003808,34547.32535194607,818.484207169759
2023-09-17 12:00:00,34908.74556928774,35310.62915250337,34284.22148390743,34810.67690546999,994.6355315028906
2023-09-17 16:00:00,34317.33494913179,34447.20341719933,34024.09160483578,34442.28815028798,1181.46092209636
2023-09-17 20:00:00,34292.776707347555,35115.668063866775,33787.73667776437,34428.61453526522,957.5959225075512
2023-09-18 00:00:00,35057.17087292315,35433.230445033645,34730.39991750322,35131.90962600918,1016.2431659560116
2023-09-18 04:00:00,34332.39028591192,34897.79643912306,33997.85543636865,34271.22072982234,1183.7573132911157
2023-09-18 08:00:00,34944.354600511164,35526.6912529465,34816.29226841041,35086.83329874596,928.6253917763222
2023-09-18 12:00:00,35002.42690811986,35305.0127982366,34979.26139167444,35057.61256874097,957.3319327760826
2023-09-18 16:00:00,34884.82907777577,35023.05009563237,34644.55022011521,34940.59961783411,917.2183968692724
2023-09-18 20:00:00,34927.08633582192,35130.61026065054,34523.31131914625,34836.58039380812,985.4433471577695
2023-09-19 00:00:00,34373.53865883307,35072.091058875616,34205.22378535865,34412.87847619843,1192.3014014565279
2023-09-19 04:00:00,34252.7558918701,34280.50395738383,33769.50652889899,34279.78818269514,1191.2899818156513
2023-09-19 08:00:00,34704.27921465697,35081.64940091111,34374.67834697877,34544.74574254253,1058.4403291767833
2023-09-19 12:00:00,35089.7064634817,35195.060671496765,34729.68918405922,35033.21868530401,832.7306188014643
2023-09-19 16:00:00,35049.45458477761,35539.86236804609,34497.20258317887,35023.16386498787,1067.7111295806458
2023-09-19 20:00:00,34473.981519911664,35031.06323612635,33828.30342862375,34418.5042324347,852.30007523742
2023-09-20 00:00:00,34749.14967034747,35422.85005817901,34185.40297199448,34821.95047618729,889.097272233894
2023-09-20 04:00:00,34876.18955606278,35149.62394964145,34611.19922143854,34797.38301350767,853.6237838216767
2023-09-20 08:00:00,35037.93273972435,35630.65935400915,34550.268681787704,35038.64385096326,1121.7679451646054
2023-09-20 12:00:00,34547.18627439432,34988.27483462778,34051.90213859008,34408.251388665,924.4268870537145
2023-09-20 16:00:00,34753.20443944437,35351.09433876638,34475.34202509976,34910.99383868944,910.1443863463867
2023-09-20 20:00:00,35228.483956305594,35803.492612353446,34586.50849900047,35112.19156594209,1110.5740308231912
2023-09-21 00:00:00,35317.47737742035,35441.314856861325,34912.223090741085,35161.53154112003,996.3757465478662
2023-09-21 04:00:00,35094.03074639813,35295.37368509622,34501.055066339744,34948.05366084703,1028.56029982237
2023-09-21 08:00:00,34789.15958811229,35287.0947026384,34117.0599832378,34963.0883920146,1152.374161720904
2023-09-21 12:00:00,34688.11315085997,35256.27764873448,34280.71805891531,34793.91766520924,924.8999849431179
2023-09-21 16:00:00,34495.99807662766,35141.57784759118,33793.99831408004,34447.368414601086,1087.2355007574479
2023-09-21 20:00:00,34474.945674085815,35182.50236037042,34221.318569940246,34587.73009393247,814.095712969313
2023-09-22 00:00:00,35132.120951857345,35453.27520179821,34803.935661851174,35152.80491183011,1147.0235359720668
2023-09-22 04:00:00,34993.554248934124,35081.87709305796,34266.217326777216,34838.95089959046,1031.9115900681832
2023-09-22 08:00:00,34495.6628730261,34745.38580446658,34416.295498817744,34443.84573118238,1143.271322537874
2023-09-22 12:00:00,35231.80442916551,35962.05219792565,34783.55875240985,35318.95496859384,1014.9749151712531
2023-09-22 16:00:00,34649.83745422016,35110.18331918549,34200.68016147961,34680.02222778869,1005.0279344324081
2023-09-22 20:00:00,34819.1970705475,35496.91003776831,34781.019603838366,34941.79703518979,985.256178687892
2023-09-23 00:00:00,35031.967970767815,35313.349765914194,34680.703807744474,34897.777897129294,1170.715510847469
2023-09-23 04:00:00,35232.45698430718,35533.386543095454,34610.53856467485,35081.31072027741,869.5247256836444
2023-09-23 08:00:00,34624.21753315131,34761.831382221,34198.106564469184,34503.0131366497,1107.305065933063
2023-09-23 12:00:00,34516.90498420709,35172.73352353507,34109.000617278725,34675.57842191841,801.699484080918
2023-09-23 16:00:00,35400.76842232603,35822.58980724601,35290.096378304406,35473.77919314064,872.3989683715272
2023-09-23 20:00:00,34858.55819189202,34975.794694721386,34267.347538631475,34907.00715342726,1013.7335579366436
2023-09-24 00:00:00,34576.8090050124,34926.00377250168,33964.77375759971,34609.13004520775,1136.7198339839208
2023-09-24 04:00:00,34522.35975962696,35297.06142928543,33969.00713964992,34695.83815935072,1023.514542272219
2023-09-24 08:00:00,34585.17078320741,34733.271011130935,34448.133393227974,34726.633519058254,1027.3177835931488
2023-09-24 12:00:00,34620.07353557599,35342.23668709379,34407.64183945205,34702.26847432345,876.0422865533437
2023-09-24 16:00:00,35207.87365755811,35849.631918674546,34637.869452770894,35354.3926334679,826.9816881171678
2023-09-24 20:00:00,35472.35128776561,35762.334972720004,34874.80499640698,35487.30221736694,986.8072371644034
2023-09-25 00:00:00,35458.85098641116,35780.74874963458,34908.001613090804,35483.38981857267,1030.3763967246532
2023-09-25 04:00:00,35155.12317344096,35275.033763319654,34856.8590107578,35152.3983546625,990.1458859770714
2023-09-25 08:00:00,34610.52550001252,35317.33665666599,34328.507841603394,34783.31660407515,1152.309441608182
2023-09-25 12:00:00,34968.6843657186,35484.33927224136,34475.476865004384,35014.367856626304,845.4452823818664
2023-09-25 16:00:00,35672.846261214385,36315.97555032476,35158.952193190285,35649.140856476544,895.9840470019157
2023-09-25 20:00:00,34851.466244013114,35447.392504680545,34562.13703507441,34701.70620377471,921.6259327639474
2023-09-26 00:00:00,35600.76070529333,36189.22349436209,35373.11202095851,35440.28005195992,965.725558056504
2023-09-26 04:00:00,35518.947502122246,35958.13963097906,34955.29390678927,35677.98548962992,910.5005347930141
2023-09-26 08:00:00,35156.1604246838,35855.51145415666,34623.39541964193,35326.13170078717,867.9423278894308
2023-09-26 12:00:00,35439.43723050284,35583.26487030344,34993.263729212405,35499.69214805713,1000.8482760491235
2023-09-26 16:00:00,35009.70297954775,35267.01249752889,34318.77435630811,35179.76990970698,1033.5316884043978
2023-09-26 20:00:00,35376.471762466266,35724.1923560253,35312.79482109386,35549.19866511647,898.9086250766477
2023-09-27 00:00:00,34727.60704295988,35133.877756489885,34195.10060331504,34792.76155736017,869.5803175451819
2023-09-27 04:00:00,35286.408894575456,35996.17332761163,34615.49827995976,35459.288461053424,1035.2775874448416
2023-09-27 08:00:00,35072.83199805721,35090.74717623689,34963.09655745772,35044.3188864147,903.6330944269306
2023-09-27 12:00:00,35337.95355837504,35420.55878169556,34934.335309663875,35280.08387076943,816.2574317722099
2023-09-27 16:00:00,35574.870200473786,35660.775407796325,34939.90415010877,35448.51005938839,861.4243788110914
2023-09-27 20:00:00,34934.967027403676,35230.180626383815,34155.29085875455,34827.57620718112,839.8677994374864
2023-09-28 00:00:00,35216.48391373191,35568.24964019695,34961.38417716277,35303.203021275825,1049.5388687661848
2023-09-28 04:00:00,35910.886168092955,36155.46964775658,35347.069185107204,35767.59974866123,1199.3007206649638
2023-09-28 08:00:00,34989.30157807295,35507.64562627509,34676.68907566678,35097.632185570226,1043.897812639706
2023-09-28 12:00:00,35003.13361285159,35836.81590959452,34510.40524522543,35177.55768803945,1141.883387582966
2023-09-28 16:00:00,35510.393168407405,35909.64543288713,35023.455308841556,35483.0370590126,831.1745091860544
2023-09-28 20:00:00,35702.19451686077,35721.48231268046,35579.74822068818,35621.07872371996,958.9684467826734
2023-09-29 00:00:00,35738.591978792516,36323.755154914594,35605.60399080267,35699.37070993266,1072.4535162448342
2023-09-29 04:00:00,35570.797952522975,35723.37143426614,35148.92086056779,35713.45869195337,915.7862050455666
2023-09-29 08:00:00,35420.990879902594,36049.925976387254,34624.6019746844,35268.41233940515,923.9363146534773
2023-09-29 12:00:00,35447.69334069395,35742.78244317059,35186.42666571588,35500.78635077899,971.3405243548472
2023-09-29 16:00:00,34890.52057274033,35593.26642563744,34700.83911684315,34918.63667773784,1098.9395968274598
2023-09-29 20:00:00,35856.871389100954,36562.251861172066,35757.51338873687,35833.30749600676,1188.7631143600079
2023-09-30 00:00:00,35368.61880420346,35461.73805304455,34661.97584284777,35447.3584301637,1175.740532693963
2023-09-30 04:00:00,35769.13225337133,36100.31596339152,35079.19587543122,35805.911248688746,1060.3764763331167
2023-09-30 08:00:00,35799.968553421546,36473.098301056074,35374.028658873714,35785.669290316655,1020.3626426039783
2023-09-30 12:00:00,35559.697499488226,36096.82510122349,35088.985962828185,35413.67895869523,843.7684280367935
2023-09-30 16:00:00,35122.55146488885,35759.204184928996,35116.57902165554,35219.65623776276,954.9506531769562
2023-09-30 20:00:00,35044.18461972202,35315.956299197715,34806.02494161951,35192.832503784564,995.8801975510696
2023-10-01 00:00:00,35781.61652238045,36236.366041957226,35416.12673006859,35896.41503593126,1001.218926384987
2023-10-01 04:00:00,35052.42729924271,35621.37194542797,34382.22314807159,35097.668159159424,837.6332893017441
2023-10-01 08:00:00,35851.374757630816,36004.408491380316,35184.69016488503,35949.69702040809,1047.891847117337
2023-10-01 12:00:00,35536.046280353534,36063.62480506152,35327.151686949655,35628.41699270441,992.1366640025209
2023-10-01 16:00:00,35156.60540578173,35499.540692500384,34850.44455977685,35257.015328880094,855.7087109382976
2023-10-01 20:00:00,35184.37533734715,35751.49282924948,34686.42111555739,35171.06653192238,1179.0893997699748
2023-10-02 00:00:00,35498.04691818788,35932.740656515634,34974.19046749356,35411.27713737785,958.5001511525885
2023-10-02 04:00:00,36044.78037095948,36643.199455337366,35773.99530856306,35948.32527597672,800.2176737632858
2023-10-02 08:00:00,35579.49036229304,36097.642002008724,35513.16214979125,35667.35069736014,995.1287928685803
2023-10-02 12:00:00,35914.64299656535,36282.38343321579,35620.048201408994,35748.181320225805,931.761984168632
2023-10-02 16:00:00,35297.13852343411,35555.63005399266,34895.6839407289,35460.590670192134,970.1485664505678
2023-10-02 20:00:00,35570.95224035893,35882.051364282655,35416.65316373096,35440.016951339625,1144.4526496603164
2023-10-03 00:00:00,35477.70314196873,35569.68561550369,35036.04588753155,35444.49877534797,1144.90794812001
2023-10-03 04:00:00,35354.95920278777,35894.971491936616,34966.21270088684,35467.709630128746,1056.191343145414
2023-10-03 08:00:00,35787.594981866525,35870.652347565345,35639.49829642201,35863.723415633554,1160.2901132182028
2023-10-03 12:00:00,36164.50637685991,36356.030962074874,35844.66932778769,36131.34164098533,1076.2429520839207
2023-10-03 16:00:00,35252.114008535296,35584.39350345177,34779.94030017591,35233.577217393584,1167.7500471948426
2023-10-03 20:00:00,35429.924768324345,35780.782006588895,35257.280684183635,35474.95153922839,874.7634514665391
2023-10-04 00:00:00,36021.89268233277,36249.61419041347,35335.323552056914,35961.68068890148,986.6047519002748
2023-10-04 04:00:00,35717.61192663378,35829.24594489973,35502.68185760158,35583.28486264951,817.5258200836231
2023-10-04 08:00:00,35755.723348600215,36478.88277983016,35512.69417864011,35849.441329753136,1177.5805116682982
2023-10-04 12:00:00,36120.91356978549,36238.05229117195,35767.61619604111,36197.206076634495,1060.6348805404032
2023-10-04 16:00:00,35877.659695900715,36176.01649444505,35652.6261619057,35839.382654194065,892.78817677474
2023-10-04 20:00:00,36162.42704068896,36381.4369795134,36073.06748686002,36318.128990427096,829.902674478873
2023-10-05 00:00:00,36407.8324524609,36409.88602434381,36219.84771599118,36284.48470271959,1196.4515745083233
2023-10-05 04:00:00,35408.86493385677,36101.84562552066,34940.06846359048,35498.18351387586,1141.8895181234138
2023-10-05 08:00:00,36477.98160577583,36989.4065286644,35898.07365863288,36348.64276877965,1173.2931899794257
2023-10-05 12:00:00,36530.16773740708,36560.74916628567,35926.19270706054,36385.302853598216,1136.8660739546774
2023-10-05 16:00:00,35782.03808876818,36473.30898314487,35117.82867492733,35727.19226738223,957.8206414819132
2023-10-05 20:00:00,35643.465563994396,36230.144180131356,35209.32219859277,35777.97986769691,1051.2336395319564
2023-10-06 00:00:00,36314.37400835677,36369.71861511539,36083.71070529935,36205.59679512634,961.8424809499496
2023-10-06 04:00:00,36153.17102072632,36382.69552482509,36012.038650623326,36207.790717028714,828.375942577992
2023-10-06 08:00:00,35318.779862449504,35601.05347486187,35221.85496670519,35464.60364135902,1039.4858297234662
2023-10-06 12:00:00,36192.6358765632,36336.54897133196,36043.69179834278,36116.94450376346,1038.9622780057223
2023-10-06 16:00:00,35940.0106171829,36102.78659798053,35406.412824221516,35822.788688221284,888.9378057908349
2023-10-06 20:00:00,36092.861312474895,36457.58663232221,35715.52005316972,36011.83853022441,988.2200210427194
2023-10-07 00:00:00,36370.8430081576,36572.28324635188,36130.22787763199,36480.33729221708,839.7572454207167
2023-10-07 04:00:00,35543.995065237534,35759.79700656479,35304.053492203326,35674.36978404912,1081.904420992112
2023-10-07 08:00:00,35981.61775391776,36533.02667881746,35308.86434541227,35920.489362327666,837.7245195509606
2023-10-07 12:00:00,36197.618920917135,36257.88406749279,35670.73758540569,36182.15873027214,907.0497809151284
2023-10-07 16:00:00,36226.96177748921,36685.53273533352,36008.7162351539,36380.999272696405,894.6781129766237
2023-10-07 20:00:00,35801.191831756485,35930.26232459627,35612.07917940396,35707.21451077237,1121.3471522365467
2023-10-08 00:00:00,36357.20721515068,36939.71214333046,36073.63308577835,36250.23187648556,862.2156309080599
2023-10-08 04:00:00,36077.41803427741,36133.54327715706,35705.15464909873,35934.687536527555,892.0896079391594
2023-10-08 08:00:00,36062.561258037626,36201.192419161314,35939.736998791785,35998.41646903204,808.2751289787986
2023-10-08 12:00:00,36302.613902597564,36533.09653441689,36050.18727270205,36343.48890438056,1081.6705312526065
2023-10-08 16:00:00,35725.808578048236,36283.663831223734,35524.54921448842,35898.29372901423,974.1594334549234
2023-10-08 20:00:00,36211.75664487232,36254.73698315325,35569.195389062734,36252.20357297131,982.7024625128856
2023-10-09 00:00:00,36114.38748689965,36877.73761204661,35689.71076032658,36237.41269018314,953.7216752482998
2023-10-09 04:00:00,36324.390984247824,36787.29308824689,36022.26708943693,36392.97573497932,931.3787522926978
2023-10-09 08:00:00,35838.868327918855,36026.87421378307,35230.90180610172,35803.39461226631,1106.4781479353205
2023-10-09 12:00:00,36145.27561508955,36370.278276522105,35581.800365339775,36105.42892036441,1091.716013041555
2023-10-09 16:00:00,36228.087916799486,36654.41963547372,36099.38087463131,36387.063182405946,901.3529578675119
2023-10-09 20:00:00,36794.21435511191,37117.260658731015,36493.482235225194,36645.55827730453,975.0067391075102
2023-10-10 00:00:00,35728.056436641455,36075.84127758901,35181.479663022415,35903.3520968538,1014.5684656848263
2023-10-10 04:00:00,35694.72570802421,36461.97335887729,35015.88548720938,35848.399698077556,1129.8749061124909
2023-10-10 08:00:00,36172.88673430258,36409.447057021614,35442.62348967308,36089.061516561305,1171.4626536561755
2023-10-10 12:00:00,35849.60070299089,36055.121982671866,35405.01853703965,35908.66874985604,1066.8550275327896
2023-10-10 16:00:00,36227.94029817747,37062.0938616153,35600.49534744474,36398.06252913173,924.0181538052232
2023-10-10 20:00:00,35663.786783811796,35873.228960560875,35429.94275905046,35696.37261040394,1082.6317021601963
2023-10-11 00:00:00,36362.12917429065,36509.316332671064,36004.499341470015,36222.939387967235,1129.2170698174607
2023-10-11 04:00:00,36519.841180965195,36567.29242635798,36180.79919327195,36510.27602824366,1138.3928133243815
2023-10-11 08:00:00,36066.553502227725,36783.836210026944,35679.59596451055,35925.508631456316,1189.3588698874178
2023-10-11 12:00:00,35782.14769101898,36266.81191631247,35220.66929724444,35934.28070777112,1083.8552491856008
2023-10-11 16:00:00,36438.80940633336,36738.095058003615,36203.53385148484,36262.03313870236,916.7532674247535
2023-10-11 20:00:00,36031.27728932308,36095.76635239851,35412.13292486493,36070.66705534272,1083.7897789152921
2023-10-12 00:00:00,36864.890322939704,36869.78177138785,36648.365806126305,36791.250904670815,996.8334127409515
2023-10-12 04:00:00,36866.166800686566,36901.713588767954,36710.16768195679,36785.67019708604,1152.0649302756228
2023-10-12 08:00:00,36009.02968638335,36126.22141183927,35182.578690787996,35852.80819653042,1014.5049408305593
2023-10-12 12:00:00,36410.23870011342,37015.73393563068,35958.61329278656,36565.42031042692,1023.0028287422441
2023-10-12 16:00:00,36860.3539066455,37030.82545173629,36223.796509689375,36866.87243373901,1030.7059600184584
2023-10-12 20:00:00,35782.13508772988,36410.17269289381,35598.83319628613,35859.40360625405,959.0201545464606
2023-10-13 00:00:00,36627.12741816973,37346.83596362873,36567.72877740122,36680.77614341991,1029.9945886316452
2023-10-13 04:00:00,35868.06451680507,36442.48616540497,35787.99293979463,35877.119800539454,1074.337714955125
2023-10-13 08:00:00,36784.245138384125,37123.48415635367,36328.787270695044,36895.06990260648,1108.5800327282773
2023-10-13 12:00:00,36730.41933637954,37052.69019117182,36079.93650390942,36817.114323578106,901.9372533126079
2023-10-13 16:00:00,36427.69819887812,36951.75845273059,35747.63492824189,36586.17483054794,1191.4763980167138
2023-10-13 20:00:00,36757.96579934445,37179.53980043324,36710.63046087104,36712.00114468707,953.8075824569107
2023-10-14 00:00:00,36587.470147850785,37166.437770250166,36069.20567371228,36541.8156917875,1074.537973247273
2023-10-14 04:00:00,36400.3390355968,36768.31502827597,35950.8542796618,36280.329051439956,1188.4400195953503
2023-10-14 08:00:00,36366.744069362125,36791.464806299366,35889.79388493974,36278.16731540764,1056.3476774789074
2023-10-14 12:00:00,36797.340716672516,36936.54460796376,36517.46491891677,36909.88990616622,925.0505540757813
2023-10-14 16:00:00,36168.828622083805,36546.04527826088,35379.16066799231,36009.64903187986,1180.8674966165458
2023-10-14 20:00:00,36565.089814283914,37183.42075204009,36290.069353204926,36515.19314741075,1140.7644494412518
2023-10-15 00:00:00,36039.54682852802,36169.70898012364,35370.436378271945,36105.56122291872,996.6706382363154
2023-10-15 04:00:00,36539.922287880996,36600.14265460242,35834.79943707149,36492.03088090947,957.1886693665039
2023-10-15 08:00:00,36771.934999746154,37487.17031029711,36065.88077220631,36635.145124490016,954.5999966447972
2023-10-15 12:00:00,36220.11579676983,36733.20880630612,35488.35725906475,36139.64113951659,1021.9443481362763
2023-10-15 16:00:00,36345.872782669125,36800.03768807511,35974.45891821271,36348.27213010883,974.1167915436458
2023-10-15 20:00:00,37217.77643937458,37660.0274962261,36704.12329448337,37058.12284901699,1010.2674750999803
2023-10-16 00:00:00,36380.7816477242,36432.71657613781,35688.31752091147,36296.70879751843,1150.3925301626703
2023-10-16 04:00:00,37017.34063702929,37756.847644551446,36369.3160314491,37032.04295992568,895.5334591606161
2023-10-16 08:00:00,36634.46223630829,36925.31217059074,36380.57614865213,36642.82290336671,995.2517481690827
2023-10-16 12:00:00,36884.91586515952,37212.39506959056,36692.50667765847,36945.18160124171,836.8774307540307
2023-10-16 16:00:00,36525.51629816,37278.38071293749,35932.01478178222,36687.933443423426,1106.9876890240855
2023-10-16 20:00:00,37028.708909157795,37734.36472748363,36930.73680646956,37090.34493933257,1058.863262737256
2023-10-17 00:00:00,36328.29011186012,36508.80464880095,35783.56816280486,36502.34020534573,1095.5187126551934
2023-10-17 04:00:00,36589.68940077117,36725.87558861641,35947.167864058734,36717.99175473138,923.268452364845
2023-10-17 08:00:00,37021.27994242095,37604.863745866496,36295.66629236217,36851.372526790256,956.6475076327832
2023-10-17 12:00:00,36946.26717483188,37512.31099402907,36650.87060294096,36792.94558942688,1026.261386298816
2023-10-17 16:00:00,36927.62822332298,36985.056968546356,36770.24577993051,36825.3021496413,829.496432108742
2023-10-17 20:00:00,37038.76015667013,37488.00607065113,36785.976453555544,37071.62730288438,1154.4243505649429
2023-10-18 00:00:00,36707.42040300295,36766.827230601,36175.2917528357,36642.39741535072,985.3281374955355
2023-10-18 04:00:00,36723.746697691546,36932.12402486061,36419.26219333149,36896.92729389617,923.9579176810394
2023-10-18 08:00:00,37279.4709428079,37843.40865964183,36766.18889948602,37218.949799867616,852.075234442319
2023-10-18 12:00:00,36363.610190138905,37130.12186457417,36169.877198633134,36452.61843265962,944.6831443395099
2023-10-18 16:00:00,36641.7536154545,37138.71413874432,35839.56610266316,36548.719762848035,855.5502716298879
2023-10-18 20:00:00,36564.26858454622,36655.11968119651,36316.84088250232,36594.46913704455,1073.8392977058973
2023-10-19 00:00:00,37155.29855003404,37162.586612116116,36946.304752595956,37076.87029156584,1036.927004726675
2023-10-19 04:00:00,36311.333238971485,36712.624577458075,36111.734827421824,36320.722808767,837.0263563366032
2023-10-19 08:00:00,37147.490180425615,37706.48446740952,36685.42811188754,37327.47393022547,1179.6069614402336
2023-10-19 12:00:00,36694.639605357166,36900.04857131563,36344.93179427576,36834.166914522386,1120.6500377685334
2023-10-19 16:00:00,36314.15646689197,37025.90207344628,35857.523493136905,36438.77457806228,1001.392838674003
2023-10-19 20:00:00,37068.73732411653,37463.45614682654,36773.22790934188,37043.20734688653,974.2691024949622
2023-10-20 00:00:00,37161.39141664182,37703.51644067684,36959.04402871662,37243.96680665771,1078.5915798612245
2023-10-20 04:00:00,36610.34227479719,37326.092769124894,36137.256107218695,36711.90079381059,963.5378893901114
2023-10-20 08:00:00,36522.8959493935,36991.02698466606,36371.57497135983,36675.207329456854,914.3965947700292
2023-10-20 12:00:00,37339.9111663056,37655.38151118674,36948.39889029443,37218.30183506458,847.9479247227547
2023-10-20 16:00:00,36690.34547146738,37259.6592719922,36284.24658973498,36566.490264583685,1044.9074293128333
2023-10-20 20:00:00,37156.513749447535,37642.064650541164,36835.9450397377,37151.65993260279,1031.1678181152258
2023-10-21 00:00:00,37079.9542090778,37525.95399895568,36394.345897242136,37101.62926743046,810.6283228003172
2023-10-21 04:00:00,36811.30937263654,37031.881847934914,36125.91504120371,36890.86217161795,1097.4371635442249
2023-10-21 08:00:00,36681.61389851357,36703.68044824966,36043.213434668614,36683.12129550114,1146.9112138696053
2023-10-21 12:00:00,36426.572107042695,37105.47946963465,36127.66591676702,36606.118117595775,847.8795350802009
2023-10-21 16:00:00,36872.10158511026,36957.799503921466,36212.939504091926,36865.792700384016,1012.0137716849189
2023-10-21 20:00:00,36926.99486942776,37114.861011876616,36423.18992670999,36996.54519789108,1041.0276337931384
2023-10-22 00:00:00,36710.176759427995,37164.43657175052,36671.09182669344,36787.68555266408,842.6326097969168
2023-10-22 04:00:00,37151.71059020459,37465.67063561425,36850.570509239056,37241.766548778,822.6222881754248
2023-10-22 08:00:00,37334.0044600469,37557.80752271767,36809.0274880379,37279.88581051822,1079.637028377584
2023-10-22 12:00:00,37171.03918689749,37875.22173147164,36598.66176528469,37299.81865133468,941.799793146565
2023-10-22 16:00:00,37444.079380760086,37863.63745782575,37058.32154758623,37542.440569677565,1011.779050019388
2023-10-22 20:00:00,37008.885821129894,37207.47427811177,36675.373693140886,36988.399944189354,1004.3135225005107
2023-10-23 00:00:00,37466.66962232886,37708.17613406964,36788.595730982895,37413.68997527407,1153.8396013533004
2023-10-23 04:00:00,36790.638975875794,37404.8318259993,36551.037268954664,36847.64348016448,1189.1546629005693
2023-10-23 08:00:00,36701.208796592684,36845.56877044396,36467.829756223466,36688.68866613198,1091.1893468467372
2023-10-23 12:00:00,37152.22305250211,37535.82982685093,37108.603222885096,37278.324425071005,1001.5782899249866
2023-10-23 16:00:00,36655.73728583756,37242.955621617446,36566.476181256505,36762.63995248605,907.5914004218457
2023-10-23 20:00:00,36840.809746657076,36952.64036450197,36673.250255855746,36743.612041254615,989.8522861087183
2023-10-24 00:00:00,37015.92841143497,37781.54704151857,36673.85096653573,37076.87503205813,938.4655167171413
2023-10-24 04:00:00,37776.13204088874,38167.38104758775,37059.246083475846,37671.4557287957,920.1965739508923
2023-10-24 08:00:00,37381.55945839266,37637.237176730494,36829.06033117161,37429.2791927726,1108.9180685477795
2023-10-24 12:00:00,36574.93577012529,37204.10756461494,35934.82791780894,36652.960417828195,1142.2882980099482
2023-10-24 16:00:00,37538.349924186965,38371.26886351404,37249.158833742236,37681.19159438127,925.4143732700626
2023-10-24 20:00:00,37644.31377888426,38289.2671448738,36997.43288702076,37479.137755177864,1095.4718099823383
2023-10-25 00:00:00,37284.56591090259,37558.21812300683,36741.25291518626,37464.748842457804,847.4562418257053
2023-10-25 04:00:00,37687.39588304838,37905.36877435684,37475.36381135818,37561.7451722352,1169.3039080185977
2023-10-25 08:00:00,37528.429968410645,38180.71207129048,36999.59957727604,37628.171804915866,829.4531939585148
2023-10-25 12:00:00,37009.75024162346,37719.42369030381,36691.9959285389,36982.50462884203,1033.3935216639265
2023-10-25 16:00:00,36607.84044850745,37308.60588467862,36409.61382975829,36751.564102310294,818.9297710493173
2023-10-25 20:00:00,36992.3807634694,37516.34054719522,36588.57520166636,37153.39028088053,1133.0073093341734
2023-10-26 00:00:00,37217.66603917726,37536.60838989366,36904.16759584302,37330.261390458654,904.5912873170141
2023-10-26 04:00:00,37663.67385017453,37777.30998858406,37573.763672112385,37697.19045072189,1189.8473319013165
2023-10-26 08:00:00,36916.19382303368,37047.9095134854,36729.29652666451,36812.71272777575,1041.3575566658114
2023-10-26 12:00:00,36735.5990068363,37053.86099729948,36012.00687482185,36870.31319452229,946.0507620634405
2023-10-26 16:00:00,37151.78336454559,37489.165345384194,36580.99461477698,37056.0423492318,1085.4333412370554
2023-10-26 20:00:00,37376.50516691337,37732.68746350071,36778.884631722736,37213.115119097645,1185.1282506089892
2023-10-27 00:00:00,37672.72228301452,37963.748568508854,37041.54053152269,37605.36721265149,1185.8167871784453
2023-10-27 04:00:00,37892.809597782274,38337.47870788096,37261.46225681292,37856.33947176818,965.6915294980104
2023-10-27 08:00:00,38055.912612756634,38534.525408098016,37697.19322065338,37883.08187631495,962.7148619263088
2023-10-27 12:00:00,38056.799185187025,38280.505710193574,37639.65196112921,37917.01148904228,1126.487113450345
2023-10-27 16:00:00,37515.09790101967,38012.02598023993,37107.78288502251,37661.27615235471,870.3434738155779
2023-10-27 20:00:00,36955.13010620371,37711.37662741423,36772.810745682524,37008.96366949179,903.8091024898692
2023-10-28 00:00:00,37171.054415908075,37563.08962712846,36706.80938923891,37128.70272696957,854.3449135769223
2023-10-28 04:00:00,37108.61334896117,37820.58720505452,37070.99984466232,37092.10459840502,1182.52219972284
2023-10-28 08:00:00,37825.55298532873,37918.63813363664,37413.13973126398,37904.56300870347,1006.2757686756811
2023-10-28 12:00:00,37381.68698602267,37725.05435454027,36792.8297310074,37493.74579404799,1111.6081918763703
2023-10-28 16:00:00,37597.42418640836,37830.57486093917,36741.40210799773,37422.23207360928,817.7206102792129
2023-10-28 20:00:00,37943.92213551645,38350.10610879,37673.284742430566,37954.42784094297,853.1224678567207
2023-10-29 00:00:00,37023.438370207376,37615.739068272545,36418.640655467236,37144.74573082034,1189.731555077361
2023-10-29 04:00:00,37383.46970087264,37799.060610464185,36590.30567591074,37332.070163503326,959.4917551190115
2023-10-29 08:00:00,37300.82966606486,37931.06450478905,37011.73575420063,37190.74494649457,1186.7140338374795
2023-10-29 12:00:00,37733.524022333324,38507.472887027216,37457.84478944563,37911.28150242207,889.6125666433632
2023-10-29 16:00:00,37345.491361636596,37420.83515004917,36848.008561781266,37225.98564498605,1010.4949041418326
2023-10-29 20:00:00,37827.21708969933,37987.58299855793,37202.72786681486,37985.59921671893,1163.4583896445301
2023-10-30 00:00:00,37244.09614368463,37682.68041640442,36785.592580888464,37289.558601278906,1061.475197756412
2023-10-30 04:00:00,37210.56346313027,37993.50905231205,37037.02418503957,37320.886598312354,955.8015401198786
2023-10-30 08:00:00,37986.323414488106,38521.481709839514,37066.11534209443,37808.15577327956,896.4552968986972
2023-10-30 12:00:00,37619.86215571811,38234.93298326269,37209.44698727925,37509.74871040213,1025.7483439931914
2023-10-30 16:00:00,37790.12134938541,38109.89251005176,37230.94793398427,37725.101365619266,1055.94094900405
2023-10-30 20:00:00,37439.86608106409,37798.01811315689,36902.85083489546,37596.70360619148,1051.2700823802047
2023-10-31 00:00:00,37653.2282040954,38130.609300075754,37326.441730195686,37683.339978419615,1028.7815622198254
2023-10-31 04:00:00,37397.57642894662,37756.20520100821,36756.56856257158,37316.88946941444,1122.6655503715283
2023-10-31 08:00:00,37012.24664352633,37663.55703489727,36665.06727465774,37156.23329653446,1046.17062981852
2023-10-31 12:00:00,38314.70450268865,38849.424423239405,37848.15999597597,38181.35276330731,1113.2838571767143
2023-10-31 16:00:00,37786.47004248387,38020.95278979691,37464.27971615846,37905.17937868893,861.6178579023402
2023-10-31 20:00:00,37206.38549962912,37657.25056643045,36680.99189173301,37331.76891834894,961.8915639409958
2023-11-01 00:00:00,37232.97691178281,37893.844253206655,37131.376714275684,37397.59053547669,1057.4680552704167
2023-11-01 04:00:00,37764.319381310306,38073.528117605034,37040.91703190571,37688.44938732381,1104.030934877523
2023-11-01 08:00:00,37367.37900766632,37762.55446375771,36872.68608452756,37410.62316855889,898.4318642876782
2023-11-01 12:00:00,37314.926087673484,37703.29619110852,36827.50077836501,37311.19802889901,1131.0853955643533
2023-11-01 16:00:00,37600.6543048038,38129.47775971962,37321.05709649919,37572.022591584,992.1435166133255
2023-11-01 20:00:00,37792.21570621606,38585.56481017022,37279.3131961513,37842.62770767702,829.0065377371858
2023-11-02 00:00:00,38224.77034516776,38497.30447623725,37693.03637304792,38034.69350470479,1072.233236263852
2023-11-02 04:00:00,38075.34094903533,38324.116441634804,37638.471083251716,37974.100478033666,944.8778439352645
2023-11-02 08:00:00,37615.012147877744,37904.71167928676,37258.53723474424,37794.11957674438,1146.0421527849503
2023-11-02 12:00:00,37148.98368306177,37277.994353860915,36961.78000991408,37277.10356646033,1075.6167190344472
2023-11-02 16:00:00,37427.19723655632,37986.94267103682,37258.8046134445,37282.55730563895,1112.8741395558568
2023-11-02 20:00:00,37769.90208410194,37978.04231802902,37601.56935584831,37745.21223091024,981.286534331526
2023-11-03 00:00:00,38296.582627674696,38677.07976365178,37577.22499258501,38289.449972005335,969.5869352151342
2023-11-03 04:00:00,37676.174512666454,37723.85349479644,37109.20364669509,37525.71380758492,1127.3114561658374
2023-11-03 08:00:00,38146.92253883204,39048.01108885024,37476.775514414854,38333.35500062994,827.9451770672122
2023-11-03 12:00:00,37641.719122220435,38461.75119330131,37339.45698217444,37744.051096451556,978.4696548660902
2023-11-03 16:00:00,37499.85676362969,38192.77100080814,37125.94585357085,37633.587298994666,1115.8814147470048
2023-11-03 20:00:00,37408.17707948079,37781.38003423994,36738.8623792868,37486.73628179959,921.7383503240856
2023-11-04 00:00:00,38153.47795317829,38339.14788422493,37617.87599976545,38074.266594129986,1137.4798998375027
2023-11-04 04:00:00,37370.12427375015,37702.139862895696,37055.2884410935,37485.52637652268,939.9606077699659
2023-11-04 08:00:00,37441.93445495333,38057.06495659117,37130.979643288025,37473.82032736084,1078.3408372442227
2023-11-04 12:00:00,38438.07342309988,38606.175328589285,38402.105435104415,38467.4565187368,1172.5853656699703
2023-11-04 16:00:00,37723.55265249454,37843.26144861989,37491.254063057844,37557.93152820636,1092.2519518925783
2023-11-04 20:00:00,37318.958194153354,38014.921655778046,36848.30085151637,37468.496455695255,1068.175157414768
2023-11-05 00:00:00,37825.55112528141,37937.81837690736,37610.08763993065,37709.8715243578,1198.7383504550764
2023-11-05 04:00:00,38289.660599124916,38625.01306562024,37628.90596196428,38164.90860282418,994.8328754588883
2023-11-05 08:00:00,38083.24595607253,39013.952814775585,37852.940782005746,38256.712800444126,887.1131471677244
2023-11-05 12:00:00,37947.50187338618,38230.56898840382,37140.27665216621,37868.81147029063,979.7888108507404
2023-11-05 16:00:00,38707.326398029305,38937.51161340083,37894.772494624616,38573.62913395078,876.0683768703834
2023-11-05 20:00:00,38221.1548305438,38889.67648436952,37908.756391415634,38162.85686315575,1192.1408423871926
2023-11-06 00:00:00,38061.90480900212,38619.83441138894,37510.18942746719,38185.24094548037,1075.249818325033
2023-11-06 04:00:00,38050.23787055152,38455.939625000276,37834.32471297195,37975.11063362531,1144.3308326773752
2023-11-06 08:00:00,37567.611312736946,37976.777212972396,37110.60024492978,37695.152035353574,1034.8254888769573
2023-11-06 12:00:00,38282.29421316964,38796.53575241949,38121.61846254117,38456.262752592454,887.4600810178997
2023-11-06 16:00:00,37950.16153753701,38835.05083153071,37874.87031362325,38112.97592318809,853.3098066498825
2023-11-06 20:00:00,37648.123059988866,37978.823637324436,37436.24415106615,37730.818139602816,996.8535961841221
2023-11-07 00:00:00,38035.705862007075,38186.82918085566,37575.65348892437,38107.301189341175,1189.6817905247249
2023-11-07 04:00:00,38252.058841924976,38955.067936866464,38137.61934408128,38331.16947353281,877.3965384498383
2023-11-07 08:00:00,37926.440742049985,38522.7196203826,37802.34439834123,37856.18197166087,995.818970522357
2023-11-07 12:00:00,38079.87938256618,38567.8127460216,37441.45799577034,38174.264059360066,841.632459735689
2023-11-07 16:00:00,38402.818550847674,38620.97411937441,38305.23865663685,38512.92353240148,1114.1330025360944
2023-11-07 20:00:00,38423.277777157426,38757.86527723656,38086.37537756626,38594.43982713483,960.7211182816137
2023-11-08 00:00:00,38343.586165002314,38860.61960790742,37975.91138307147,38258.97118583767,1087.9480179401917
2023-11-08 04:00:00,38056.638563139226,38468.55539099736,38024.64667825116,38148.33809429227,1069.0111151695198
2023-11-08 08:00:00,37585.07616017579,38425.65308219031,36842.13062745484,37748.183467962546,1099.7991124898138
2023-11-08 12:00:00,37880.57201437546,38611.45284896206,37602.142925565946,37921.59667386552,996.3737941564948
2023-11-08 16:00:00,38559.8505913636,39275.91782304655,38055.04121244781,38512.86449301603,985.9605029218552
2023-11-08 20:00:00,38063.69957960297,38208.672722915544,37386.47925288257,38032.25669694475,1048.9272161915633
2023-11-09 00:00:00,38479.114513114386,39020.10203789409,37926.78066465458,38462.21692341013,1157.9793997627435
2023-11-09 04:00:00,38077.23051684811,38751.68663843335,37655.65136805675,38170.5190328205,1116.5239011795936
2023-11-09 08:00:00,37802.65478280758,38191.862060206666,37449.31014152275,37884.197212721774,983.269964402651
2023-11-09 12:00:00,37880.25842632905,38154.681494880046,37605.852910427064,37906.02242991265,965.2877683287044
2023-11-09 16:00:00,38034.25521125337,38389.231132004286,37528.141662890506,38061.81540480118,847.788570466016
2023-11-09 20:00:00,38540.12995886695,38675.01165454084,38318.87240922256,38391.08458037347,1130.3332015949672
2023-11-10 00:00:00,38493.473013609066,38581.77036958012,37881.88850292868,38433.48784477803,814.8104798433066
2023-11-10 04:00:00,37998.855719995605,38469.49230388057,37679.71187610383,38106.09021937403,887.2800572984772
2023-11-10 08:00:00,38539.628683150964,38577.9075101035,37827.522039101364,38492.84633088865,867.3045761832145
2023-11-10 12:00:00,38305.25029576999,38755.83584606019,37607.39045348603,38140.20380016873,909.8771063452994
2023-11-10 16:00:00,38289.32493194234,38459.23969937365,38002.05349543475,38172.655702190415,871.818604722989
2023-11-10 20:00:00,38001.20830112212,38048.89480150464,37929.671268045815,38040.725142943804,867.4043008963498
2023-11-11 00:00:00,38005.79271284026,38226.32000817759,37262.705528040635,37882.62509714915,848.2743865130108
2023-11-11 04:00:00,38637.3730896752,38789.20676968089,38346.512654165126,38709.80410808827,824.3827310817511
2023-11-11 08:00:00,38410.19156323026,38610.804400221125,38403.092961820075,38555.20081214552,1170.7806543297672
2023-11-11 12:00:00,38087.42422627399,38498.54817399391,37326.9310398485,38156.145225712586,867.0203252990924
2023-11-11 16:00:00,38896.99877466259,39710.83866178217,38394.53491077183,38960.70756612012,850.0339666457866
2023-11-11 20:00:00,38222.384657310904,38862.99059882255,37926.054176310645,38247.500258390275,1129.227410416158
2023-11-12 00:00:00,38389.527777559095,38941.935876498115,37975.90603577353,38304.776178665095,963.4317603569206
2023-11-12 04:00:00,38735.34599911218,38802.67956732809,37955.69475908744,38728.034816614876,852.2814076699618
2023-11-12 08:00:00,38198.98809269089,38259.06770397859,37489.34062382638,38203.081563595035,1168.2702470889617
2023-11-12 12:00:00,38303.59816466939,38946.19567566499,38193.798619955414,38263.79744935764,948.6528197991745
2023-11-12 16:00:00,38787.51461407319,39384.60773169127,38123.48998326881,38656.18689629409,1032.2407396127307
2023-11-12 20:00:00,38315.35222379529,38486.270557671014,37464.833678650626,38223.366179203644,1104.3263177341282
2023-11-13 00:00:00,38779.26934792568,39650.85241062029,38010.109656064174,38962.41484061217,1178.184226762935
2023-11-13 04:00:00,38811.89792706214,39261.93660602837,38201.36241742217,38804.19428043603,829.0244847060056
2023-11-13 08:00:00,38438.53816157291,38883.848779882996,38086.056284262784,38250.11416876659,1025.9884191552987
2023-11-13 12:00:00,38333.096773906036,39239.29052993183,37917.112710515714,38475.30846931719,1181.8431780742048
2023-11-13 16:00:00,39041.710382977326,39308.80626805339,38405.47245689444,38858.444505348474,810.9923842104774
2023-11-13 20:00:00,39063.891380358524,39557.46823463464,38376.46773483222,39019.073980231304,1165.4700955926874
2023-11-14 00:00:00,38786.91736683799,39233.797366346625,38305.05441358593,38794.33940132006,1066.7174385866604
2023-11-14 04:00:00,39122.9521209143,39597.08402593604,38599.0377190312,39112.77133669722,979.5525400746417
2023-11-14 08:00:00,38992.05033254326,39572.70453768842,38728.36993417769,38988.746032975585,1181.520845234097
2023-11-14 12:00:00,38878.714745985686,39354.290086534325,38327.55149116689,38693.3630107555,1067.0325773109669
2023-11-14 16:00:00,38882.44316605824,38959.35371487991,38277.07616318862,38772.13518119067,1113.1818274847194
2023-11-14 20:00:00,38414.47824179471,38966.34003490296,38029.34405628397,38465.9027835211,847.8317867852759
2023-11-15 00:00:00,38351.27714484396,38656.520259975885,38064.08124404036,38327.04510153155,948.1971580621874
2023-11-15 04:00:00,38320.075287217274,38470.16534840009,37942.539478380066,38314.05362644025,854.181071047984
2023-11-15 08:00:00,38160.87421370873,38884.86413931523,38044.1151061535,38317.445696898205,913.7152636200365
2023-11-15 12:00:00,38352.566950775305,38768.137958184816,38346.20789037055,38424.9810091938,1063.8367397287966
2023-11-15 16:00:00,38890.56361542889,39037.30332786029,38777.46003568287,38892.217781807834,1179.2776995917172
2023-11-15 20:00:00,38568.783678587955,38715.41277194693,38032.633383746266,38623.542316548184,1144.1368735735157
2023-11-16 00:00:00,38431.46271651193,39023.94235366172,37986.57273298723,38362.20111869448,914.7665095783462
2023-11-16 04:00:00,38860.21524100417,39254.33972453255,38118.150054101185,39051.28580235824,1155.0306843622525
2023-11-16 08:00:00,39048.648442709506,39340.41088579438,38527.51319596772,38922.484662158124,836.9950876893157
2023-11-16 12:00:00,38857.7143059439,39360.74381352602,38111.79596115866,38958.32361501497,1060.1865126373443
2023-11-16 16:00:00,38757.91238339324,39488.18403718098,38434.949392945564,38858.969478042316,919.1431992627635
2023-11-16 20:00:00,38898.99825368146,39511.32610190222,38274.45033410056,38836.39383350674,973.0605995541052
2023-11-17 00:00:00,39061.00795522995,39406.72588496007,38491.4055562297,39080.64017933501,810.9668376135866
2023-11-17 04:00:00,39320.86764075356,39874.31157971758,39176.4505808154,39437.307682526756,1103.4024871002832
2023-11-17 08:00:00,38814.67541166805,39215.35543021628,38349.953818713184,38955.35523873844,825.106597849607
2023-11-17 12:00:00,38739.07226688402,38946.02125012268,38088.69584720133,38730.32962206726,977.3818627999311
2023-11-17 16:00:00,38485.46959188921,39086.385368182724,37631.36696534951,38350.94215029288,821.843094480884
2023-11-17 20:00:00,39098.53072279652,39112.47036043998,38489.258602310256,39076.90977573285,866.959139372243
2023-11-18 00:00:00,38638.599874654676,38714.064791799305,38561.146442443125,38622.384365723425,1058.966437661073
2023-11-18 04:00:00,39542.262819905176,39598.55549992125,39313.450263667,39473.58536300857,1026.3758239759034
2023-11-18 08:00:00,38383.87708341308,38889.72398934917,37915.599925404116,38444.8142389641,958.8746857292145
2023-11-18 12:00:00,38423.17699856154,39277.68809001829,37831.05889815124,38600.22366481228,1009.8211959619666
2023-11-18 16:00:00,39303.51182392633,39474.4435454352,38741.411891436,39366.599063576556,993.7114422738942
2023-11-18 20:00:00,39222.92732495199,39316.81338278281,38544.69186110157,39294.65716637294,1066.7426309015639
2023-11-19 00:00:00,39437.77435198825,39651.046345830604,38732.707559046496,39527.05109462065,932.5252808603943
2023-11-19 04:00:00,38983.79794659845,39388.061769273205,38261.68685834698,38838.54040866019,1008.7204887913422
2023-11-19 08:00:00,39679.69228210712,40469.51711458783,38966.546259153954,39573.981095608244,863.2644762233717
2023-11-19 12:00:00,39181.06725182786,39652.13642546918,38483.40811861373,39115.50220681801,876.1135906667895
2023-11-19 16:00:00,39023.920617747455,39789.59436148923,38363.20517331469,38951.300643751994,1183.0040973068649
2023-11-19 20:00:00,38729.50012310037,39470.53816141476,37976.29224680525,38571.79117842483,997.7315106044256
2023-11-20 00:00:00,38626.68769750289,39069.34803094371,38490.571105994626,38766.83956438619,1025.260562443074
2023-11-20 04:00:00,39508.17359406074,40280.736143081514,39227.81160736052,39561.915732120586,1164.3591273353177
2023-11-20 08:00:00,38847.28478392966,39227.6309480481,38428.88943121246,38826.35830718999,982.0162221140608
2023-11-20 12:00:00,39652.00554462774,40433.76018078653,39093.468562797236,39587.23367299698,823.1648403614266
2023-11-20 16:00:00,39212.933491254524,39276.567777270444,38252.82724907699,39033.22985723762,887.4152515321613
2023-11-20 20:00:00,38585.74019574838,39108.417450272114,37930.3996978909,38636.50313101729,1088.9326829851295
2023-11-21 00:00:00,39402.90212276038,39721.97757617564,39207.44415616587,39395.934377362086,870.9535676868834
2023-11-21 04:00:00,39768.88958284597,39784.475987779064,39434.24378716657,39709.24570256677,948.0792814713446
2023-11-21 08:00:00,38832.68635029919,39403.98259527797,38220.78382255809,38888.98955326477,881.2886283015786
2023-11-21 12:00:00,39199.033009860155,39861.31997966122,38786.74684357267,39139.52478779158,809.8296524850026
2023-11-21 16:00:00,39065.80286779357,39129.55865208001,38405.92811255549,38905.453369348565,1038.4746947533274
2023-11-21 20:00:00,39403.1563855776,39661.37029340246,38778.044829475926,39231.87207197321,845.4087817441472
2023-11-22 00:00:00,39242.624633750944,39359.53071937083,39052.68969982973,39225.790760301286,1065.1104856478842
2023-11-22 04:00:00,38971.46495850016,39100.61904140627,38546.60614589297,38898.10050613822,810.6089851885107
2023-11-22 08:00:00,39119.7210731292,39645.734745734015,38490.06550572664,39257.54295494608,995.0222030969682
2023-11-22 12:00:00,39039.38548891382,39374.577710650985,38504.56829946025,39070.73730390155,880.7112506836546
2023-11-22 16:00:00,38940.307844732655,39346.1757885318,38662.15506040989,39034.71595651631,1077.137860412471
2023-11-22 20:00:00,39070.335809533186,39204.99475585525,38320.732122155074,39152.90606593197,1094.0185994503752
2023-11-23 00:00:00,39710.532300963845,39959.31298276817,38920.20241197227,39524.73043316645,835.0502236956648
2023-11-23 04:00:00,39388.43137085616,40121.155637528434,39080.32930384139,39549.50438503717,803.070690595232
2023-11-23 08:00:00,39896.80342181467,40600.13356702551,39230.794329355165,39791.18466813454,897.475863368295
2023-11-23 12:00:00,39822.851133305776,40416.0840433341,39043.45913713116,39653.31248038524,1014.704846199706
2023-11-23 16:00:00,38926.83956365036,39617.291583763006,38087.35096339861,38803.560996032844,1151.2270879009802
2023-11-23 20:00:00,38926.906419169856,39040.70076734208,38630.631908448384,39022.47341603306,1032.424497113053
2023-11-24 00:00:00,39282.4682015427,39295.72293615588,38519.07202916776,39102.90283983673,831.0104075437912
2023-11-24 04:00:00,39270.436902089685,39462.11937201191,39083.542631156095,39116.68991591547,970.4566912928033
2023-11-24 08:00:00,39872.721739354005,40274.75044519239,39308.14923727073,39786.055913983335,1128.430395703795
2023-11-24 12:00:00,38987.20527498269,39849.382011862064,38240.63039054129,39171.17833376508,847.9484758518939
2023-11-24 16:00:00,39325.775712521776,39967.32762264026,38644.239949348754,39410.80617502336,981.3969085146869
2023-11-24 20:00:00,39205.33392589686,39700.50045152524,38858.18564043608,39019.43357014243,904.6611853419661
2023-11-25 00:00:00,39800.503021356584,40443.06792191986,39595.843165425074,39728.35941276333,938.7642521627224
2023-11-25 04:00:00,39579.743037713786,39881.43317639344,39100.56612717626,39707.67955591052,1138.5823359264386
2023-11-25 08:00:00,39415.23289004543,39997.88293041987,38944.887145670145,39553.85733215674,1183.0521969996898
2023-11-25 12:00:00,39932.51151075776,40145.831857522,39237.323031749045,39754.449182038035,850.434545472371
2023-11-25 16:00:00,39271.34879029637,40022.77439819712,38650.35237610367,39175.16514806429,1160.5187195208168
2023-11-25 20:00:00,39892.86656962831,40651.50019266968,39488.226426641675,39935.19177376051,1190.220065467669
2023-11-26 00:00:00,40046.75553310031,40200.43248705619,39302.9846200638,39986.82131084799,931.5205323168457
2023-11-26 04:00:00,38977.840158990744,39805.24801113591,38922.78846339752,39131.283395704566,842.5766885933389
2023-11-26 08:00:00,39909.389437302736,40217.896196020825,39151.139605459444,39732.51013088136,960.4901712019197
2023-11-26 12:00:00,39672.59276002637,40632.53318437583,39227.75630245801,39850.35152723908,1119.916008573749
2023-11-26 16:00:00,38807.613527426045,39484.3337562134,38678.098624112456,38979.241419291764,929.6990959057216
2023-11-26 20:00:00,39100.040076192876,39372.54827935143,38373.37339935927,39005.422648793756,1182.0714915212527
2023-11-27 00:00:00,39861.63184931824,40230.77920453057,39308.46273945627,39878.044251973915,812.1244383025397
2023-11-27 04:00:00,39127.111390994,39477.004688955785,38410.417625167174,39296.93534419675,969.2130844154713
2023-11-27 08:00:00,39702.718345701775,39967.14742500805,39613.705072767436,39642.85793447478,861.3512883909591
2023-11-27 12:00:00,40144.351374678954,40717.473515344165,39968.380150477904,40109.38830261474,966.1382588671502
2023-11-27 16:00:00,39385.40551452874,39986.74116140068,39239.50321667901,39315.215633227155,847.8239785235447
2023-11-27 20:00:00,39829.87343929869,39993.598472669626,39476.08143612158,39768.46708085851,1120.8856753686487
2023-11-28 00:00:00,39203.06765110063,39495.64362518172,39123.99020529111,39374.9273927208,877.0693051848936
2023-11-28 04:00:00,39959.123247143034,40661.555011053686,39465.28294223712,39888.24995477104,1033.0992912177092
2023-11-28 08:00:00,39808.32093766518,40123.490657282506,39011.16601891707,39713.29733472069,1031.2036483117479
2023-11-28 12:00:00,39587.07996071487,39947.29692706442,39059.91379582963,39475.358654836724,1062.8623891421091
2023-11-28 16:00:00,39447.85153734731,40175.68975565849,39092.713572686036,39318.22153825418,1045.7579199083302
2023-11-28 20:00:00,39009.128586410494,39367.18899205285,38715.39942746211,39094.56425601865,1117.975195543133
2023-11-29 00:00:00,39165.37304732157,39986.40446127369,38660.49961787322,39261.77233597264,1083.5506887153674
2023-11-29 04:00:00,39498.549521637935,39799.35268537029,39118.34064045085,39468.70593179811,1159.142657658944
2023-11-29 08:00:00,40231.274888583765,40238.92593630436,39738.427040166665,40038.534245942836,1169.8287512842962
2023-11-29 12:00:00,40068.92510147865,40801.99296513392,39493.550537464354,40205.92106493609,916.7853858867016
2023-11-29 16:00:00,39449.988549508664,39719.040285925046,38787.636073152345,39322.704624967024,974.502743264659
2023-11-29 20:00:00,39595.922257941995,40544.870314755055,38908.2978405792,39754.669814331,918.0834253704329
2023-11-30 00:00:00,39984.603615820415,40251.16072382716,39596.43587954334,40060.37975796603,1181.4612503324015
2023-11-30 04:00:00,39346.25367937431,39626.043271439055,38857.13127425819,39181.12158151877,903.4653068348957
2023-11-30 08:00:00,40293.25587674956,40855.505484876456,40264.33301920262,40285.790104483865,940.135322448959
2023-11-30 12:00:00,39422.580003653806,39744.72979730619,38963.16636710189,39574.50917155642,1156.0922571600152
2023-11-30 16:00:00,39917.05021187867,40156.41431030472,39720.49108557333,40087.062078291725,1154.507108610579
2023-11-30 20:00:00,39213.43612377626,40070.895614210865,39159.62014752913,39376.05253940792,1141.0697223320064
2023-12-01 00:00:00,39911.588939389,40582.65009158552,39671.11516519215,40096.453546493256,870.3724024976973
2023-12-01 04:00:00,40116.0513062197,40341.942854143665,39549.25215139722,40188.66224080226,1017.2582934898307
2023-12-01 08:00:00,39335.23961693864,39523.189581604376,38701.507443044655,39496.103051677426,899.6828911508594
2023-12-01 12:00:00,39878.47060520704,40340.14997035112,39519.531140319865,40065.24862814089,928.414414672262
2023-12-01 16:00:00,39747.85052765037,40628.93859231977,39646.21716712995,39901.74226513142,1043.3381995512855
2023-12-01 20:00:00,40140.446453404336,40807.74962785142,39801.23445823447,40007.023210757616,845.4266430192412
2023-12-02 00:00:00,39744.41269001278,40338.052241695324,39418.2067899378,39656.96768961847,1122.6411890794927
2023-12-02 04:00:00,40201.73601814735,40889.28712737058,39962.49684563462,40267.26641113377,1010.132763338166
2023-12-02 08:00:00,40272.706016167205,40436.15469587193,39630.74702419901,40242.17609868601,985.0105896626674
2023-12-02 12:00:00,40245.175742350206,40306.969810698625,39652.933819784885,40106.58045692318,1132.6306359926937
2023-12-02 16:00:00,40160.588358623856,40344.399572276016,39412.91895970146,40131.15960885216,926.6189533449611
2023-12-02 20:00:00,39818.53531494445,39882.02079817474,39420.27987016798,39698.26991525775,986.5778392749489
2023-12-03 00:00:00,39574.0047572268,39806.005839758924,39287.13628612641,39772.15099459573,1073.5225770908262
2023-12-03 04:00:00,39772.94193983487,40134.61908048343,39442.05903661783,39767.382992844054,962.1456027698175
2023-12-03 08:00:00,39376.76691006189,39977.24211651132,39362.8039009294,39417.589429118154,818.8271132901698
2023-12-03 12:00:00,40411.39270714567,40612.093478019444,40101.293226463284,40329.099656561826,1184.4037323057657
2023-12-03 16:00:00,39622.43581147623,40283.29477499856,39299.80612908814,39526.67427107863,842.3350681317512
2023-12-03 20:00:00,39700.046129689756,39751.89061872402,39307.29596262065,39556.48369970126,829.043606426928
2023-12-04 00:00:00,40309.14827944719,41011.758585099014,39544.29559490443,40229.0415359801,1010.1092684635028
2023-12-04 04:00:00,39985.4595406262,40575.916771029864,39431.33374092207,39872.06271257201,1028.9862335670618
2023-12-04 08:00:00,39455.11415888115,40311.13396160262,39416.14362726861,39623.732493344934,1102.5136035493583
2023-12-04 12:00:00,40497.30355868466,41144.76348664127,40287.900481789904,40382.544675571284,1104.282004163817
2023-12-04 16:00:00,39686.93274829942,40110.18277888893,39586.85291185638,39638.76518600746,1039.01681279843
2023-12-04 20:00:00,39900.64001384134,39941.37822543873,39391.189379845244,39833.496172364205,888.4513701342714
2023-12-05 00:00:00,39880.89048106861,39994.10227995582,39233.9267505198,39868.69601758036,976.7012385778122
2023-12-05 04:00:00,40660.6150721024,41052.55776531479,40003.46480722506,40568.90578665018,1189.6514651089526
2023-12-05 08:00:00,40555.72365857775,41148.32032066472,39685.16754398713,40418.03039737876,945.7732308215633
2023-12-05 12:00:00,39811.716938073376,40439.719331145134,39160.35737095081,39819.419780234195,992.9715754890578
2023-12-05 16:00:00,39894.826423030594,40317.84146925594,39476.841325090056,39990.01375686586,881.888836824745
2023-12-05 20:00:00,39886.39282773647,40562.67072233613,39097.05424736436,39728.2130468402,1160.458192450721
2023-12-06 00:00:00,40038.06227649195,40636.16495944739,39583.751855996685,40059.12030645886,1148.7183106363898
2023-12-06 04:00:00,39976.06099456988,40333.12238298718,39463.597465651204,40175.186182194324,897.7338091095908
2023-12-06 08:00:00,39836.03014788128,40358.820165381614,39792.14240318834,40013.76734783489,821.4211582152689
2023-12-06 12:00:00,40299.57480641213,40658.657975562666,40070.31807255825,40124.626645503835,993.7413768884932
2023-12-06 16:00:00,40062.62522831401,40571.75628845178,40023.63077464182,40160.57664743468,892.129342295756
2023-12-06 20:00:00,40280.73227702615,40549.410808117915,40151.685959506336,40160.5623172923,1185.9864725256166
2023-12-07 00:00:00,40199.14841564388,40705.108380971236,40102.19946290277,40180.30896686273,1180.0408239018427
2023-12-07 04:00:00,40700.56970392645,41098.6245343481,39923.84981424864,40541.556154333004,1132.9231537706812
2023-12-07 08:00:00,39794.611066161175,39953.20864243742,39031.365140748014,39796.064643124046,887.1804751224569
2023-12-07 12:00:00,40360.795104128825,41125.03687685501,39945.07459531151,40273.30932128824,1010.2556219437007
2023-12-07 16:00:00,40151.67171935352,40681.11750154984,39481.11307934481,40261.531407089824,1060.4103403522618
2023-12-07 20:00:00,39721.02183122608,39987.22242488724,39127.9670203428,39724.208713928485,1008.676382931932
2023-12-08 00:00:00,40053.3005072132,40459.65577721646,39891.963622934316,40166.80765219595,950.3074126740171
2023-12-08 04:00:00,39865.29083169503,40679.7604815756,39653.526557681165,39922.02242240239,1100.2859623901477
2023-12-08 08:00:00,39791.94573419247,40163.456067327104,39474.21850046552,39774.55887970818,901.3643189333637
2023-12-08 12:00:00,39990.87354910563,40579.904182834085,39585.30305276177,39899.555274915474,852.9454950630519
2023-12-08 16:00:00,39992.16559256094,40325.24861261189,39419.95265400401,40129.827370761755,1086.451986877725
2023-12-08 20:00:00,40688.01913001,41405.34468368157,40186.14750054637,40491.47644961682,950.2834683437643
2023-12-09 00:00:00,40674.20088696876,41358.18661726922,40277.814041077974,40581.474239221316,892.219163337953
2023-12-09 04:00:00,40115.80043518981,40598.15969615904,39413.18220941422,40103.59235731601,969.5882193843388
2023-12-09 08:00:00,40667.455127915564,40692.55280857062,40542.57698047829,40648.41553109737,822.0063180924386
2023-12-09 12:00:00,40724.81644436719,40929.7071905994,40097.79825011288,40606.57957272836,836.269901991495
2023-12-09 16:00:00,40879.749301147356,41345.286941493316,40310.03477077997,40837.3471157122,1008.9450063923077
2023-12-09 20:00:00,40659.89871323692,40787.04780328385,40254.60210788422,40642.26641095825,1027.9011461976177
2023-12-10 00:00:00,41051.13203011551,41686.09856810144,40215.16884182531,41021.74360353643,916.3789069050165
2023-12-10 04:00:00,40473.20850909811,40721.85811728573,40305.33887048816,40469.42872476453,862.0316812631141
2023-12-10 08:00:00,39773.564392145665,40251.67077067766,39347.886442157505,39874.881306113355,926.7346595936364
2023-12-10 12:00:00,40392.95678395135,40799.901500466614,39942.33041164467,40342.11244623241,1074.1501881722384
2023-12-10 16:00:00,41036.177734854034,41829.161468427126,40391.79588881672,41001.43605662034,1180.9576260782476
2023-12-10 20:00:00,40447.14419761325,40544.733538607434,40091.94751674724,40493.21809975006,854.8282753273782
2023-12-11 00:00:00,40340.80582440154,40384.86711099326,39781.43257404503,40142.82500967422,965.382391739752
2023-12-11 04:00:00,40403.27376873812,40787.08439792567,40166.727363172875,40532.998105231636,916.7124683814639
2023-12-11 08:00:00,40245.23789123679,40531.30388092761,39872.78385907367,40241.086040401584,1014.179730413524
2023-12-11 12:00:00,39938.847135862925,40737.103386162664,39702.89285273028,39957.1392823526,911.7920187645631
2023-12-11 16:00:00,40179.77846699989,40311.10397417083,39626.65464343694,40069.12269419714,1106.637983243507
2023-12-11 20:00:00,40165.404397265076,40804.17177260741,39700.198615794056,39998.783548800704,860.3910345449009
2023-12-12 00:00:00,40410.596860718535,40904.355267811865,39797.261214739105,40566.02689000951,1115.4887079467617
2023-12-12 04:00:00,41111.04660448763,41472.445927834306,40541.04284973266,40957.95810577959,1035.03072120327
2023-12-12 08:00:00,40753.429789978014,41119.81942392995,40255.37884157462,40828.45835505452,1148.1415922855965
2023-12-12 12:00:00,40126.96779544075,40782.28476550645,39572.164914082605,40316.557125233376,998.1562300860722
2023-12-12 16:00:00,40826.273867364056,41244.45119425894,40481.050219509234,40645.56792978167,814.85632243895
2023-12-12 20:00:00,40539.61406170526,40715.18364250337,40422.501043442026,40527.52193246961,1160.1649612998463
2023-12-13 00:00:00,39952.10092857234,40256.66707583584,39780.625631898314,40112.167934616155,1052.4803826878497
2023-12-13 04:00:00,41136.583675630434,41380.669508991065,40581.37260295548,40961.1396888461,865.0214930973418
2023-12-13 08:00:00,40211.7717154046,41005.841538840665,39878.91016659106,40095.46389234875,1065.0565242932346
2023-12-13 12:00:00,40086.8618342294,40598.29150488868,39542.66073001093,40078.51149889477,894.9963990099354
2023-12-13 16:00:00,40205.10044886292,41022.42567589957,39454.4215637989,40236.784000485895,1020.4448113671525
2023-12-13 20:00:00,40765.95259018511,41110.64284953838,40136.088109595825,40659.59141509839,1139.658392504712
2023-12-14 00:00:00,41054.098620941084,41392.537234818956,40364.80879659885,41035.188008032,957.0901105437513
2023-12-14 04:00:00,40663.59696481148,41418.235283088434,40083.77801450223,40789.33421325137,1015.0520622949742
2023-12-14 08:00:00,41349.013061401914,41380.397849337656,40936.131353062265,41263.52857269989,1084.4406119625835
2023-12-14 12:00:00,40216.03607094993,40858.96965710432,40100.75584819418,40215.70213564862,1124.117703140515
2023-12-14 16:00:00,40339.66996115711,41242.52776114371,39644.1572725351,40490.90289673711,955.8633696363916
2023-12-14 20:00:00,40439.546313025065,40598.43141136326,39703.475405598394,40553.26368241678,926.5416866499069
2023-12-15 00:00:00,41452.35674692397,42175.24744541121,40711.98276425166,41370.28059914404,890.7613309941878
2023-12-15 04:00:00,40996.17843083343,41764.684816571564,40200.62599926965,41183.93955963825,1096.399843477956
2023-12-15 08:00:00,41224.46759777827,41925.88775216616,40646.02339193779,41170.80134227635,1075.9296155415282
2023-12-15 12:00:00,40348.87993082504,40379.08580975022,40036.107136229366,40331.18723699754,1196.8918215550252
2023-12-15 16:00:00,41135.26033265742,42067.99616421112,40331.47698202893,41268.144250431294,846.3879884406143
2023-12-15 20:00:00,41103.24239222953,41759.68498569084,40548.99215666197,41015.13692946826,1024.2879769512315
2023-12-16 00:00:00,41353.79354712325,41999.13426262153,41060.62469028523,41236.756030057935,941.7842770229095
2023-12-16 04:00:00,40804.02573381542,40930.57885544964,40547.09145328097,40718.71586914534,878.6999300046413
2023-12-16 08:00:00,40108.90893648211,40807.31480173854,39661.0791792343,40281.73169583487,914.1290415202761
2023-12-16 12:00:00,41153.69858628529,41582.385200273755,40614.66031015364,41104.43703264281,975.0515873526169
2023-12-16 16:00:00,40251.09311647644,40594.28063524974,39846.41714194658,40310.86499027886,1023.2341690655226
2023-12-16 20:00:00,41611.550625872325,42143.99616553808,40938.51081159434,41411.1112665035,1156.9235576486058
2023-12-17 00:00:00,41372.96296162258,41655.158175798875,40710.922362249024,41368.82730964311,1052.2557152814584
2023-12-17 04:00:00,40423.048377133135,41118.319978153006,39877.14173802628,40372.30768785388,1044.0977320059887
2023-12-17 08:00:00,41305.53249927217,42037.26036264931,40718.42074574749,41249.016369072626,1066.060755963355
2023-12-17 12:00:00,41264.01182564244,41433.93715263437,40701.814314784286,41356.28433700203,1174.3932839330096
2023-12-17 16:00:00,41298.81178497502,42091.807837086315,40644.64382641663,41192.35301658549,1083.4360187523935
2023-12-17 20:00:00,41070.47125464046,41168.82243790335,40189.4813932792,40947.54766791803,915.0024258034424
2023-12-18 00:00:00,40828.90276922295,41136.254490080384,40042.910282311335,40742.301387122534,1045.43563419329
2023-12-18 04:00:00,41530.93273504822,41927.66561935705,40937.441814589954,41509.92070786049,1172.1594762763145
2023-12-18 08:00:00,41611.729202140945,41807.83892142656,41067.11115943802,41503.09702106653,1023.253256959952
2023-12-18 12:00:00,40675.53768228272,41260.43311279871,39892.96393464415,40818.291326858365,865.4693940996917
2023-12-18 16:00:00,40525.075446668205,40792.17376845077,40423.91205123873,40535.60640169521,1100.729908831472
2023-12-18 20:00:00,41492.81188289513,42156.78389246321,41147.10539658523,41488.729082525584,891.8238351999885
2023-12-19 00:00:00,41831.75930179381,42412.44661425983,41070.21944441205,41693.88802857623,870.3659529821026
2023-12-19 04:00:00,41357.115273863026,41602.646093582014,40851.58495060225,41326.45853417053,836.990162102433
2023-12-19 08:00:00,41269.9256222004,41390.52534047575,41188.45766333561,41226.63807075993,988.6035825292529
2023-12-19 12:00:00,41284.31553219,41875.67814805596,40538.600587209025,41259.943542570676,863.2991436869853
2023-12-19 16:00:00,41319.51079165242,42121.00055828813,41005.002122002756,41484.26772880952,1026.981949978501
2023-12-19 20:00:00,40914.99487437732,41244.28725155036,40622.50151840557,41071.60809019951,815.9433430354148
2023-12-20 00:00:00,41211.82366849373,41976.389100131186,40556.57176094554,41011.660084577554,896.4611150863082
2023-12-20 04:00:00,40635.75521158324,41352.02774489871,39858.33196884981,40636.80678958197,908.6277802233901
2023-12-20 08:00:00,40619.51969617366,41124.215435389844,40441.96426757286,40624.30362761888,976.853646789102
2023-12-20 12:00:00,41301.3565766976,41987.61578481919,40786.633576048014,41221.85248856499,849.5686773851917
2023-12-20 16:00:00,40901.15807629931,41435.79548296547,40603.511001509505,40735.005971581326,1017.8758509811927
2023-12-20 20:00:00,41583.699131068664,42135.755816358396,41583.02155508425,41631.09463399945,1014.4130293721635
2023-12-21 00:00:00,41030.04169002438,41288.318332857634,40473.00331813837,40968.56511922243,885.8112702389719
2023-12-21 04:00:00,40929.46753387105,41227.80686127585,40604.75282620498,40793.875722595265,1121.0943721154495
2023-12-21 08:00:00,41071.07640385783,41667.190207258296,40897.01354067367,41226.89870595117,805.7212738190225
2023-12-21 12:00:00,41590.56441664097,41755.04791653522,40921.72217596686,41691.050635138345,863.0979228766322
2023-12-21 16:00:00,41361.81516444785,41676.748354941185,40966.042516518304,41568.600808128,1171.5416705520274
2023-12-21 20:00:00,41733.43075877558,42091.87072349141,41335.39024380266,41767.05796482315,979.3098874550142
2023-12-22 00:00:00,41472.04077933423,42277.2906298395,41098.47748319555,41652.904726657136,1135.725867959772
2023-12-22 04:00:00,41480.257814832556,41839.477754640255,41060.33474027355,41669.21522804562,942.3317377531116
2023-12-22 08:00:00,41125.22137755519,41184.80258693763,41027.68523759553,41065.75604351469,927.279197969683
2023-12-22 12:00:00,41789.60220403998,42621.71796843695,40963.046117455866,41661.48035457634,1177.0255128669585
2023-12-22 16:00:00,41485.74610426432,42177.62268782917,40943.44875293903,41487.63972085811,865.5375430054481
2023-12-22 20:00:00,41606.60542471681,42508.16428072879,40942.48993301256,41776.91697767354,852.3324085403418
2023-12-23 00:00:00,41685.96364121072,41934.10270837032,41010.73029781783,41810.92628909435,1171.2500130826356
2023-12-23 04:00:00,41782.47689939177,41836.04442391798,40972.06525593809,41820.81275597787,854.3179697604861
2023-12-23 08:00:00,40855.231543883274,41236.95876776025,40074.04879965699,40826.2534419302,996.7677145714289
2023-12-23 12:00:00,41646.301488130324,41672.535408769065,41144.82807977265,41648.599881356495,1166.053255933155
2023-12-23 16:00:00,41683.57422202162,42092.67407227246,40729.920916398856,41538.17512742767,1024.8595167878584
2023-12-23 20:00:00,41300.78149066432,41319.201702381266,41017.257031566965,41113.16817875279,1022.7823541645804
2023-12-24 00:00:00,41683.02083243307,42293.90148483829,40958.63238161836,41642.97151069508,1002.2073341108915
2023-12-24 04:00:00,41106.59404421735,41482.28405652558,40559.29773725863,41108.86781054969,921.3099343739566
2023-12-24 08:00:00,40923.98579229824,41442.31559753452,40861.97938633867,40998.04999712777,951.279073288978
2023-12-24 12:00:00,41924.50046028277,42205.16451825478,41533.51569639442,41763.40002960205,1024.16869070055
2023-12-24 16:00:00,41126.6615167709,41921.127430074004,40787.17730749742,41207.897253355695,842.1346349631897
2023-12-24 20:00:00,40941.774082110904,41252.638802079855,40514.50137397817,40894.68858708817,816.9071759313947
2023-12-25 00:00:00,41032.189339952,41729.074933107026,40270.360907518865,41211.702266122746,1197.3453992090526
2023-12-25 04:00:00,41884.38475882995,42182.98346213413,40871.83450680692,41680.54911494473,995.2951700594448
2023-12-25 08:00:00,41418.76938499198,41756.75873802951,41011.80190745463,41545.13215971418,1093.766527707437
2023-12-25 12:00:00,41738.212297103586,42308.98991211539,41503.83370651731,41839.49639215399,857.6871254212725
2023-12-25 16:00:00,41162.692344528,41242.323216136385,41076.1210379041,41077.44278838629,1096.4954712461358
2023-12-25 20:00:00,41416.34078498835,41711.49149650772,41064.52444950176,41237.28278681534,1013.2817593452626
2023-12-26 00:00:00,41327.88704078854,41568.14157107442,41323.79874817635,41327.80654868847,1052.882176193049
2023-12-26 04:00:00,41390.20384654654,42259.57476703608,40599.80351736079,41482.76821019297,1005.5768217282737
2023-12-26 08:00:00,41718.89193437802,42699.029330513076,41288.01356945675,41918.885308830184,983.6881202054747
2023-12-26 12:00:00,41497.51216563398,41981.80821637304,40696.988657082285,41327.31703681817,912.7325016739036
2023-12-26 16:00:00,42255.91251852817,42277.09855145253,41657.49955598275,42082.8644648494,1037.735045038302
2023-12-26 20:00:00,41261.57189372029,41319.84339324466,40509.10319930618,41129.73118595568,1039.7497315190587
2023-12-27 00:00:00,41646.282153081906,42616.07312667611,41154.873162393946,41784.360982436505,1072.5079571762303
2023-12-27 04:00:00,41450.883325820214,41771.24797578555,41320.466673403935,41546.27529466096,923.0302050423873
2023-12-27 08:00:00,41201.96679162953,41691.482548131644,40855.25843493962,41110.065904734634,921.4989317902432
2023-12-27 12:00:00,41083.207207132706,41373.75984924551,40724.79387889686,41238.282009737806,831.0896449850275
2023-12-27 16:00:00,42070.94035821315,42435.114178974276,41258.73239974552,42256.72320965282,1048.0240141654879
2023-12-27 20:00:00,42221.32823784705,42914.74989422832,41669.34568956063,42273.10337005395,1023.2300372600696
2023-12-28 00:00:00,41390.92731232015,41789.81506739338,40588.86062797881,41583.675890090424,1097.6721104066842
2023-12-28 04:00:00,41415.06337387224,41639.00008156765,40438.02050969182,41225.71284319357,910.1570495826434
2023-12-28 08:00:00,41836.69804485125,42359.44810067311,41265.86870559778,41983.10149784197,813.0833133533212
2023-12-28 12:00:00,41397.85802346165,41842.34684247011,40977.31053190507,41207.69459825187,1048.20673972498
2023-12-28 16:00:00,41700.994992808155,42197.99684957318,41184.159654449046,41722.033859847455,1160.4148266681582
2023-12-28 20:00:00,41154.3789366921,41173.904001282746,40960.25758049677,41167.382463641465,955.5503308660255
2023-12-29 00:00:00,42420.40766770191,43179.01033097324,42291.27700411065,42394.60719696605,910.4182385480556
2023-12-29 04:00:00,41920.32540840588,42732.836413497826,41726.47153660752,41845.64304845359,967.4203774417457
2023-12-29 08:00:00,41541.28649059305,41976.06838140162,41036.858328938964,41339.722669727555,1021.7168779568292
2023-12-29 12:00:00,41623.427255863884,42168.28122438257,41183.08480722076,41763.05230566982,957.5615287863592
2023-12-29 16:00:00,41283.64754061558,42100.85440891288,40892.58742516126,41334.05486111287,929.279276968965
2023-12-29 20:00:00,41323.24493361494,41454.57271484771,41015.93644385143,41228.06021859222,1196.4242832075975
2023-12-30 00:00:00,41110.126188479044,41237.67940282786,40900.20049533875,41235.568209176505,839.3749375651972
2023-12-30 04:00:00,41794.235321061075,42320.41428624814,41594.64603540559,41976.691635371666,1149.3662105437618
2023-12-30 08:00:00,41732.800020678966,42069.31701267049,41463.31405033483,41862.48274266412,916.2019037787162
2023-12-30 12:00:00,41441.38877087699,41632.318120681935,41171.69429505385,41388.746704319514,1110.5101107812225
2023-12-30 16:00:00,41392.40488349774,42070.07557901554,41111.91833041714,41293.76566718429,1053.520768294267
2023-12-30 20:00:00,42579.71265415813,43235.913038221195,41684.45398841847,42447.62166046526,907.7221172483283
2023-12-31 00:00:00,42018.49004877261,42805.5737707502,41889.09912031182,42002.379111484544,1126.970061429621
2023-12-31 04:00:00,42581.00907112815,42878.233050862735,41540.62444592361,42377.16802781731,955.2729541880565
2023-12-31 08:00:00,42347.182472631,42390.96436756161,41674.10420369732,42366.790857979315,879.0446058484122
2023-12-31 12:00:00,41649.54754370016,42112.200553780036,40955.283310999046,41570.630495022844,1038.9227430200547
2023-12-31 16:00:00,41615.507860827645,41935.453679617916,41508.820507210105,41674.302496909215,1009.4840951898649
2023-12-31 20:00:00,41735.760621742214,42457.52600835215,41586.714165408004,41938.05147348377,977.6408973111022
2024-01-01 00:00:00,41933.14138228984,42726.747938886874,41474.90338336067,41862.9638367907,932.4192605956005
2024-01-01 04:00:00,41813.18792676669,42313.35012870455,40899.954830704875,41613.59552726435,900.8558931882814
2024-01-01 08:00:00,42078.56529554676,42563.00614722967,41523.08868021211,42254.88170196862,861.4981788133168
2024-01-01 12:00:00,41332.96022680659,41770.67684184009,41224.53549399188,41475.35610361875,1105.3708806320963
2024-01-01 16:00:00,41970.44522921348,42375.40599229967,41907.092630446525,42057.492697727284,857.1341666299581
2024-01-01 20:00:00,41550.630745941766,42332.57087774568,41441.34172942578,41680.232266941064,837.9601202411749
2024-01-02 00:00:00,42624.899081354466,42839.58694055919,41990.40607669353,42645.6155754529,810.8927888864256
2024-01-02 04:00:00,42913.426887012145,43095.9332717963,42156.17596010376,42735.68991300378,1111.8840209477446
2024-01-02 08:00:00,41998.543500159096,42742.61473792479,41350.21909083538,42117.603155878984,949.2347516159142
2024-01-02 12:00:00,41798.55700828659,42160.43058699458,41332.54561113841,41629.086291424,1084.5486101561717
2024-01-02 16:00:00,41752.83696779426,42446.43113131719,41141.48351297781,41717.30650357835,935.7569052426852
2024-01-02 20:00:00,41722.22811952304,42666.652902886424,41047.65234858348,41873.8506303513,1019.3695728723723
2024-01-03 00:00:00,42164.87196203707,42292.32164772627,41443.36972287463,42143.37321828377,999.7778011016578
2024-01-03 04:00:00,41979.13186041663,42480.56626742863,41848.522842162085,42136.76761486261,1111.5697676108086
2024-01-03 08:00:00,42177.45746985206,43113.596714600215,41573.64088273693,42381.01543765064,836.183214711505
2024-01-03 12:00:00,42210.39146082338,42327.66728742146,41596.72770383266,42003.18608392792,872.3133156697745
2024-01-03 16:00:00,42161.38967071247,42782.500930132715,41619.80740840329,42089.48462777746,1061.581184799962
2024-01-03 20:00:00,42688.93998007157,42746.950934394525,42390.17672789799,42622.9391350307,970.3741192308044
2024-01-04 00:00:00,42645.175019403825,43070.062360643766,42232.870277320915,42675.05707973112,977.2332443939263
2024-01-04 04:00:00,42858.20134406671,43610.49793995908,41913.384546162415,42699.66850707185,947.4430820202707
2024-01-04 08:00:00,42226.30614076167,42858.091661405895,42146.96626688409,42151.54476832006,895.5709379119901
2024-01-04 12:00:00,42662.07908954453,43296.27800745797,41736.15617081801,42514.919469767745,997.713906364505
2024-01-04 16:00:00,42486.89744272181,43102.31194719179,42230.56068791446,42498.57138703676,893.7327042696028
2024-01-04 20:00:00,41996.49835880339,42099.08933512567,41773.48961418491,42048.35126852966,1086.502234665362
2024-01-05 00:00:00,43016.58863200658,43787.54108767427,42828.20931177173,42897.84352875112,837.3337972223621
2024-01-05 04:00:00,43124.42522882475,43213.61941044001,42998.93258382124,43182.37095167122,934.7933012930513
2024-01-05 08:00:00,42216.87471133981,43002.519237894245,42117.97879819753,42351.54020582338,917.2150641928336
2024-01-05 12:00:00,42635.3643265528,43310.52281787918,42201.521156423565,42603.60725343055,1147.6706445125965
2024-01-05 16:00:00,42221.40453402971,42453.878811980765,41779.57134702064,42070.01463613549,1182.2648683763043
2024-01-05 20:00:00,42575.920625890154,42660.42914939723,41848.722078546176,42499.97078888722,922.0422611006284
2024-01-06 00:00:00,42802.27028039586,43696.62594983618,42662.54051010626,42893.65636451826,1110.8085776229407
2024-01-06 04:00:00,42303.78622976863,42364.3830421421,41498.05225915359,42099.790524433156,1020.30644249484
2024-01-06 08:00:00,42403.81842299551,43035.097305240946,41653.2939571042,42579.55719507195,803.2992927630653
2024-01-06 12:00:00,42711.30508882954,43685.47744108951,42237.51686128728,42870.57749882879,1178.6166071695836
2024-01-06 16:00:00,42834.445892363765,43570.975759162735,42651.04572024579,42735.96689644158,921.9456358480822
2024-01-06 20:00:00,42244.214813695464,42400.13298445062,41941.86470765406,42111.96610917095,1074.2515343525256
2024-01-07 00:00:00,42559.16370163705,43241.790762203236,41783.58742437128,42511.45020517687,915.51019549431
2024-01-07 04:00:00,43221.57459004254,43925.63893958829,42907.68325799855,43192.67127037519,1164.948613115041
2024-01-07 08:00:00,42915.61014898128,42942.72832305333,42337.366464692415,42723.3378446567,833.2424011202537
2024-01-07 12:00:00,42278.37553442628,42649.37682287398,41810.453967766676,42419.090235143536,934.541793348291
2024-01-07 16:00:00,43697.990952827095,44154.64681249804,43241.278363994425,43492.760093972036,852.4484333034127
2024-01-07 20:00:00,42160.44111570504,42746.47011566507,41483.03977819052,42307.13136493867,1189.5891898799366
2024-01-08 00:00:00,43174.719400581285,43954.843064497036,42279.76445188471,43117.991626139614,911.3082486125649
2024-01-08 04:00:00,43502.30326650458,43515.29816993701,43407.06621660094,43467.340527781686,906.9051642676459
2024-01-08 08:00:00,42815.215716471925,43105.57554401877,41952.632316672476,42684.13364468193,825.0714307300149
2024-01-08 12:00:00,43303.92902021901,44106.42055143857,42502.55670663666,43370.3416507679,800.5019937816836
2024-01-08 16:00:00,42399.27576822391,43273.7344924797,42140.65160445184,42552.10662707469,870.852500650095
2024-01-08 20:00:00,42856.887163156636,43817.27138326791,42000.50424241567,43049.80088052516,833.6403478161606
2024-01-09 00:00:00,42549.665475198155,42827.39547517991,42425.68936899444,42736.08084232753,1108.9506867068717
2024-01-09 04:00:00,43244.164785270215,43516.23338296115,42926.2271094658,43152.643486801826,952.5535964486636
2024-01-09 08:00:00,43300.08180373412,44048.34909853127,42509.7943899378,43230.99618348875,1048.0306575666343
2024-01-09 12:00:00,42995.381192504305,43287.2163085722,42498.274620651864,42862.7450506381,905.3600058597924
2024-01-09 16:00:00,43402.57249069953,43746.02079763454,42565.51351072891,43281.748297142396,807.6112197457292
2024-01-09 20:00:00,43592.707305307595,44399.43687920558,43371.5066272785,43575.607012336164,1112.2845256139126
2024-01-10 00:00:00,42844.4460350612,43576.098161417074,42361.027154220006,43015.47131882519,1013.9566075472455
2024-01-10 04:00:00,43644.390603276835,44381.286894246026,42934.147589194305,43750.4804061345,821.1709800015263
2024-01-10 08:00:00,43993.81538705187,44161.604617539044,43625.04262457787,43790.43951688127,945.4645492228367
2024-01-10 12:00:00,43457.760737020464,43666.962232700826,43322.664847436274,43606.68983172503,1111.7449711102431
2024-01-10 16:00:00,42938.584822077726,43382.77135200535,42009.582443747524,42758.24942672344,1119.136909632846
2024-01-10 20:00:00,43385.667780880256,44206.27820813602,42679.46064444468,43539.966970253554,967.0690511955338
2024-01-11 00:00:00,42885.60718503017,43714.138522792426,42169.35164580263,42996.63658649514,1178.081770538772
2024-01-11 04:00:00,43913.94221889665,44426.928889858114,43708.19781691546,44028.844118779096,1156.507883485568
2024-01-11 08:00:00,43067.749813083916,43689.18015814831,42941.78631013856,43175.61288491785,851.7763707176792
2024-01-11 12:00:00,43121.65149012148,43523.322746337595,42623.70938809023,42954.23901340206,1193.867177809477
2024-01-11 16:00:00,42661.45042431856,42815.29622221665,42368.767441476295,42815.13801504735,822.9874994331572
2024-01-11 20:00:00,43091.3409819978,43812.50433232543,42816.549401851036,43069.39969231163,1101.1657550904542
2024-01-12 00:00:00,43054.93759828923,43296.9225600151,42821.07130951327,43171.66439928693,1151.0594601731018
2024-01-12 04:00:00,42914.051653962124,43517.59982439328,42210.81550401217,43128.21996469589,905.0208667228343
2024-01-12 08:00:00,43782.200426130345,44084.24466355934,43108.824219941955,43898.186377396065,851.3310516567511
2024-01-12 12:00:00,44246.51904302342,44258.892800721165,43357.07674177885,44054.70957969432,901.6520154268911
2024-01-12 16:00:00,44058.60359049083,44738.755828965026,43773.42118833138,44039.70544724577,1067.3352019665294
2024-01-12 20:00:00,43665.434549701975,43993.88796812454,43054.42089632605,43546.94353644525,802.5934625493794
2024-01-13 00:00:00,44352.401336909716,44614.20144468052,44001.56676762821,44202.72704235782,1189.6185948094394
2024-01-13 04:00:00,43200.51252468188,44103.4352989316,42840.60794297798,43412.24394125948,928.8031548226734
2024-01-13 08:00:00,44508.53741260271,45231.82737343709,43557.386379645504,44360.340368455334,1132.9111753359034
2024-01-13 12:00:00,43704.18807570999,44301.49517925008,43281.341717583375,43561.771090853494,1153.06026672174
2024-01-13 16:00:00,43388.552203661915,43965.70976925426,42926.611769541,43253.167427599146,1112.5702099392333
2024-01-13 20:00:00,43929.17881427834,44059.34581669997,43723.58422007514,43925.0350369076,1173.7268273825746
2024-01-14 00:00:00,43426.153358625284,44343.10269460173,42830.95342067426,43476.88936653783,1164.3860581178737
2024-01-14 04:00:00,43696.64875704429,44453.12503778125,43213.29609732822,43723.84085765062,992.0092029231859
2024-01-14 08:00:00,43428.29980746627,43721.66883492004,42889.01240284419,43607.67544469964,813.0435950095743
2024-01-14 12:00:00,44284.31744445003,44933.24899555865,44013.64729121056,44246.19768809547,1051.3157142111443
2024-01-14 16:00:00,44488.223137391054,45230.65043788252,43996.56833355602,44409.120823116515,1151.4519344305647
2024-01-14 20:00:00,43456.02895293405,43670.815727748515,42763.197024951616,43509.19165250362,907.4004828697415
2024-01-15 00:00:00,43754.533932756814,44621.435988161946,43077.86453120002,43688.48939566439,1173.2097739389076
2024-01-15 04:00:00,44740.67587928556,45435.760108034425,43943.65460150227,44643.1515814791,893.7246732947533
2024-01-15 08:00:00,44478.668958913884,44605.74438923582,44237.8053039687,44268.73770606341,1119.6263314780304
2024-01-15 12:00:00,43622.07387314625,43762.05357526141,42896.99669098699,43441.813038607834,1120.3511862638006
2024-01-15 16:00:00,44578.333329760724,45157.69282954091,44055.387218653865,44423.77290594014,1026.677098643307
2024-01-15 20:00:00,44645.63122264935,45327.09964533581,43998.51367931088,44632.095373164215,842.9199490855672
2024-01-16 00:00:00,44423.4477088927,45241.83151706329,43770.10688954026,44449.551429228806,1110.396938969724
2024-01-16 04:00:00,44220.9323918135,44812.84227434545,43863.24831473255,44238.44991628731,956.0382155181883
2024-01-16 08:00:00,44393.13388889817,44892.73325005106,44183.904928260854,44512.12850411327,964.1856000396419
2024-01-16 12:00:00,44612.787734447185,44882.99846188847,44535.046890709455,44722.37788247771,845.0335565115994
2024-01-16 16:00:00,43610.14798938346,44215.360901875145,42694.517488511716,43513.02680615727,993.606947022809
2024-01-16 20:00:00,44133.27862424931,44348.43317768628,43190.526348897496,43954.50752252617,1180.17109880927
2024-01-17 00:00:00,44897.73569266057,45082.90034789215,44662.675846289676,44856.422415018314,917.4659459189415
2024-01-17 04:00:00,43811.633983136184,44409.24067971693,43375.5067592923,43803.250655845215,1105.894324384264
2024-01-17 08:00:00,43834.6177377,44353.79509116393,43433.35918306802,43799.450685634416,997.5204245523944
2024-01-17 12:00:00,43790.152145926935,44467.35697666966,43091.803274195976,43902.583311628354,1106.0918414698776
2024-01-17 16:00:00,44121.22755078031,44883.47045375502,43625.74869664739,43955.07051424951,1154.2281371838897
2024-01-17 20:00:00,44184.73391913594,44638.57239543463,43450.84691505979,44017.01006227477,1024.0048976577173
2024-01-18 00:00:00,43976.43092801637,44286.581753433515,43281.07461257818,43803.866129627066,975.4241594803237
2024-01-18 04:00:00,44819.670989233244,45373.37339274809,43950.439250564865,44994.892082718135,878.2425532333407
2024-01-18 08:00:00,44859.40420387937,45127.223332378686,44316.72557155132,44995.59070781275,919.7706339248974
2024-01-18 12:00:00,44290.26037744207,44316.28797658484,44049.72871363296,44172.15971497402,882.8604947476591
2024-01-18 16:00:00,44815.21715096863,45660.075465461,44701.5504429617,44926.63832688489,1040.89897542689
2024-01-18 20:00:00,44767.25048036806,45230.236798094586,44737.25229335162,44817.75990891417,1107.4928030942324
2024-01-19 00:00:00,44509.5163540623,44676.802522385806,44134.21940393726,44618.229849118376,1007.1000398992525
2024-01-19 04:00:00,44097.635548557075,44367.21380647321,43616.290977144374,44014.823375912,840.6395779597011
2024-01-19 08:00:00,45200.60198432501,46052.62264082903,44238.06831724428,45072.98457171289,866.0129503978856
2024-01-19 12:00:00,44381.03260323773,44617.05036761054,43917.105166716916,44248.2285247223,1106.1739168378592
2024-01-19 16:00:00,44492.98911877592,44734.467377800924,43927.86025426611,44292.61315647223,921.6660378853077
2024-01-19 20:00:00,44241.13337223239,44270.998814856495,43270.08748774184,44043.99465395467,1002.0329255296215
2024-01-20 00:00:00,44964.373575663114,45696.17664583825,44531.20273938973,44861.52831258801,1084.59916224206
2024-01-20 04:00:00,45212.51350396731,45830.577004069186,44714.98441669979,45384.14433490846,1125.6081078611123
2024-01-20 08:00:00,45119.2863484307,45673.81330345855,44736.14607610836,45335.25712119522,1175.7227314069012
2024-01-20 12:00:00,45179.91394452799,45988.92641160816,44948.55594445443,45166.029919992485,1000.8884632511039
2024-01-20 16:00:00,45201.30928559457,45463.91438614281,44587.95381887738,45288.65094393291,935.3506006992402
2024-01-20 20:00:00,44710.887299724156,45172.531444688524,43981.69612341634,44912.594950883526,956.7823519774755
2024-01-21 00:00:00,45325.29372740041,46397.95251844447,45025.298187723034,45527.65679070921,1087.9140224157359
2024-01-21 04:00:00,44792.48567828327,45081.66360233871,44699.55164687685,44717.76664187308,1151.6108334149912
2024-01-21 08:00:00,44517.03547270357,44732.93691482987,43788.06732644958,44356.000014286205,1069.2560964529002
2024-01-21 12:00:00,45120.49775911492,45483.474878548615,44374.88073732062,44948.61496206279,1017.4514097712074
2024-01-21 16:00:00,44041.80143917386,44306.0199044362,43887.47028684197,44256.707137707854,1000.390934583093
2024-01-21 20:00:00,45355.923079327105,45675.82068000723,44859.5577313356,45368.40429327558,809.7997649078827
2024-01-22 00:00:00,44920.002089482536,45309.16288515577,44440.67706963937,44711.90221032558,1007.0926226410847
2024-01-22 04:00:00,45446.3224615849,46096.04050563396,44829.87019068412,45532.4704080442,974.3551393411046
2024-01-22 08:00:00,44664.86406335977,44863.66545490537,43989.27851545151,44532.65044292626,1078.2914929493127
2024-01-22 12:00:00,45718.08856334486,46474.65607619548,45269.12656930413,45687.7781136694,959.3406257958326
2024-01-22 16:00:00,45187.62222361841,45587.302357156106,44557.781386309965,45148.05150664435,1157.2863929326045
2024-01-22 20:00:00,45412.240445713,46246.57675150056,45049.4621397037,45383.020330887724,861.4121772366566
2024-01-23 00:00:00,45325.324956266566,45505.94129268158,44905.4620790914,45473.049851492484,1186.832356299195
2024-01-23 04:00:00,45040.58567127697,45623.08231732962,44261.191100456344,45105.45605280863,1055.2907079552886
2024-01-23 08:00:00,45113.95412088593,45921.9546820547,44437.12655851415,45008.390957212614,885.7491402810622
2024-01-23 12:00:00,45603.12700114464,45999.96489921426,44919.52611564158,45458.88773537057,938.5620749388079
2024-01-23 16:00:00,45369.81228345655,45610.4364794691,45178.338754163226,45443.417358660095,980.1779334910605
2024-01-23 20:00:00,44877.19935690041,45154.43831170288,44535.05684569191,45009.377659822625,1015.6943940059291
2024-01-24 00:00:00,45524.98592444287,46275.44156525759,44714.800155948054,45664.802322124895,821.9930626784972
2024-01-24 04:00:00,44454.595954632256,45228.279967286246,43706.26806918316,44661.2832259287,979.0893345163686
2024-01-24 08:00:00,46095.84534115902,47015.80984468746,45766.25326483428,45935.288706036095,1117.9652132228216
2024-01-24 12:00:00,44665.04720665174,45526.28996734718,43793.456728943915,44757.374921616945,1190.6693328333631
2024-01-24 16:00:00,45008.06249891298,45806.284331810006,44496.45437127554,45193.93631402882,996.6827508963139
2024-01-24 20:00:00,45914.15574462895,46074.31305855463,45259.6819133487,45699.00833760399,1156.4242297951698
2024-01-25 00:00:00,45826.67082868444,46162.29795070227,45285.072680340774,46042.3520162971,810.8679683767375
2024-01-25 04:00:00,45766.81922389936,46018.68818058715,45274.92955853348,45727.737032503646,869.0261038003074
2024-01-25 08:00:00,46002.44281547752,46616.03104925111,45072.736894533795,45969.591510178834,1020.855625489485
2024-01-25 12:00:00,45768.55801407902,46229.27918771316,45730.65021384474,45936.27887356564,818.3208715098953
2024-01-25 16:00:00,44916.2351260543,45813.63323444505,43908.16187334613,44798.286685541134,892.6155386961422
2024-01-25 20:00:00,46288.0581320047,46613.7393409295,46005.5968872879,46081.54894670715,1177.2546804832843
2024-01-26 00:00:00,45312.00951272737,45842.02975697698,44446.921479538745,45142.434399419,1076.9120120298128
2024-01-26 04:00:00,45096.51705799872,45438.35303560852,44373.10958471451,45294.7570843607,1123.1195538871839
2024-01-26 08:00:00,45525.24403035542,46204.9442334214,44832.012529918866,45535.97047753427,1192.5651693633986
2024-01-26 12:00:00,45679.40629934742,45954.51728433067,45258.23049603205,45672.16518885095,991.8813315900419
2024-01-26 16:00:00,46423.41686737608,47169.82708413672,45715.26770169835,46198.316518784515,1053.1400954434332
2024-01-26 20:00:00,45304.28347201015,45976.33695585464,44848.86230192348,45445.34505824701,1103.3023138357232
2024-01-27 00:00:00,45637.56699604562,46380.16170686821,45408.533737193575,45848.59815710735,944.9318090171192
2024-01-27 04:00:00,45898.85187541991,46153.744239173255,45020.08443788389,45791.56465007282,854.3015401922297
2024-01-27 08:00:00,46527.76956383429,46704.85080045772,46063.337965663995,46390.13468723328,890.9297129259804
2024-01-27 12:00:00,46382.378973246334,46739.498066403285,45759.75381060402,46222.44113954026,954.8490341927119
2024-01-27 16:00:00,45423.10884628637,45499.504795913104,44342.75161583203,45242.907952819885,905.6044051801973
2024-01-27 20:00:00,45766.421521001525,46649.27473540988,45089.07894632424,45546.79800150378,900.6111093158931
2024-01-28 00:00:00,46269.68252147023,46474.88587888534,45714.234939718655,46153.19354386135,940.9390334228791
2024-01-28 04:00:00,46299.309537634756,46534.26871891246,46162.130946068486,46354.72144950109,1148.139972259394
2024-01-28 08:00:00,45284.19258096533,45696.42011105459,44883.37339851935,45421.11521304771,943.5912458569053
2024-01-28 12:00:00,46572.27482035467,46750.118365851675,45723.31641405796,46544.261458170266,1112.9526027511824
2024-01-28 16:00:00,45890.046647703486,46707.26514288854,44995.951829810416,45916.548175193755,968.4315870898056
2024-01-28 20:00:00,45614.48563623454,46273.704403249816,45154.226362172216,45598.00176400987,1178.916876725649
2024-01-29 00:00:00,45660.54885760858,45993.45776108227,44975.24611890574,45559.654443186024,1019.534987517613
2024-01-29 04:00:00,46284.291032492205,47010.741648219555,45669.537556576695,46111.82090455332,992.2365410744192
2024-01-29 08:00:00,46385.153667362276,47294.243756524666,46179.74458521385,46617.64375910224,1131.735642915712
2024-01-29 12:00:00,45327.644060923936,45966.2584401293,44849.46056965032,45532.22176315043,987.5138855965431
2024-01-29 16:00:00,46237.65565640353,46634.14463379347,45746.92787600524,46432.7368982411,1028.6287888528377
2024-01-29 20:00:00,46502.94755164578,46630.23672546617,46160.93435679501,46306.800751981405,1033.1057187632746
2024-01-30 00:00:00,46205.86060146746,46724.177510733265,45322.34328605903,46189.59283070148,1195.874969251779
2024-01-30 04:00:00,46234.845098599224,46450.52486599624,45243.658524706465,46074.159701600394,1148.5030660371317
2024-01-30 08:00:00,45767.06971448485,45973.00018929627,45409.92025190056,45611.699193747845,1051.5573739958347
2024-01-30 12:00:00,46216.171158338824,46990.508773282185,45816.362535762055,46278.77002522825,956.0198803536616
2024-01-30 16:00:00,45502.798654239676,46018.42216296593,45155.79458722314,45592.80016522567,871.6233279201408
2024-01-30 20:00:00,46547.16768379054,47506.82754852391,45677.11797895259,46663.571539903394,887.6347351503291
2024-01-31 00:00:00,46863.335781923415,46938.203840635004,45775.080374953766,46645.72885262875,842.8867885791699
2024-01-31 04:00:00,46258.51230361046,46893.528146928176,45676.70972037107,46195.128560286605,1162.6820023743853
2024-01-31 08:00:00,46067.494487142525,46890.2406339848,45913.504618159706,45944.48179345776,1056.8506702386253
2024-01-31 12:00:00,45675.42378067649,45995.13403807496,45556.2293618658,45859.541809114744,868.5145602047918
2024-01-31 16:00:00,46909.940882722854,47140.549207773816,46546.40581834922,46811.33687226872,848.8464973512582
2024-01-31 20:00:00,45995.621800495486,46264.90350673392,45011.90760336997,45768.53596438164,833.7555933736579
2024-02-01 00:00:00,47262.747705488764,47355.47013557248,46165.50795169114,47046.62446151088,1139.7431436773118
2024-02-01 04:00:00,46506.22702402272,47379.56970139647,45625.73657178459,46617.037531907125,1187.3182054802685
2024-02-01 08:00:00,46874.20710375137,47127.436414993215,46325.90920961021,46641.524098191316,1015.0260941820281
2024-02-01 12:00:00,46657.91339508689,47493.08790614362,46593.86601409687,46624.040720165205,1080.837506064722
2024-02-01 16:00:00,46653.580019715286,47093.82496606701,45869.568889831586,46828.593415444666,914.2149851101851
2024-02-01 20:00:00,47267.90698670732,47705.36035184779,46396.37380615789,47095.17249992392,928.5629589463305
2024-02-02 00:00:00,46213.54414221551,46816.47586889528,46071.11607976823,46165.36507947776,1049.7067599350557
2024-02-02 04:00:00,46979.364911354096,47279.057441132194,46643.106281187924,47076.19849540985,830.452778637915
2024-02-02 08:00:00,46470.89356111718,46944.17140535189,45599.349565731834,46266.714654507894,1042.4516265015866
2024-02-02 12:00:00,46855.97321595088,47641.4314297037,45865.75681139967,46720.82546649172,840.2732163410454
2024-02-02 16:00:00,46184.07969474763,46366.99065669422,45946.19882291348,46359.86609713128,1180.3008755598025
2024-02-02 20:00:00,47082.46637359975,47889.27470114858,46576.0158588594,46943.813420842955,1176.5496708650533
2024-02-03 00:00:00,46449.75391944122,47146.66673703155,45781.36177680976,46546.017510298174,1055.5319929876414
2024-02-03 04:00:00,46729.68603592439,47222.02526555511,46390.73271942596,46694.49075746186,832.0264631336686
2024-02-03 08:00:00,46194.62177415353,46862.52519848813,46123.90315144838,46323.63055154996,956.3086870903178
2024-02-03 12:00:00,46022.41086586531,46196.36894845877,45289.43724914871,46077.51585254632,934.1961036763942
2024-02-03 16:00:00,46937.90658000286,47304.55371825999,46769.65281172649,47139.934500506686,1077.7666654239692
2024-02-03 20:00:00,47436.38391421386,47526.89195577517,46814.928605912326,47437.92994517795,1112.6402968827613
2024-02-04 00:00:00,46232.498180370625,46566.342737821804,45518.956801557404,46249.77469244599,998.9356308059048
2024-02-04 04:00:00,47220.47112793112,47625.9986083455,46791.30890511736,46995.98498900095,1117.1406451916923
2024-02-04 08:00:00,47048.359411064725,47595.248435227884,46366.52179920733,47139.43806911727,1024.861727758689
2024-02-04 12:00:00,47145.45068248672,47446.05027698802,46934.98904141796,47041.84826217153,1126.7581317549061
2024-02-04 16:00:00,46143.99981632365,46428.09654305697,46044.710185669166,46281.13147181196,1007.47842098873
2024-02-04 20:00:00,46303.388874303884,46858.69989766058,45784.902791701985,46311.63266395259,844.6031118924078
2024-02-05 00:00:00,47571.11071204591,48032.82840552668,46912.73049842682,47679.84619612322,1030.9754264339915
2024-02-05 04:00:00,47229.903057264935,47835.83910314777,46837.80538574473,47373.6472176451,878.1895859877794
2024-02-05 08:00:00,46708.730763319545,46943.267438321534,46446.14096611158,46861.23157584225,933.2999811204138
2024-02-05 12:00:00,47715.033032102816,47973.192034034626,47333.40720993755,47517.52089829764,852.1730701999302
2024-02-05 16:00:00,46305.93035794174,46368.851089200456,46272.9868059567,46363.34372717877,962.3889678290207
2024-02-05 20:00:00,46568.48821724462,46903.05650041264,45899.53025260838,46389.96103598802,992.8739544545135
2024-02-06 00:00:00,46719.93938053359,46970.74092713352,46270.55530984738,46578.63160116318,1037.1906585683107
2024-02-06 04:00:00,47629.289318227864,48263.881928921866,46750.03168909554,47537.07203769008,804.3256780190009
2024-02-06 08:00:00,47868.56348655161,48240.407745398035,47371.91030056796,47657.364467047926,1176.3615906931666
2024-02-06 12:00:00,47040.94129060226,47522.56128579946,46967.14686061198,47030.79787684175,1056.398569803913
2024-02-06 16:00:00,47460.5065088447,47762.54173745347,46679.43440313462,47560.175742265936,1019.2734744599261
2024-02-06 20:00:00,47184.86294272733,47536.35874060792,46594.603316243985,47375.34781592019,1083.6023812925623
2024-02-07 00:00:00,47603.24839569415,48003.65545980236,47414.323123637245,47633.48911983879,1188.1797382903478
2024-02-07 04:00:00,47675.88582906123,48026.094236876386,47308.93209200909,47527.08078323297,1181.9105205073827
2024-02-07 08:00:00,46693.463676551146,46878.85279734594,46010.18012608165,46839.746260256594,1082.1764070973836
2024-02-07 12:00:00,46820.309147772045,47785.712868744384,46422.52207358668,46929.12932709522,1013.5795348144234
2024-02-07 16:00:00,47507.59495759516,47510.46853933134,46945.009070667715,47377.21681729273,917.0500869836678
2024-02-07 20:00:00,46753.06024821102,46918.52475674888,46380.557720689045,46838.09159651409,810.7333973560346
2024-02-08 00:00:00,47237.178456526344,47894.46529599533,46685.673914489445,47369.63720532852,979.5528987424834
2024-02-08 04:00:00,47389.01851360865,47714.48442840975,47374.20201005102,47578.69979923063,837.5631305801658
2024-02-08 08:00:00,47115.918910756445,48090.074997518605,46874.38207196083,47311.03573357872,848.2252600537198
2024-02-08 12:00:00,46868.08960423327,47539.65710694542,46861.38205803535,46906.13953570145,949.0603363434486
2024-02-08 16:00:00,47087.353493423216,47761.31472963082,46791.5586545145,46904.202401868606,930.3912953495101
2024-02-08 20:00:00,48140.37583348366,48568.41186118832,47311.963141332046,48059.83239312728,1081.8095940979501
2024-02-09 00:00:00,47473.36350434407,47962.28468080124,47199.641782087914,47458.539184253124,866.2689984907256
2024-02-09 04:00:00,46836.83979966622,47905.14809375206,46780.23728730521,47032.006424978004,830.9482182047002
2024-02-09 08:00:00,48059.48658977286,48890.38414402548,47839.32123830984,48243.00262887303,930.6832351776877
2024-02-09 12:00:00,47278.920462001675,48142.530192948885,46534.21680984369,47085.28461120033,926.174558379541
2024-02-09 16:00:00,47723.10502735155,48246.5471108413,47269.73822409644,47547.23215366476,1128.0790104644227
2024-02-09 20:00:00,47996.3748567739,48308.2734564171,47082.3409950284,48080.94825601516,1119.2208712168008
2024-02-10 00:00:00,48330.577971766885,49312.4240403325,47810.04727438641,48480.98794708354,1129.4824785034546
2024-02-10 04:00:00,47964.65337042369,48548.388543188856,47896.763172328705,48040.389569660925,1189.8885322963115
2024-02-10 08:00:00,48037.121090448796,48605.06333253636,47890.8613826703,48175.76786472803,1027.4391711755432
2024-02-10 12:00:00,47903.02026349383,48610.7179086568,46753.62977376368,47697.85590360764,1102.0059209855112
2024-02-10 16:00:00,48068.60753549561,48712.87468419671,47845.57306049295,48301.37365032229,1075.0991946477989
2024-02-10 20:00:00,46971.85509987963,47597.21850877128,46660.318764902586,47169.03809818832,1029.8481347631746
2024-02-11 00:00:00,47321.72327522092,47805.269081136736,46840.111641335396,47228.28343555704,964.3631131684646
2024-02-11 04:00:00,48092.15669452647,49132.857509291025,47744.6546634262,48330.044340412365,863.9172254021797
2024-02-11 08:00:00,48320.542246742036,48791.64578006185,47675.46656756067,48113.324833796425,1076.7357300374122
2024-02-11 12:00:00,47638.83519749868,48414.13563317689,47346.78219412419,47701.703403072264,1046.2365472335368
2024-02-11 16:00:00,48155.300364122544,48469.70161235354,47209.47378076938,48393.216490552346,845.0366253737568
2024-02-11 20:00:00,47786.41289012208,48728.3874353089,47205.029099287356,47573.302689427095,832.1717955759192
2024-02-12 00:00:00,48210.710460357106,49336.20917544168,47899.12478317129,48450.7998633145,825.1903772233472
2024-02-12 04:00:00,47961.89971558241,48226.69570956208,47005.01824589323,47794.15025275472,1141.8941261057923
2024-02-12 08:00:00,48997.37682936048,49092.5383968026,47801.316805958704,48776.67748520025,931.9824969246723
2024-02-12 12:00:00,48509.11098689179,49024.69385116438,48442.54172314751,48446.59457592337,1069.0378366617656
2024-02-12 16:00:00,47602.21752284675,48422.53100162972,47007.17209464888,47784.803899781546,839.8380609247529
2024-02-12 20:00:00,48539.095345200985,48795.51074698751,48106.85637776514,48611.93021563114,935.6018158197899
2024-02-13 00:00:00,47986.86904240539,48070.82066414478,47425.56940257167,47907.34424480443,1024.857584965885
2024-02-13 04:00:00,47779.79242481146,47980.99224034687,47433.84725019197,47767.52781272588,1051.4145715826153
2024-02-13 08:00:00,48636.98970674448,48935.548118800536,47871.17755783326,48610.22536840212,1081.3452474950413
2024-02-13 12:00:00,47938.645544836836,48517.23149029461,47482.11793767617,47949.76887861742,939.7484828430136
2024-02-13 16:00:00,48679.26379943111,49154.80442940404,48143.94941681461,48880.013484209296,1197.4211651337619
2024-02-13 20:00:00,48503.56761766103,49031.66616504283,47544.18445852154,48599.61000109574,990.5681575568452
2024-02-14 00:00:00,49078.37234792839,49924.71292393772,48147.07347127257,48837.17754329895,853.968180662566
2024-02-14 04:00:00,47951.58928515158,48387.45904958308,47536.357610353516,47980.296444587795,927.2747518903586
2024-02-14 08:00:00,48471.56070050899,48611.179299896925,47576.36324441971,48277.13934916647,1077.254726218785
2024-02-14 12:00:00,48313.38327409878,48698.928938422294,47368.90703519698,48425.361309168555,943.5048260682454
2024-02-14 16:00:00,48685.02451097151,49566.936814048575,47914.80668554806,48596.597139915735,879.2863066018506
2024-02-14 20:00:00,48737.81779511742,49175.25505181342,48269.43965213364,48855.59268755866,928.040038301823
2024-02-15 00:00:00,47740.504285262294,48512.35919139198,47113.11965417735,47928.89953709453,979.4331569561358
2024-02-15 04:00:00,48352.30676488029,49132.92316116988,47426.72484476324,48180.08624988791,852.7133101277834
2024-02-15 08:00:00,48121.664464301626,49062.0839625997,47674.74158998296,48338.23367814762,955.4347384682209
2024-02-15 12:00:00,48844.58522922508,49422.62462775299,48277.79383922831,48682.68509885967,1097.0857216904828
2024-02-15 16:00:00,48100.30016227455,48497.46556497378,47814.4826615508,48235.8193001133,1153.2730462530608
2024-02-15 20:00:00,47840.871821074914,48430.963813555165,47428.82173437888,47994.27599922942,943.1190088650093
2024-02-16 00:00:00,48199.909034822434,48354.37434595173,47401.14735005876,48185.4741265357,1137.139515021792
2024-02-16 04:00:00,48694.73635326264,49514.14179170047,48665.87733230317,48806.57400829415,1117.5909898796979
2024-02-16 08:00:00,49020.76663298977,49879.50306338845,48391.11454875559,49149.47847783444,984.5164194634077
2024-02-16 12:00:00,49325.80849771371,49774.93448768346,48989.27070665291,49191.398430024215,1132.470139465565
2024-02-16 16:00:00,49475.050843193836,49968.14855244246,48868.77155267413,49295.66331657367,819.6105714924909
2024-02-16 20:00:00,48076.86478997424,48160.304453765835,47433.439631260044,47992.57757620558,1028.5468860606097
2024-02-17 00:00:00,49118.8245002969,49570.83577826549,48915.50426143339,48955.52592853257,1047.5577719730004
2024-02-17 04:00:00,48477.86973677393,48721.050748752015,47827.004986637716,48513.04049442461,1142.0124064389477
2024-02-17 08:00:00,49246.874451555195,49330.92199763959,48358.40632300302,49216.96784868787,867.9436138262618
2024-02-17 12:00:00,48011.73840601466,48432.87317714681,47955.76398841611,48121.68676165643,1008.2736082422707
2024-02-17 16:00:00,49205.0414904462,50114.1865957757,48432.28984398119,48964.98266000828,1198.3147306439805
2024-02-17 20:00:00,48895.33090306701,49869.049751632214,48061.48528587681,48882.90951028382,863.8693116299355
2024-02-18 00:00:00,48257.42983794693,48366.43665159557,48020.66325036123,48285.9753184808,829.0991245071555
2024-02-18 04:00:00,48575.02333879672,49156.80373287548,47448.17069120292,48346.71382595724,1006.2421347438483
2024-02-18 08:00:00,48296.54280223363,49070.10851725276,47431.434451927795,48239.12537248852,1031.451620175901
2024-02-18 12:00:00,49029.91221903289,49403.695461795505,48055.733637161364,49232.75707682503,981.4823200054382
2024-02-18 16:00:00,49459.91324547559,50140.095506176505,48752.587609526876,49680.14665239541,958.8284800930878
2024-02-18 20:00:00,49151.75274728565,49764.59628959155,48652.47470231826,48945.55367691198,1166.4745915177286
2024-02-19 00:00:00,48345.93554500512,48626.57063535256,48155.1936613046,48557.58672988302,1031.2362886601773
2024-02-19 04:00:00,49469.159155091984,50224.956374208516,48945.411527438715,49495.26821173995,1053.2915488480207
2024-02-19 08:00:00,49043.59189482297,49092.169235093934,48333.02846685734,49091.24668658909,966.5352887678008
2024-02-19 12:00:00,49824.777249157814,50414.42994390713,49680.13667827508,49719.012348111544,1112.3208043899938
2024-02-19 16:00:00,49152.34672820938,49175.362625118636,48466.99204031291,49111.008100544226,802.9665787051146
2024-02-19 20:00:00,48698.05862289916,49665.92536942757,48221.6735852656,48921.51872237194,1064.6441223810045
2024-02-20 00:00:00,49202.0098292235,50188.14355173405,48563.77999731896,49347.043705507436,1048.493578032464
2024-02-20 04:00:00,49212.63630115821,49833.933284445804,48330.41317712178,49261.35869198588,857.0887503767412
2024-02-20 08:00:00,49903.30617849117,50289.35030931034,49063.8471879164,49971.068659237106,1121.954509578225
2024-02-20 12:00:00,49126.38103750651,49336.70802123903,48230.99594431384,49010.91683922437,942.6928438379749
2024-02-20 16:00:00,49794.814117047514,49950.949624268294,49574.25747703738,49646.71042118169,1133.1234527874824
2024-02-20 20:00:00,48575.88935444618,48670.54131603818,48565.20533081547,48601.28825775896,1166.2649800715153
2024-02-21 00:00:00,49111.29893069073,49580.96980650988,48788.20069646442,49025.165835975735,920.5467165850899
2024-02-21 04:00:00,49949.92132734391,50214.685563502164,49377.10189735217,50111.45248918223,901.3252083890104
2024-02-21 08:00:00,49939.32645888515,50392.518558128126,49048.45747403465,49754.865982719595,1119.205499625683
2024-02-21 12:00:00,49182.57764651543,49710.84289770403,48186.4278822971,48952.95298377898,895.1882009279641
2024-02-21 16:00:00,48974.30216425857,49131.99915993707,48780.79080054691,48975.29779668377,843.0519512339584
2024-02-21 20:00:00,49951.512635508174,50830.65473566775,49429.8496754193,49855.05464901318,841.2337204328537
2024-02-22 00:00:00,49670.15901861101,50524.8377648919,48965.81312889557,49548.038856751904,835.3904182484472
2024-02-22 04:00:00,49898.19713113002,50302.03605536468,49409.6019049723,49936.54912940319,850.1692344546182
2024-02-22 08:00:00,49452.02126219996,49756.2852250717,48690.812384844045,49429.03217985785,947.0891720578638
2024-02-22 12:00:00,48987.781740675506,49347.33340823789,48573.27559578969,49084.251953293,1123.3807491856264
2024-02-22 16:00:00,49618.311202112054,50034.580848139674,48498.32523322374,49397.49950203604,1143.0633774732003
2024-02-22 20:00:00,49903.57848815965,50023.44858100962,49439.448557733995,49767.76951327952,990.4836370820452
2024-02-23 00:00:00,49552.386601052276,50187.077875393596,49491.218541141665,49797.825299642835,920.4466684042308
2024-02-23 04:00:00,49789.157412078814,50252.500885312504,49383.77116725015,50000.21947353352,957.6291947004399
2024-02-23 08:00:00,49314.022117856344,49502.39620879453,49044.53565614945,49134.649961648,1055.4116792105772
2024-02-23 12:00:00,49406.89131328201,49645.72127276087,48930.60100568003,49531.000910437775,920.7772862865982
2024-02-23 16:00:00,49572.23778307981,50715.71245670794,48686.93790769562,49771.42093556001,853.7254384128602
2024-02-23 20:00:00,50343.55361774877,51303.13278617367,49277.59761172496,50278.42789747111,1081.138410695362
2024-02-24 00:00:00,49534.14492592919,50470.85336975836,48954.33449839048,49407.03976980901,1137.2093755687574
2024-02-24 04:00:00,50320.07740372438,50386.04088762076,49390.28038970841,50270.80706717561,1181.4201564822893
2024-02-24 08:00:00,49466.696003946876,49903.87220075871,49267.97445606104,49710.490188611846,1067.0511295159888
2024-02-24 12:00:00,50241.25832109295,50879.94546120607,49971.63901379495,50312.24421089989,1019.3849404649643
2024-02-24 16:00:00,49943.97939107104,50454.236666468074,49063.51121062913,50024.78408783466,1023.8949916190991
2024-02-24 20:00:00,49739.11890599997,50570.37651773336,49487.25576843113,49518.927348350495,1139.1676415293039
2024-02-25 00:00:00,50764.7964687514,50787.65876430931,50527.93400765103,50606.83115489291,1167.3094317637174
2024-02-25 04:00:00,49469.809373232616,50430.387393315505,49306.91309957109,49330.960349065506,899.7862130811372
2024-02-25 08:00:00,49425.02471782674,49511.92059129684,48422.78135778687,49255.69049685534,1050.0253282474632
2024-02-25 12:00:00,49358.57085815487,50118.572623234846,48698.045681916796,49473.836384705995,883.8380732026737
2024-02-25 16:00:00,49609.731962999365,49855.47890787787,48641.454768024174,49533.16650438192,819.2288315669715
2024-02-25 20:00:00,49557.38129113131,50021.30151820241,49546.97305405977,49572.50094252411,855.7361796041084
2024-02-26 00:00:00,49379.33531747235,50403.77850900376,48522.56548266201,49569.31730505004,863.4982766697472
2024-02-26 04:00:00,49226.113651788386,49579.2326078995,49213.370030803904,49424.832346808646,811.3153890811732
2024-02-26 08:00:00,50028.98159476406,50944.58883716305,49072.63400389087,50235.839914802295,1164.4972422292346
2024-02-26 12:00:00,50152.72263350446,50641.36615747546,49594.340634437955,50140.771991947455,858.3636349498934
2024-02-26 16:00:00,50498.238800771476,51007.230167421505,50041.078169956476,50371.88999764509,934.6271795883988
2024-02-26 20:00:00,49189.20656810811,49668.68024710783,48630.696199132515,49379.082054725535,805.1347263450575
2024-02-27 00:00:00,50814.412738671344,50893.50821540059,49932.511970499414,50816.00610969454,1095.644518924501
2024-02-27 04:00:00,49654.6262118514,50080.72716427847,48810.54479819226,49886.85864030137,1050.7233912574663
2024-02-27 08:00:00,49506.19134460567,50446.73535639461,49302.396295879036,49624.34285846617,891.3816444355193
2024-02-27 12:00:00,49918.489599519526,50440.41526114923,49918.46540693387,49940.09015739349,1149.8996975449727
2024-02-27 16:00:00,50883.15624097439,51334.63193746983,50721.0624077595,50907.93890685439,1168.0571860685716
2024-02-27 20:00:00,49649.43464702379,50379.85907004024,49545.97102127605,49708.957320795664,827.791746663588
2024-02-28 00:00:00,50007.59848011873,50787.434943245484,48863.90068684295,49780.74322617158,1015.2437996868509
2024-02-28 04:00:00,50688.36974272338,50740.538530855556,50404.77944367055,50711.97864057684,939.0924852636066
2024-02-28 08:00:00,50917.2346984931,50943.50356049229,49878.33125018283,50839.26806573582,911.0521210425297
2024-02-28 12:00:00,49737.217573224865,50741.556422522604,49221.071602901524,49878.93562150055,827.8632862600645
2024-02-28 16:00:00,50398.656175051234,50906.2394560185,50278.0155675207,50328.773619580505,1064.3467340217912
2024-02-28 20:00:00,50521.26939919527,51174.00135786263,50421.03572213123,50532.0946684392,1122.9640934452632
2024-02-29 00:00:00,50735.141082488066,51707.931622650096,49557.56092531971,50510.7703484449,865.0100175637599
2024-02-29 04:00:00,50998.16661765065,51993.45608874784,50693.363084616394,50791.846005461826,836.5058197617652
2024-02-29 08:00:00,50832.02198901376,51653.35535605228,50611.12807179282,50732.4399954826,1031.2069574431641
2024-02-29 12:00:00,50645.92486102793,50988.64692840299,50486.17148577535,50842.42048965293,995.2624009659357
2024-02-29 16:00:00,51416.61983963293,51866.16770561255,50273.51962596847,51275.30608700482,1025.9387307820464
2024-02-29 20:00:00,50300.762769533554,50676.76757499482,49747.641028358245,50297.36308798923,896.3305989173416
2024-03-01 00:00:00,49946.55992312656,50021.06780167341,49552.929942763134,49933.41116407785,841.4821658770619
2024-03-01 04:00:00,50700.456294155236,50705.19813481784,50098.06798947609,50691.86308792791,879.9261647495133
2024-03-01 08:00:00,51033.23826908765,51719.99357090647,50211.29268462636,51003.98922317522,829.9177285126269
2024-03-01 12:00:00,51474.649881024605,51557.94277863351,50901.38173539264,51224.0046824656,1010.2452011656155
2024-03-01 16:00:00,51616.766086144,52264.146551518985,50604.67097733353,51445.05838956568,1069.501797623205
2024-03-01 20:00:00,50767.37904088289,51687.69840450848,49930.3210461858,50700.526882735365,1183.5952122253198
2024-03-02 00:00:00,51311.22860805083,51656.78924207593,50808.86173073501,51085.98949742746,1125.8069618181528
2024-03-02 04:00:00,50099.7076176182,50745.34712835767,49510.475344481136,50325.12771859958,955.9353511295428
2024-03-02 08:00:00,50499.27207397518,51552.62171427644,50287.58212009932,50730.27016399999,1112.736194024237
2024-03-02 12:00:00,49897.975434315405,50139.21213156392,49556.47325004079,50118.872185667286,1181.8879923449608
2024-03-02 16:00:00,50686.90360011418,51262.11955434782,50549.29119140611,50776.45139536092,1125.1876898209334
2024-03-02 20:00:00,50005.316597852056,50637.12651017098,49193.10576744437,50161.090177794846,1199.7250565435827
2024-03-03 00:00:00,50694.810330749104,51682.69241508199,50150.56094765176,50725.89468621644,1008.1770600469557
2024-03-03 04:00:00,50304.55303413291,51353.9975881235,49836.72753012653,50427.12149032139,846.1888241837672
2024-03-03 08:00:00,50387.663536994536,51256.76435691081,50109.31112296404,50610.696382169364,1044.324403569452
2024-03-03 12:00:00,50649.92643299618,51383.804758301376,49791.92327451025,50601.65626045316,1191.2748913570329
2024-03-03 16:00:00,50800.73638742626,51208.06883314387,49953.240689648825,50750.18290103344,869.1919092095575
2024-03-03 20:00:00,51157.33873332673,51319.92052181091,50407.06664894602,51046.08653362613,837.8009381578054
2024-03-04 00:00:00,51652.749955989806,51787.10713154867,51202.937476552666,51740.30487785114,914.2860670033634
2024-03-04 04:00:00,50870.66210705667,51667.68246854738,49882.068255140664,50860.53708657511,1052.744861501321
2024-03-04 08:00:00,51300.22541204866,52264.16059815428,50817.11564617587,51147.85700778211,1120.2847593937306
2024-03-04 12:00:00,50652.002471308755,51257.29025213881,49976.04366616537,50485.16556532841,1077.8797199795717
2024-03-04 16:00:00,50359.56601431499,51136.61765877652,50229.51227970718,50611.56010540912,981.6863527394424
2024-03-04 20:00:00,51285.145320256655,51331.68773092825,50174.120931509045,51081.1881154492,819.775963240416
2024-03-05 00:00:00,50978.151975055735,51943.99628862884,50567.675812442176,50982.023127350774,803.7685101665211
2024-03-05 04:00:00,51813.402130625924,52164.92634477647,50804.51743307981,51785.557208192906,804.8290513747362
2024-03-05 08:00:00,51103.56513047462,51469.35149008627,50285.92602498672,50952.43326460639,818.7354677285587
2024-03-05 12:00:00,51600.04532553587,52202.72999156743,50877.82536610947,51768.51601778112,928.3443255373447
2024-03-05 16:00:00,50414.60549531496,51083.06183936398,50369.94971238791,50543.875142972254,1124.3681475777955
2024-03-05 20:00:00,50334.459997851474,50687.76780755264,49995.472686979294,50569.78263652336,837.4408002772277
2024-03-06 00:00:00,50724.14856039259,51688.89462484493,50086.64871391934,50777.99647174835,813.6284082493285
2024-03-06 04:00:00,51668.63465692486,52740.1565479132,50930.77695213163,51922.80463762515,1069.4190532824553
2024-03-06 08:00:00,51789.6209871634,52048.79410973329,50596.97651109078,51574.66536436289,1156.7131730661486
2024-03-06 12:00:00,51943.9572440932,52259.75465124406,51940.734938095644,52033.98266387232,906.9881532520714
2024-03-06 16:00:00,52282.58881774916,52538.225061568446,51051.326145213265,52090.665439271834,1130.771783452834
2024-03-06 20:00:00,52306.468909390984,53067.56862396736,51572.720020739354,52076.09045743139,1047.1605313529533
2024-03-07 00:00:00,52186.94628462384,52913.94475684659,51768.883473141665,52045.193218093686,924.9418251910539
2024-03-07 04:00:00,52371.973739882655,52521.28117044175,51336.050523432896,52292.8130337696,1006.9298866578954
2024-03-07 08:00:00,51774.74079356302,52622.54057185629,50776.39833774717,51640.56169838713,841.3180950946646
2024-03-07 12:00:00,52120.219224887966,52967.5688925617,51180.36374470844,52115.84594300152,1074.8730394080385
2024-03-07 16:00:00,51083.271340133266,52062.81370636483,50345.65657230379,50845.49398789814,943.9876137809936
2024-03-07 20:00:00,52017.48728393085,52535.92803324347,51580.87090249885,51760.44483879133,1144.6454732666714
2024-03-08 00:00:00,51967.32659197503,52850.641056221466,51454.48513127904,51894.93204764001,1024.5914539834791
2024-03-08 04:00:00,51132.55921906964,51161.55131062692,50268.81990772174,51160.04655262634,826.9527430099313
2024-03-08 08:00:00,52047.13669603276,52608.44845778025,51390.95516808044,52106.33509055278,1183.7422913519013
2024-03-08 12:00:00,51770.019545193245,52757.916546922155,51632.24253220066,51830.448558266675,1028.587061601291
2024-03-08 16:00:00,52311.73724431785,52398.59942622656,51128.686672333,52114.39528025401,878.0902332598685
2024-03-08 20:00:00,51516.73939114373,51687.01122610777,50954.5653902772,51515.67955054814,1169.7284918512128
2024-03-09 00:00:00,52000.788853792874,52975.80733532546,51488.87486928069,52162.817258872456,878.6378368469504
2024-03-09 04:00:00,52266.09501974756,52523.4732762723,51484.730729521725,52203.392072676994,1074.5898368646497
2024-03-09 08:00:00,52499.1294086666,52941.5032617709,51341.20483890172,52288.48120589616,913.9767291833276
2024-03-09 12:00:00,51918.39448349071,51953.85814066123,51062.54930540636,51742.767280256274,972.5427218793312
2024-03-09 16:00:00,51538.39027422209,52533.88861131249,51179.77069361717,51497.38811215696,1110.9595760569798
2024-03-09 20:00:00,51965.83628430364,52531.38226607305,51048.37450077147,52169.791871320405,914.9073066681434
2024-03-10 00:00:00,51919.07796143374,52245.0268387773,51566.72829699882,52030.962609709975,941.4825020096575
2024-03-10 04:00:00,51375.48455954038,51950.170008638204,50698.15049379521,51302.02954564575,1072.292480100458
2024-03-10 08:00:00,52571.69762915031,52672.695134505666,52095.28497101051,52365.76956958047,1041.346909051456
2024-03-10 12:00:00,51790.18644830541,52043.890826216186,51124.454105973906,51888.91075093508,854.4257360947283
2024-03-10 16:00:00,51309.94168796516,51862.184961126986,51176.87706583258,51476.48972067773,820.1952034254134
2024-03-10 20:00:00,51496.097651227356,52178.10801712222,51210.02343217169,51733.841580651766,1022.1539686921944
2024-03-11 00:00:00,52770.789605907725,53801.79302503493,52068.51195381306,52715.45338648701,938.5078479918238
2024-03-11 04:00:00,51924.99711497587,52701.937955402966,51469.9171303816,51934.9649402187,852.9097447104764
2024-03-11 08:00:00,51682.104173794585,52367.441506774085,51116.07148909715,51682.59011250241,857.0112871959088
2024-03-11 12:00:00,51582.40087078499,51798.14088429602,50431.9255190705,51412.77140069352,896.0629718896457
2024-03-11 16:00:00,51913.103113095036,52322.908268982275,51460.022332097295,51733.846343045334,915.539926021906
2024-03-11 20:00:00,51726.51658522276,52494.70810982218,51141.434216585934,51547.04746741448,897.7277531516655
2024-03-12 00:00:00,52423.07667783062,52925.85016277098,51418.26749349537,52390.189902471,1120.279091367196
2024-03-12 04:00:00,52757.974530923086,53948.48781059474,52251.536113222945,52981.286151253844,815.1336450131386
2024-03-12 08:00:00,51823.0322870565,52156.75187012718,51495.627182029064,52004.03860017197,1122.989701152711
2024-03-12 12:00:00,51577.160213507246,52207.38253814531,51147.45065120192,51828.73699785428,1045.9521760703008
2024-03-12 16:00:00,52101.548157788326,52695.59963256963,51518.73097785666,51872.77440320896,1073.950928895816
2024-03-12 20:00:00,52568.70938232263,52748.00009810041,52229.60379611823,52459.48592518436,1102.6583410697663
2024-03-13 00:00:00,52787.429553873124,53781.71979692099,52770.99565723322,52818.51171863367,902.6210888626885
2024-03-13 04:00:00,53247.24529427705,54219.58791169799,52732.65948203164,53085.41547322454,855.6769379220082
2024-03-13 08:00:00,52005.12220290205,52616.95099756802,51167.41188398263,52138.57057673167,1084.3361339044209
2024-03-13 12:00:00,52115.95200336772,53395.836754833115,51773.14535372484,52369.53962694685,902.7936201916431
2024-03-13 16:00:00,52353.33977439781,52509.92179773646,52226.11173653614,52488.0847357539,814.7450075377194
2024-03-13 20:00:00,52681.55614093764,53497.91422775434,52471.48957411882,52907.694106744704,906.5998023898838
2024-03-14 00:00:00,52719.69464774062,53588.17122208765,52091.302329636965,52899.16495783698,1043.7463260000702
2024-03-14 04:00:00,52007.58139896185,52930.841520557246,51315.80644339289,52104.50799904922,1184.4036226658404
2024-03-14 08:00:00,52421.61427649692,52670.54179495461,52323.88627726055,52501.605078337125,879.6514980292533
2024-03-14 12:00:00,52981.528388280036,53281.221185161965,52596.28458069191,53180.882440023925,1064.7544207798044
2024-03-14 16:00:00,52891.371137286405,53832.34797014739,52113.99009320364,52777.94837220289,941.4215502753348
2024-03-14 20:00:00,52397.46662266411,52625.978421777676,51457.740740821886,52230.66439233631,1056.373044933407
2024-03-15 00:00:00,53333.20058290854,53357.888872131036,52373.61438097441,53102.8257242816,1173.8899168318987
2024-03-15 04:00:00,52441.305374552445,53378.96280910185,51888.55475741176,52529.61903263159,907.041444910705
2024-03-15 08:00:00,52305.66159515584,52812.9795352229,51990.99964977202,52273.10502107048,809.80307660715
2024-03-15 12:00:00,53203.90484075834,53777.43061962478,52533.17261580116,53172.195288651405,1076.140189949401
2024-03-15 16:00:00,52778.368592374194,53668.81828575113,51977.3646921237,52656.7338047231,975.7862931506398
2024-03-15 20:00:00,52906.64619278074,53198.84150435586,52834.67063542854,53140.522445414936,1091.5368053122318
2024-03-16 00:00:00,53126.37063508883,53779.68900167179,52143.96001499013,53011.36788676944,925.6323172909674
2024-03-16 04:00:00,52475.03297310992,52826.5475348983,51863.84482206759,52430.788868901276,1044.6715916501294
2024-03-16 08:00:00,52420.22363929914,53297.452948508326,52240.491476496885,52441.27321170824,1122.0739892663423
2024-03-16 12:00:00,52776.225908828994,53336.90113736845,52093.47315293088,52639.67999543494,1199.5206889120295
2024-03-16 16:00:00,52850.88024975904,53732.23749896489,52522.10260648025,52885.13838074886,1055.2423645369304
2024-03-16 20:00:00,53354.61326790389,54279.33697512722,53040.962417499475,53440.697197497146,1115.7967271273355
2024-03-17 00:00:00,52954.39194551862,53881.94167185263,52628.67376078937,53111.4796370209,1159.6083951621654
2024-03-17 04:00:00,53585.152823686236,53897.43186559569,53020.635685691035,53547.30966870922,915.124070166532
2024-03-17 08:00:00,51966.82112728179,52469.843110733185,51225.161267983145,52214.17417624255,1116.2469506779962
2024-03-17 12:00:00,53413.288979246616,53673.42655519902,53258.58893116816,53518.08996712777,1082.142469062829
2024-03-17 16:00:00,52535.62271834215,53205.78560258846,51801.33886191282,52363.92126344272,833.7863368987471
2024-03-17 20:00:00,52433.43226020655,53238.48866233725,51268.04398097422,52278.633304821924,1114.1959066949985
2024-03-18 00:00:00,52852.97010204676,53685.69662137909,51970.560863737584,52922.062561901264,1056.2139806418538
2024-03-18 04:00:00,53129.179993076395,53298.67254880507,53051.55092760699,53139.6297935287,1093.3910592207928
2024-03-18 08:00:00,53559.95854813995,54259.67559417778,52794.652405862646,53349.8493152105,922.7422746251772
2024-03-18 12:00:00,52551.63499253621,52729.296131316914,52402.73863858818,52715.892630217284,1182.3053762859772
2024-03-18 16:00:00,52645.51518411764,53193.57543706136,51799.00216654852,52396.217204881774,1032.8213119761174
2024-03-18 20:00:00,52605.62770013395,52794.80733170203,52573.966662365114,52723.60671552559,1159.44578095563
2024-03-19 00:00:00,52384.70178331146,52602.50246566413,51338.94462160094,52528.977500628804,1134.1928289997159
2024-03-19 04:00:00,52840.407852762524,53639.65546407657,51763.20863117576,52755.630002420556,1116.0612250310987
2024-03-19 08:00:00,53381.720526330384,54320.682369891234,52438.94033988478,53424.504475820555,1109.942195858475
2024-03-19 12:00:00,53856.52132410398,54633.01177350675,52828.735041607535,53851.692207836495,1081.3405672892766
2024-03-19 16:00:00,54083.60691210511,54441.57412611441,53641.189065908904,53911.65703594129,821.4407591947639
2024-03-19 20:00:00,52883.428725704114,53388.699735435366,52087.82821788505,52912.80054505664,1112.7936880669008
2024-03-20 00:00:00,54041.53641728781,54198.4962038156,53981.18218938096,54115.05818477329,1176.1722015406037
2024-03-20 04:00:00,53336.35858419224,53571.73763664359,52826.325540918355,53429.88909048938,900.6159885214095
2024-03-20 08:00:00,54101.05994984844,54191.279754787305,53075.0595383218,54144.99350862171,869.5018550107653
2024-03-20 12:00:00,53617.47896259757,54742.84901007058,52679.88148299946,53698.6826511925,1198.9763746432345
2024-03-20 16:00:00,53816.78447717808,54036.85234361512,53456.54333460183,53607.32058898478,860.7140454512635
2024-03-20 20:00:00,53332.10088126562,54090.981099884586,53249.83547407398,53471.77584878021,985.5587487410846
2024-03-21 00:00:00,53167.20739415875,53597.41036801711,53047.27252886918,53380.29613655629,920.1553103753392
2024-03-21 04:00:00,52761.79683039283,53706.13639599467,52090.169566233744,52889.811879212684,1023.4820754654718
2024-03-21 08:00:00,53983.553065887754,54406.619254066754,53442.07241329084,54014.051963346785,1189.0678855195347
2024-03-21 12:00:00,52930.4822255502,54022.06919595483,52207.085603762585,52976.55781280746,837.7084632093728
2024-03-21 16:00:00,54048.15431936159,55039.641689009564,53672.37251357112,53779.31221643642,864.3895634604378
2024-03-21 20:00:00,54302.771487799546,55202.97726674017,54184.39021080806,54223.47152653079,924.4617735775302
2024-03-22 00:00:00,53882.35123235102,54168.233001367844,52777.37077269772,53650.64990364887,914.9291096717462
2024-03-22 04:00:00,53319.98122869183,53837.623920031525,52996.08702399731,53218.11288146434,1107.0682761577903
2024-03-22 08:00:00,53517.20910235617,54646.48375862159,53125.707970729476,53677.885872523446,916.051516007531
2024-03-22 12:00:00,54601.8816842353,55026.92834897848,53803.92035624136,54492.83505717048,878.0350961850254
2024-03-22 16:00:00,53452.9801320427,53668.24646133317,53124.336216057585,53405.09727858651,928.0538025873509
2024-03-22 20:00:00,53818.10132311228,54861.50899150736,53248.0064084188,54083.64147371726,849.2887316584223
2024-03-23 00:00:00,53135.029380696426,53902.27732383971,52736.6779875073,53272.41533037286,800.4290695214614
2024-03-23 04:00:00,53887.670841665284,54458.84746256563,52953.94797183957,53709.73294408475,941.2802315571726
2024-03-23 08:00:00,53864.89676572032,54276.43967063277,52954.1320002471,53714.48459119506,1127.8853950939247
2024-03-23 12:00:00,54017.758674080695,54154.57520873579,53787.851454897725,53908.87991517446,1194.4769202657264
2024-03-23 16:00:00,54094.0291344326,54964.083516940664,53335.68112059459,54231.54597127363,1143.1223285770639
2024-03-23 20:00:00,53397.78041091198,54099.753320753865,53219.22436966346,53238.98453703383,913.3716914696049
2024-03-24 00:00:00,54695.889823141595,55339.15989450738,53865.91962381554,54453.828417821474,1004.8466249948175
2024-03-24 04:00:00,54841.141144059606,55687.127685906744,54477.65073190044,54823.83903242029,1084.6963294506718
2024-03-24 08:00:00,54188.2762806349,55395.10945692778,53769.9983614484,54416.25111721925,1173.0398097454306
2024-03-24 12:00:00,53577.626533135954,54014.34534326414,53041.09512097337,53822.56516257321,1113.8117264543312
2024-03-24 16:00:00,53722.17522875024,54760.334741152765,53020.655305482585,53525.03335083685,993.5168091343144
2024-03-24 20:00:00,54124.909833264275,54742.7772141415,53056.37159663143,53957.36163267626,1036.4577024327648
2024-03-25 00:00:00,53981.47934460337,54587.855637987945,52993.90745219739,53778.472334958686,986.2056602353648
2024-03-25 04:00:00,54342.38542844707,55362.98268150598,54172.02641336596,54405.36871109718,1192.1786127805035
2024-03-25 08:00:00,54484.23755867438,55449.40853080462,54454.94627616038,54579.488700878894,1120.0819318813856
2024-03-25 12:00:00,54311.104414678426,54505.912857032,54056.96214718162,54476.88371528272,981.2437805888895
2024-03-25 16:00:00,54883.74305674943,55576.763472369086,54314.45214360787,54905.4218236862,804.411213565157
2024-03-25 20:00:00,54196.72355861903,54777.06002060006,53217.22359137033,54199.72795933684,818.7590523375904
2024-03-26 00:00:00,53521.167918297615,54167.67010433337,53319.036255199215,53739.62937425747,1199.7282076510764
2024-03-26 04:00:00,54540.628325711885,55111.72342425745,54329.076413263014,54448.349137112215,812.7031177372934
2024-03-26 08:00:00,54559.71590573247,55503.673563797915,53824.272160702756,54409.92748428216,1172.4635844035806
2024-03-26 12:00:00,55138.740286139764,55403.74519259994,54106.36998429961,54926.78257175646,1128.1547954029313
2024-03-26 16:00:00,53637.80131928741,54337.5620430123,52634.34249264284,53597.9407763791,812.3848452639154
2024-03-26 20:00:00,54887.58448432464,55080.58145148763,54383.591581539935,54911.90282510803,958.3879195184585
2024-03-27 00:00:00,54053.60835658033,54454.82566682229,53636.46045048867,54026.76752106317,818.1438114479319
2024-03-27 04:00:00,54648.11578518918,54924.19829645231,53582.803478459864,54791.18143459246,854.6706446145068
2024-03-27 08:00:00,54829.68634989023,55112.53509278305,53939.053389559274,54670.06716644281,1150.7497038147883
2024-03-27 12:00:00,54248.94177885934,55138.373469420396,53466.96519431359,54146.219161176006,1007.881383355885
2024-03-27 16:00:00,54329.05124495155,54554.94575177324,53493.893331636464,54208.48733371849,837.7780266527129
2024-03-27 20:00:00,54931.947160979915,55240.444566755585,53908.177026258,55085.552919121765,1014.2973000934971
2024-03-28 00:00:00,55124.8733685729,55937.513753011975,54701.39009907538,55367.54605887232,1066.499658124625
2024-03-28 04:00:00,53916.701694249365,54768.982170243755,53461.5073233723,54120.20321374791,1039.8444401923496
2024-03-28 08:00:00,54244.99564247077,55280.207798415155,54173.56207195543,54315.27849574238,987.3732464242503
2024-03-28 12:00:00,54344.35615529366,55078.04903902048,54151.30019753029,54453.52443143386,1082.3467579777857
2024-03-28 16:00:00,55136.94457081581,55244.874483018764,54090.30942026469,55116.494751778635,877.0517786343021
2024-03-28 20:00:00,55041.75475950036,55563.99654697542,54876.373977153344,55202.90323933504,859.4065374247357
2024-03-29 00:00:00,53741.91476769375,54191.96295753869,53424.65376486344,53968.56233422322,1027.8629136545778
2024-03-29 04:00:00,55262.85066169897,56555.38999419252,54792.46548878095,55453.26909534884,1161.5617252608724
2024-03-29 08:00:00,54063.85860665416,54636.77261478942,53355.5680823301,54185.919622117726,1017.9602016930831
2024-03-29 12:00:00,54698.08243524484,55367.33981928751,54469.82312125475,54971.30054833795,1011.7681364001186
2024-03-29 16:00:00,54281.83356910575,54852.396293787606,53993.66260726017,54088.718920261,1115.2274206610987
2024-03-29 20:00:00,55421.765267362345,55692.10699552647,54248.87446855245,55236.80479070368,1152.882997942103
2024-03-30 00:00:00,55491.836667394855,55859.005045236714,55343.96086845996,55588.98191516888,977.285974854444
2024-03-30 04:00:00,55365.59632518918,55990.350413485576,54977.459245785285,55404.30832651533,960.7896113150778
2024-03-30 08:00:00,55093.38336679259,55385.228437185186,54493.0762504378,55289.8369108853,976.0572620040516
2024-03-30 12:00:00,54540.46150288197,55335.66091126634,54312.05857082722,54465.55591266951,1045.5842416134283
2024-03-30 16:00:00,54849.74427142149,55004.2239928223,53610.04777263302,54683.84954092785,936.8116816196872
2024-03-30 20:00:00,54195.33486489002,54357.386695249086,53290.62788474204,54280.26750391432,1017.7928615704252
2024-03-31 00:00:00,55181.1255496635,55894.17808216984,54014.939759576184,55061.53852925768,1166.459968451909
2024-03-31 04:00:00,55817.978306463534,56320.62728092385,54556.75880795413,55541.12891295659,879.6453230713106
2024-03-31 08:00:00,54109.209889015605,55217.85075870138,53722.32494790995,54228.413427931555,1105.1568895578885
2024-03-31 12:00:00,54199.73068300531,55187.28316397663,54150.69176201134,54261.11444174578,897.8146116814638
2024-03-31 16:00:00,55695.45577739078,56559.939376767936,55282.55531174239,55444.00052672636,884.329043249148
2024-03-31 20:00:00,55294.00031006727,56418.08384256651,54964.53856628172,55550.501023196775,956.595386264639
2024-04-01 00:00:00,54807.78769105094,55647.826900930064,53563.81918786382,54575.05837369511,943.7656569924687
2024-04-01 04:00:00,55230.46559111308,56512.41184921445,54744.09145227871,55421.43880089587,1199.4197210096813
2024-04-01 08:00:00,54815.34503531403,55718.89856746989,53729.485696061456,54868.52144067883,1197.9478181753698
2024-04-01 12:00:00,56020.67965233518,56944.87509166319,54878.46281526889,55767.548025338794,945.5875166917416
2024-04-01 16:00:00,55844.08546465785,56719.78153325214,54857.62646102766,55999.614915700804,1029.328933529773
2024-04-01 20:00:00,55442.13310359856,56436.50887640424,55388.68695566143,55444.74637571655,853.4789752608019
2024-04-02 00:00:00,56071.60314606883,56298.54608719639,55046.426340849255,55944.17340541838,1125.0075860018014
2024-04-02 04:00:00,54825.13098584809,55478.52900262141,54630.701117251345,55072.43867856584,1118.7949133082168
2024-04-02 08:00:00,55333.16351572776,56360.08842333833,55245.185705518576,55568.08193543072,1072.3237768714826
2024-04-02 12:00:00,54906.99859595008,55241.437774969585,53708.443515839186,54662.816028446614,1043.713237709268
2024-04-02 16:00:00,54853.94191536051,55528.20006611519,54302.1526925123,54913.21674622158,914.1586345607756
2024-04-02 20:00:00,54662.996390958986,55670.026724076466,54254.30142220587,54785.524327017614,1117.8858979496683
2024-04-03 00:00:00,56161.55306173565,56992.424092885725,55196.94209795858,56223.998629326496,881.8502078312185
2024-04-03 04:00:00,55135.12025986128,56255.36590574504,54575.20836264971,55405.86135151935,1178.5134336451008
2024-04-03 08:00:00,55167.168159903085,56201.95695689952,54046.36512862431,55046.0634665739,1045.0438850993348
2024-04-03 12:00:00,55258.22419698932,55522.970457631,54748.20300024119,55370.86476046628,1121.548897193229
2024-04-03 16:00:00,54512.971311707726,54765.94178068048,54364.2261382027,54716.36147844214,811.3172960078011
2024-04-03 20:00:00,55650.62909907108,56892.5754626416,54952.29865803271,55861.143681992646,1155.0974635038735
2024-04-04 00:00:00,54825.55836606112,55732.117198565415,54627.50655958068,55078.699422119746,959.2862348150755
2024-04-04 04:00:00,55613.25691348094,56685.52600312365,54679.46793262851,55712.16792888111,822.4457822816232
2024-04-04 08:00:00,56462.70755506963,56803.72444010583,56152.09944020041,56372.14776823467,1183.845478359292
2024-04-04 12:00:00,55662.67078846309,55664.96912548289,54863.72828230656,55645.480469264476,935.9878772448959
2024-04-04 16:00:00,55724.71405181068,55894.2696951505,54634.82642898492,55529.82127809471,994.3970516067782
2024-04-04 20:00:00,55513.64840161696,56062.99656206917,54789.48982070935,55508.72634143686,807.6183083093407
2024-04-05 00:00:00,55955.671883259885,56045.425439370076,55596.72105323606,55723.363000824946,921.1957063374856
2024-04-05 04:00:00,55431.24646175469,56208.52504626723,54982.83578394045,55315.92969460349,890.8250147914687
2024-04-05 08:00:00,56112.2311274071,57359.72429182636,55463.15365551778,56368.341705351966,863.4008620760063
2024-04-05 12:00:00,56633.25963025094,57589.74520209682,56238.01187415928,56371.33714357829,1032.1916173831319
2024-04-05 16:00:00,56272.41446349079,57388.54682872073,55159.00796629552,56085.381151020134,812.3353496340686
2024-04-05 20:00:00,56482.244681695614,56687.56254400039,55519.671222569596,56347.81449083858,834.1526679462679
2024-04-06 00:00:00,56207.93057837559,56646.00341826449,55503.205506500875,56467.397192341654,1050.7761743729166
2024-04-06 04:00:00,56499.803641788516,56938.12464760121,55235.353613554886,56332.507594211515,916.9022689152307
2024-04-06 08:00:00,55848.67890309188,56991.26112502035,54891.97381880752,56024.42426566013,1118.5422968527464
2024-04-06 12:00:00,55193.30643356337,55768.214098278186,54951.748638717174,55158.682222661286,933.1713364395484
2024-04-06 16:00:00,56361.8030647131,56745.27272872365,56291.18789799113,56468.132657210124,856.9975491898783
2024-04-06 20:00:00,55816.175914949155,56844.89057262498,55061.73062171315,55786.32419655388,983.5439756226334
2024-04-07 00:00:00,56499.852768582045,56807.11500726833,56165.26093010477,56653.85722904067,1029.7790598846957
2024-04-07 04:00:00,56408.72918581521,57208.26251138981,55739.51185098583,56388.13528477078,1096.8297496844175
2024-04-07 08:00:00,55987.90260168645,56206.97137736825,55114.36869857873,56079.216171492815,926.5998249256859
2024-04-07 12:00:00,55615.927601000185,56667.35516188032,55226.265124583784,55538.693982847995,1084.5756632815599
2024-04-07 16:00:00,56368.76263487148,57376.18296732467,56256.74408352544,56343.28628806957,1181.068921630129
2024-04-07 20:00:00,55917.48985734414,56561.73952853138,54861.256053276215,55758.40618692769,1067.1855696458879
2024-04-08 00:00:00,57102.550309399616,58098.667693804266,55810.48922895953,56894.8325221407,1050.1850959183678
2024-04-08 04:00:00,56871.941841165026,57700.69199570886,56588.374924028896,56763.22046053905,834.513137087102
2024-04-08 08:00:00,56902.972888555865,57780.890545384755,55944.11159396283,56792.84201294153,1123.8993829626081
2024-04-08 12:00:00,55808.49504663591,56833.84692381009,55614.641521473546,55707.824158160685,925.6329547296218
2024-04-08 16:00:00,55897.57171380522,57113.17034578036,55052.483842600916,56142.771254251624,1165.0926616792285
2024-04-08 20:00:00,56563.35503561057,57036.077122515635,56172.898135121875,56623.334923143055,1161.475424076771
2024-04-09 00:00:00,55669.4695580141,55806.98585779189,54717.71212307122,55588.56849256965,847.6650249161739
2024-04-09 04:00:00,56114.97607013815,56211.15465690417,55290.81116370472,56092.55564095656,1039.4707607653195
2024-04-09 08:00:00,56159.30983776402,56962.33647163343,55723.040101060324,56311.79000832724,811.4406790703705
2024-04-09 12:00:00,56995.931852195274,57010.19474973772,55880.24359753147,56839.226186860134,809.542793088002
2024-04-09 16:00:00,56864.23391143646,57329.401301071965,56085.44965029969,56730.45716074644,986.304175170777
2024-04-09 20:00:00,55616.316781005036,56416.01694982911,55426.130921857664,55504.17416581074,989.9871764547165
2024-04-10 00:00:00,56427.45659295426,57168.84175574133,55481.80888549437,56171.801874949284,979.663636107173
2024-04-10 04:00:00,56199.95318558566,56757.02710066186,55233.34972834431,56196.40929097078,1163.823640412473
2024-04-10 08:00:00,57389.59229080577,57970.75596038426,57145.95066202524,57327.34311758003,824.586144115335
2024-04-10 12:00:00,56534.246796682535,57271.02228402092,56324.97830075566,56490.41206941417,949.6496707372589
2024-04-10 16:00:00,56723.27616766537,57342.179212166215,56193.019863647605,56892.876349185564,1008.4610718479634
2024-04-10 20:00:00,57319.27981485985,57400.51128915723,56267.702195803024,57159.37717751145,980.5881954874948
2024-04-11 00:00:00,56793.68911024697,57299.559805319135,56160.87303949519,56636.67898151323,880.8096036775273
2024-04-11 04:00:00,56856.957554222216,57102.352813417376,56433.034168146994,56955.1349222466,1154.8314473176251
2024-04-11 08:00:00,56763.26149373076,57708.805035906655,55992.00201251026,56882.457897835964,1198.4393464945674
2024-04-11 12:00:00,56339.32917975081,56799.05974391369,55614.075259803016,56255.538612493634,901.0602161508749
2024-04-11 16:00:00,55963.143490666436,56786.083186073425,55257.08699066126,56176.750093567935,1046.9914824161342
2024-04-11 20:00:00,57299.45359863884,58319.04007278957,56907.25839716885,57175.137013519736,956.8389247868831
2024-04-12 00:00:00,56975.715069960905,57667.74948472471,56843.82264932091,57209.61340233668,953.8888465106793
2024-04-12 04:00:00,56750.789410614976,57770.012710748044,56375.62352812927,56493.92849757279,934.9917402306692
2024-04-12 08:00:00,56813.4094349452,57980.27661656323,56532.86349471426,56878.87215694806,1014.6897323914917
2024-04-12 12:00:00,56110.54860692819,57264.67460936485,55018.31348913148,56195.65895406525,1028.6023421916773
2024-04-12 16:00:00,56719.83224094942,57039.376231399554,56529.849031287886,56764.79909458695,908.014231026719
2024-04-12 20:00:00,55943.84457481152,56862.65403892023,55292.031878012705,56095.84204546299,1137.7918795097253
2024-04-13 00:00:00,56636.09507632356,57554.687119387854,55644.717993545826,56885.42798359559,865.8891667882609
2024-04-13 04:00:00,56223.499729145246,56659.943307896625,55901.13774155492,56433.72194011884,1052.1531474734727
2024-04-13 08:00:00,57058.384672670596,58111.58339112044,56659.86304349354,57178.72818282067,1075.4452322649415
2024-04-13 12:00:00,56401.18854902267,56667.93515282283,55342.85360397256,56326.35849980376,1185.0186818631366
2024-04-13 16:00:00,56345.66036912381,56373.892005178466,55587.31174023274,56219.32959086346,905.9853873564185
2024-04-13 20:00:00,56598.043435203814,57720.22722266718,56526.34924553019,56854.09119982191,1044.3867012463827
2024-04-14 00:00:00,57416.032035039294,57910.19001852069,56989.593041774024,57269.22055381755,1014.1512989458633
2024-04-14 04:00:00,57165.90871596916,58358.06060457177,56502.58352823313,57292.28908654021,1081.4567828925758
2024-04-14 08:00:00,57059.17336062654,57850.23897378613,56320.62299003297,56813.5698835949,1020.7377267575476
2024-04-14 12:00:00,56917.61245536614,57107.7652714586,56413.18481387312,56740.615267023204,981.724729877253
2024-04-14 16:00:00,56662.9851222733,57280.33850936437,56456.6026727143,56463.98632878623,1162.7358090056055
2024-04-14 20:00:00,56491.36043836148,57544.141886016885,55528.80448121599,56693.50822468313,1108.2323568787724
2024-04-15 00:00:00,57412.37177285794,57968.4768873579,56840.67974860805,57278.58949391687,1062.5780956022866
2024-04-15 04:00:00,56864.34765305667,57153.91953430304,56264.052642349234,56598.02681479079,1081.4324586931593
2024-04-15 08:00:00,56804.541001381105,57247.0523997863,56645.08026554602,56845.013748924524,870.8437239373918
2024-04-15 12:00:00,57553.85415818617,58876.383380350235,57530.7823477735,57771.47258813946,892.9177992254743
2024-04-15 16:00:00,57775.7770375213,57984.27068097671,57061.39789065121,57872.65586605336,1187.5381468841003
2024-04-15 20:00:00,57936.70560974311,58097.771301122215,56818.81086520138,57826.224895447674,1125.268757387145
2024-04-16 00:00:00,57604.23680873609,57926.31528696686,56652.57127115523,57802.99402269845,1081.9791310008468
2024-04-16 04:00:00,56916.462886200025,57596.518072018844,56309.73978026033,56656.626106416035,820.346752424371
2024-04-16 08:00:00,57912.93765473881,58440.51108768487,56879.98480683688,57937.48330507718,1010.3508882049779
2024-04-16 12:00:00,57945.376256778436,58453.93966528913,56731.14544399657,57809.946205355016,1052.2545947033057
2024-04-16 16:00:00,57418.89519112279,57912.60403574805,57028.28456428493,57181.045343731595,869.5357185106002
2024-04-16 20:00:00,57995.549177773246,59141.06974520648,56841.4374330328,58108.10873596704,971.5984177504008
2024-04-17 00:00:00,56507.06852879243,57335.50567199313,55596.80282625839,56750.35083537431,905.4588450933747
2024-04-17 04:00:00,57607.76620319947,58189.800606628225,56770.88373428472,57848.00824144957,1028.6433427295883
2024-04-17 08:00:00,56897.482686874384,57041.20592965132,55640.117890495414,56691.611746150214,895.4848429661686
2024-04-17 12:00:00,57994.01377965054,58366.34046441447,56742.29686363864,57786.77110434839,1055.9197775485372
2024-04-17 16:00:00,57528.52818343257,57899.430937957215,56928.16497653232,57527.2771593538,996.5647661555071
2024-04-17 20:00:00,58109.12854776035,58495.26698460457,57889.32082634996,58009.959276276524,951.559913098569
2024-04-18 00:00:00,58244.80862989842,58894.452207713235,58240.374774475786,58332.153429510574,1022.7102495791049
2024-04-18 04:00:00,57924.005676289606,59108.36402280166,56805.25196213474,58072.83601242412,870.7170844268148
2024-04-18 08:00:00,58145.49997543013,58931.41802664717,57998.919845301585,58086.11934103702,1102.9846948838817
2024-04-18 12:00:00,58251.464099644094,58987.90711962078,57023.695303042725,58064.77137475611,1079.9827597305664
2024-04-18 16:00:00,57126.096464894494,58210.88454325301,55767.5492290031,56887.62287983259,917.2345629510158
2024-04-18 20:00:00,58446.614611458135,59527.211532413494,58255.282173903004,58410.28982364968,864.9316373125719
2024-04-19 00:00:00,58184.29798226635,58825.38413713485,57142.214310375624,58375.31046123425,916.5593756184352
2024-04-19 04:00:00,57306.56445845281,58055.98102787992,57010.83201834935,57031.06836083085,1022.8412228442695
2024-04-19 08:00:00,57200.48085765231,57954.170087423365,56937.613422071794,57471.678012171484,1007.8374036109049
2024-04-19 12:00:00,58472.715995640225,59706.07332334218,57439.28685737631,58635.35734152363,1161.790400640785
2024-04-19 16:00:00,58371.027240788375,59475.48117203877,57826.21531200287,58362.3670134349,969.0883865007652
2024-04-19 20:00:00,57854.66613594322,58866.567746532826,56824.103736318175,57833.661371753486,1086.367729514041
2024-04-20 00:00:00,57738.6623546732,58698.292689592396,56630.29547037245,57511.81118215949,886.9542136633082
2024-04-20 04:00:00,57326.69356948203,58160.69385451716,56511.64096146057,57322.72187233026,1068.092440127366
2024-04-20 08:00:00,57677.35450272916,58539.01914963044,56851.95188547272,57425.397565055726,921.7775869429004
2024-04-20 12:00:00,57725.38566383501,58427.19961934549,56869.20790503258,57873.80172968337,880.2028958202493
2024-04-20 16:00:00,58493.391335940876,58697.39309239509,58301.506773555324,58662.74366849125,1068.807557205593
2024-04-20 20:00:00,58489.46243797972,59632.71945879384,57631.82866282551,58206.311641692184,1007.6336652794884
2024-04-21 00:00:00,57023.347129019574,57758.247291034946,56028.26063460038,57265.58774211152,1188.1152742152306
2024-04-21 04:00:00,57734.501999711196,58214.83911577787,57377.455654597135,57583.50528678306,828.4903355451469
2024-04-21 08:00:00,58204.64772868904,58877.74339567041,57275.27758297438,58308.989900383094,1021.0359249192131
2024-04-21 12:00:00,57051.65743449342,57283.62959773142,56251.58079213619,57256.17154219302,852.7094246810688
2024-04-21 16:00:00,58158.789370063896,58965.42273278085,56913.728863697455,58054.635487096726,980.2416314291064
2024-04-21 20:00:00,58438.062060748234,59162.97914219778,58117.03283260226,58221.8858351612,1141.395564110867
2024-04-22 00:00:00,58598.79860948762,59002.613594089926,57191.32062200288,58331.53409270393,1103.5298611039245
2024-04-22 04:00:00,57834.66502550209,58976.90719736929,56779.673114862744,57890.16206722232,1097.9141850916822
2024-04-22 08:00:00,58191.11721273038,59203.80790401338,57138.65697719598,57913.36617512731,868.9859733918931
2024-04-22 12:00:00,58865.872303752476,59536.40850637302,58177.670270543946,58901.55889522976,899.4295149967899
2024-04-22 16:00:00,57910.00771772898,57918.190148504706,57606.585882471,57783.91658237209,824.2293228772876
2024-04-22 20:00:00,58184.71197130732,59036.977863479806,57936.06579959895,58058.06468234326,973.0989737619124
2024-04-23 00:00:00,57794.516204118634,58085.160533050526,57346.10028162309,57993.86400653416,991.3691442849481
2024-04-23 04:00:00,58972.12759016166,60089.42951100637,58346.059887879106,59090.1752390382,1146.6052023074408
2024-04-23 08:00:00,59182.91065277625,59494.97009889416,58575.74137675074,59075.787217666766,1199.3305516965775
2024-04-23 12:00:00,58434.74165358593,59068.84054716696,58117.81002770781,58477.38531413449,975.2993022942519
2024-04-23 16:00:00,58708.10669265832,59464.576045986956,58170.91960010469,58424.17201342071,1077.8695170436872
2024-04-23 20:00:00,58089.65592125914,59034.7783111333,57118.92041512227,57965.80127210246,854.2138065068548
2024-04-24 00:00:00,59240.089045765795,59651.35539658783,58685.9781591959,59119.7193664691,864.3608665089481
2024-04-24 04:00:00,58045.489740444755,58949.52478114438,57489.91944215281,58300.49623351077,1157.7333217332657
2024-04-24 08:00:00,58439.32847044768,58762.944582925316,57925.3778401176,58476.251395331456,996.8859635513659
2024-04-24 12:00:00,58337.359125032526,58539.50948420113,57829.02312173623,58230.6170446465,1105.0512255982676
2024-04-24 16:00:00,57976.493823140125,58138.98941886901,57669.53235695026,57811.44028268656,1017.4365289926156
2024-04-24 20:00:00,57892.600142687246,58702.03657766068,57503.10663044126,57765.23012135594,860.1491614247097
2024-04-25 00:00:00,58358.20745617242,59273.86793785059,58139.094921688506,58596.07188408815,1138.3601949116428
2024-04-25 04:00:00,57934.53591959775,58836.16512632147,56895.13142282012,58001.420882679326,978.140519425385
2024-04-25 08:00:00,58511.58241638648,59622.36997994479,58276.7334983523,58678.209270634965,905.0800361721383
2024-04-25 12:00:00,58664.004375383054,58888.26584106061,57942.603563910074,58476.798608508696,980.0695793059224
2024-04-25 16:00:00,59682.86903380025,60143.9590061205,59353.914305179984,59506.91997669975,1012.1968473578127
2024-04-25 20:00:00,58689.10410852716,59454.85182131692,58358.14503463128,58641.94401151014,1061.1881460053146
2024-04-26 00:00:00,59338.58240555101,60430.313992497366,58329.95478131182,59565.20041387203,1165.4388477189768
2024-04-26 04:00:00,59245.23297934291,60091.67265255793,58303.00324406832,59276.835076514806,861.5441405360768
2024-04-26 08:00:00,58964.30902158247,60045.688655926635,57813.83674830238,58931.13846767809,1032.5430824823695
2024-04-26 12:00:00,58811.52573336437,59085.7158736616,58382.08279150184,59000.15697473943,900.4694199817977
2024-04-26 16:00:00,59221.94751357023,60146.947558202584,58819.23469967384,58990.67442807002,1015.1524676176598
2024-04-26 20:00:00,58378.70184464529,58995.78048107126,57671.5332858297,58249.151253165226,1023.6079300075397
2024-04-27 00:00:00,59445.500582479,60111.90533317032,59155.410700016,59609.80880857414,831.3513528211489
2024-04-27 04:00:00,58493.09002700043,59523.26281405089,58265.50018327206,58429.53833733368,883.949090355766
2024-04-27 08:00:00,58637.18912241332,59536.388361144156,58134.336360575435,58772.977353173446,1064.316761992751
2024-04-27 12:00:00,58922.21200521723,59943.40559152965,58017.57186199476,59157.66945599425,934.92996398972
2024-04-27 16:00:00,59282.68180335169,59675.92634402052,58547.44985104943,59302.78779199728,1171.755094422116
2024-04-27 20:00:00,59618.9418193039,60053.38162258852,58499.900697309895,59484.81998992459,887.3843090293914
2024-04-28 00:00:00,58826.14555180136,59919.24811008551,58554.08765910192,59049.72615360218,1035.5010365605744
2024-04-28 04:00:00,58493.8308823784,59026.93798318841,58419.37347090248,58591.166817913094,828.0768592147219
2024-04-28 08:00:00,59913.958240122854,60324.68030467041,59135.496136971444,59774.625694888855,851.1743568204365
2024-04-28 12:00:00,59721.73065948592,60908.277815245325,59384.6232547995,59931.698103926065,945.6061894199477
2024-04-28 16:00:00,59793.0584426694,60025.156239487806,59512.00239385274,59659.01374776212,1109.2048724718168
2024-04-28 20:00:00,59967.035945114636,60734.890787058896,59525.529635902465,59839.85018569277,874.5032891438369
2024-04-29 00:00:00,59096.597890161574,59173.18125582643,58881.90045881443,58986.44067020877,876.1297342315121
2024-04-29 04:00:00,59617.617106979815,60270.70022583878,59137.0623881092,59807.85352431471,993.5677863593509
2024-04-29 08:00:00,59850.080129770846,60031.37868743192,59678.25629509783,59784.01971960168,999.6330246032807
2024-04-29 12:00:00,59528.883928126845,59899.32146340158,58774.37469440806,59449.6237547114,962.9268068406984
2024-04-29 16:00:00,58866.751469609306,59771.57466643462,58251.135455847405,58637.0117994911,958.9524652853697
2024-04-29 20:00:00,60112.69150008654,60592.38446071396,59401.96780619624,59848.07591882182,1038.2848180335934
2024-04-30 00:00:00,60169.321053719046,61343.338420899825,58844.1967601389,60013.35585672856,1048.3313064102651
2024-04-30 04:00:00,60363.799259231695,61271.19518375235,59491.45190609714,60116.08219004917,801.8535059272606
2024-04-30 08:00:00,59482.29980564749,60023.20192702617,59099.90930679267,59413.81441281868,1194.4269757739014
2024-04-30 12:00:00,58563.532417880044,59507.35452877348,58152.682324188056,58796.83829595736,833.9792509336788
2024-04-30 16:00:00,59344.36714046117,59420.41878176661,59164.65763393662,59419.0245021526,1047.1670021152104
2024-04-30 20:00:00,59586.4196718029,59821.67357686588,59047.83424993631,59356.52901525846,835.845371178351
2024-05-01 00:00:00,60091.656588123085,61291.264009269325,59700.84587762205,60368.74631380302,1063.3644518913727
2024-05-01 04:00:00,59956.20925954468,60272.9249433914,59465.701037813706,59954.03024070364,1025.7866943636716
2024-05-01 08:00:00,58939.741888333694,59731.6489058083,58428.23563814647,59027.150300681365,904.828177972409
2024-05-01 12:00:00,59756.465156449376,60110.02264245226,59275.579804964254,59465.284063033745,1054.1485103921977
2024-05-01 16:00:00,59092.66177501483,59904.299282426,58587.99379023338,59233.76885804584,1027.7447802903441
2024-05-01 20:00:00,60016.894092235074,60183.83652728786,59276.59223875173,59813.78660192752,1128.9012766269277
2024-05-02 00:00:00,59589.69747000112,60082.0624723086,59268.64714040495,59446.4687182791,999.5292231231913
2024-05-02 04:00:00,58801.58208692439,59948.08875376843,57822.82409716255,58999.83155513481,1106.5572821079852
2024-05-02 08:00:00,59825.2915653422,60868.1953034326,58765.060475963706,60046.18915268203,927.8574121464363
2024-05-02 12:00:00,59230.443887174115,60228.44588912158,59135.98382002949,59250.06137777262,1146.9477214077467
2024-05-02 16:00:00,59872.37303384601,60870.062845833156,59108.90787075544,60025.66224145304,849.5945612206636
2024-05-02 20:00:00,58837.109739552405,59824.406601206945,58708.08462667256,58923.55764261108,875.3779449256028
2024-05-03 00:00:00,59232.46193090814,59965.6022888696,58648.35097997779,58979.41742343526,868.7622395863623
2024-05-03 04:00:00,59664.89468113407,60345.11430603165,59304.59859082755,59867.794655605765,1129.3064831938868
2024-05-03 08:00:00,59441.28134427693,59816.809611423916,57994.666966031284,59171.74183818703,973.8483501735229
2024-05-03 12:00:00,60414.54530307562,61169.44074535609,60008.080048924705,60154.84256807237,1167.9185187897097
2024-05-03 16:00:00,60592.78144745195,61537.95428625887,60040.41767610904,60333.183260001504,985.6430873916729
2024-05-03 20:00:00,60368.36140854961,60926.75758975083,59999.64444735839,60326.62515793881,1108.5284738675136
2024-05-04 00:00:00,59691.83688764693,60558.77890089958,58868.62324905816,59764.80775370404,811.1982423969721
2024-05-04 04:00:00,59725.89920862806,60242.247710536525,59249.02106710886,59479.17621742609,834.1540355089328
2024-05-04 08:00:00,60501.742376414484,61131.71997091843,60294.347261473355,60702.75906933345,816.4519974819106
2024-05-04 12:00:00,59821.75833963918,60755.62247213654,59331.58661927592,59776.73357080214,1033.633979838923
2024-05-04 16:00:00,59952.91422870014,60539.887943556205,58825.01439724927,60086.51037332365,1024.9664578909415
2024-05-04 20:00:00,59713.60968759672,60086.30282424214,59390.15777352904,59475.17041742804,1041.7026102747823
2024-05-05 00:00:00,60826.12251408565,61146.547702298536,60281.64477545982,60788.98744537772,943.3171204351818
2024-05-05 04:00:00,60987.437938902694,61803.31894352819,60236.64517737375,60872.62342345133,1190.1566544530356
2024-05-05 08:00:00,59903.85962034162,60957.314584275475,58966.5871722837,60088.82809909513,800.3481032998702
2024-05-05 12:00:00,59991.53030699827,60877.4794525753,59191.91127004811,60289.31708842589,1084.879995828461
2024-05-05 16:00:00,60455.82618985515,60742.17567489693,59659.35365892024,60732.986429532015,808.134495974797
2024-05-05 20:00:00,60268.62439990633,60713.882360824515,59556.378843572,60074.72805005236,819.49767493015
2024-05-06 00:00:00,60329.68347011742,61060.89261557865,60156.37920556139,60626.59913710019,1148.9528560756944
2024-05-06 04:00:00,60865.1883759188,61689.762309096135,59516.82257971563,60617.38703915855,843.3565972486166
2024-05-06 08:00:00,60632.481097725926,60919.47252910741,60110.30917083581,60511.54699256872,990.7610292511245
2024-05-06 12:00:00,59554.333770117075,60273.94436035597,59311.84618202668,59825.63161612282,913.2379900322679
2024-05-06 16:00:00,60105.6184609343,61106.474795150134,59217.03838271932,60000.09039343572,1106.0494255257152
2024-05-06 20:00:00,60292.28087926059,61188.436949334966,59817.62391682742,59994.34339266505,1169.5911254969378
2024-05-07 00:00:00,59964.247950703364,60626.613358365445,59011.55074407325,60223.11838505774,1047.3855273734573
2024-05-07 04:00:00,61046.103617524015,62004.698517914956,59868.996215604406,60909.29743702528,1029.7532080734886
2024-05-07 08:00:00,61273.88272452362,61932.35675560285,60852.69947240691,61257.3777926937,1151.8947283433063
2024-05-07 12:00:00,60746.75283694417,61588.44326707213,60376.75798156152,60508.79996418221,1116.4371484932453
2024-05-07 16:00:00,60790.386747526085,61933.968453729314,60355.86317873602,60991.14271117737,1049.2112407275363
2024-05-07 20:00:00,60879.99712782059,61869.192829636886,60235.274879814584,61104.56036873244,953.7713999191063
2024-05-08 00:00:00,60064.574721208104,61088.74724108271,59407.997136124235,60245.95799157832,886.4759956305425
2024-05-08 04:00:00,60897.65421375161,61544.939184515526,60138.24928075667,60678.492175149935,1153.9415488999498
2024-05-08 08:00:00,59892.72045071839,60488.539624834615,58734.35965171827,59637.36482306569,950.0723892442284
2024-05-08 12:00:00,60589.799525419614,61758.53991048942,59644.15560989048,60478.74836476146,1061.928613690495
2024-05-08 16:00:00,60895.04264682796,61807.5613460128,60184.14646975634,60703.00810747339,1175.9357279144
2024-05-08 20:00:00,61270.62204014379,61367.207532054956,60902.74379509543,61022.48386727262,890.2042384673517
2024-05-09 00:00:00,61584.34466102932,62032.48296353834,60078.298112691766,61293.24593541939,1029.7073054700265
2024-05-09 04:00:00,60369.75616569534,61526.37351984416,59579.83919687754,60357.60462169943,917.6769767771916
2024-05-09 08:00:00,60016.15077667677,60116.54216538992,59290.17616757252,60065.35318958061,1096.6078323141066
2024-05-09 12:00:00,60324.17335410068,61471.9399683978,59101.62036016959,60287.199306449205,869.9258111810482
2024-05-09 16:00:00,60848.39978178637,61735.149287156586,60547.17304351533,60681.00506748887,1043.9941558495532
2024-05-09 20:00:00,61040.75361628053,61199.28403809895,59853.64214863415,61087.72709098046,1055.778113045956
2024-05-10 00:00:00,61734.57626073935,62613.77372945114,61181.88513345317,61479.66032096017,812.7575179573223
2024-05-10 04:00:00,61275.364132075774,62424.489078640974,60359.71402862007,61446.68806416572,1016.462605006313
2024-05-10 08:00:00,60965.238008807195,61418.15041771389,60068.26056642657,60893.47456055761,886.7025025331374
2024-05-10 12:00:00,61716.26715735293,62746.54600204182,60783.67626835218,61727.78589602693,983.5491061917098
2024-05-10 16:00:00,59741.02973096224,60252.78185058575,59673.48233497388,59947.180542233815,907.1519323882103
2024-05-10 20:00:00,61434.51591380503,61818.49049540991,61059.65886020689,61416.515416973845,1131.6401127588488
2024-05-11 00:00:00,60936.026401982446,61581.10274820352,60550.67552773767,60682.12759100215,810.7153056639315
2024-05-11 04:00:00,62135.21514684987,63181.270983356015,60901.32867819,61868.6254387556,1064.9324073033035
2024-05-11 08:00:00,61301.009786394614,62109.2749861845,60869.380199954096,61246.684393609,1027.449498206644
2024-05-11 12:00:00,60771.94527078534,60924.29927541533,60483.00587621178,60793.291110783,915.9959630469707
2024-05-11 16:00:00,61419.92651765324,62697.51765687224,60822.78162909455,61700.32816576961,1047.1649532477513
2024-05-11 20:00:00,60060.19780529919,60292.57957756612,58861.82874965506,60230.57813635339,982.5006589862313
2024-05-12 00:00:00,60954.18086338604,61047.42862866401,60170.026713939726,60868.196977843996,930.4011225583782
2024-05-12 04:00:00,60117.604393511414,61299.33141687131,59057.44823376421,60286.66293830883,888.0149374234705
2024-05-12 08:00:00,61846.510399176266,62552.23424491792,60580.98068550301,61668.47619644236,844.0537209490525
2024-05-12 12:00:00,60989.15677160621,61982.120780927944,60282.241532964355,61123.46323387192,890.5902259845684
2024-05-12 16:00:00,61599.66947311583,62625.57849032216,60889.65337161509,61832.16480197146,875.3580839688102
2024-05-12 20:00:00,61753.84322142533,62961.312546094756,61284.39804962042,61467.22310518459,1017.7358438514493
2024-05-13 00:00:00,60920.33755565145,61932.82193245869,59576.36834382825,60700.78757931906,846.7706121575678
2024-05-13 04:00:00,60528.9388536983,61690.59423043392,60467.731959773104,60660.8391892953,1026.5587126141959
2024-05-13 08:00:00,61323.97249579377,62297.63477831954,60712.58716947209,61230.39373912845,928.0488949591304
2024-05-13 12:00:00,61703.00668441133,62446.48837052486,60367.47051916418,61579.472716021715,867.7852531243057
2024-05-13 16:00:00,62239.507980449715,62604.53751531355,61967.581267203226,62114.547446112774,990.9973224022393
2024-05-13 20:00:00,61166.93573046539,62109.171630745404,60971.50917678544,61442.9271776428,1146.030122252291
2024-05-14 00:00:00,62311.819500182675,62680.78008969975,61007.38432563626,62063.79440071245,919.1273525213091
2024-05-14 04:00:00,61592.545645112674,62639.92548423851,60394.68291469826,61732.7695821752,928.0719919820084
2024-05-14 08:00:00,61187.913547124954,61931.95155912662,60413.57766141119,60942.76081766613,1115.7408792059164
2024-05-14 12:00:00,60671.07647266802,60819.22522447866,59946.73259207926,60565.89486786032,1195.4016164592358
2024-05-14 16:00:00,61777.83976295766,62385.11508843509,61576.05080982985,61610.994826550384,1033.5644748236114
2024-05-14 20:00:00,60493.40045495968,61737.20401195656,59437.68713335177,60538.18035698331,1188.4870285987436
2024-05-15 00:00:00,61711.01177656029,61877.08433236711,61083.275034921404,61811.73510577492,1080.3285313756091
2024-05-15 04:00:00,61058.57844415279,61975.18249472651,60027.80043199495,61335.934163774065,867.3333496866844
2024-05-15 08:00:00,60865.361519534046,61752.81191144536,60776.57746416914,60949.07517792518,1061.0012145696055
2024-05-15 12:00:00,61524.962941063524,62416.99164150242,60419.02637849587,61375.84993975274,1039.4884409909596
2024-05-15 16:00:00,61842.67247155144,63078.693739015536,61361.3953380706,61930.67986741347,1063.133434117684
2024-05-15 20:00:00,61276.30328539234,62483.20857226499,60522.38226747732,60998.15217359331,1102.1357732432957
2024-05-16 00:00:00,62005.66067983801,63254.849437128,61891.9562702025,62316.398189102285,876.8966421308332
2024-05-16 04:00:00,61129.86418866109,62355.05162529313,60115.500145696155,61251.56052458539,862.408880519918
2024-05-16 08:00:00,62423.985888547075,63046.50805736438,61766.08841325618,62404.65553836111,957.478967199501
2024-05-16 12:00:00,61826.697130620574,62576.13388217127,60910.19717603606,61723.584432944444,828.6142467182642
2024-05-16 16:00:00,62287.51247149127,63296.354995122085,61400.12027513916,62047.007276606295,886.108728422667
2024-05-16 20:00:00,61664.232607074286,61789.875985461695,60843.12084933862,61423.37774853256,1039.3564409324758
2024-05-17 00:00:00,62378.50385884776,62897.803337237725,61941.90851869899,62330.59963488509,910.4203723681666
2024-05-17 04:00:00,62437.69814435118,62469.245575557004,61292.36544216185,62308.901019280616,972.1919624264285
2024-05-17 08:00:00,60899.56307981514,61576.871752953884,60687.400311749036,61100.20730622883,1012.7848154760323
2024-05-17 12:00:00,62407.537217545614,63391.66939584049,62173.704672021166,62319.572802165516,1084.7090648589162
2024-05-17 16:00:00,62401.27865538269,62547.56676735711,61804.88162726529,62131.08831801639,871.6491263355972
2024-05-17 20:00:00,62248.58579623113,63024.626861471304,61274.04230255153,62014.48377876977,912.1490189604772
2024-05-18 00:00:00,60971.125377244,62233.46324184718,60553.987609714,61093.5450898922,989.4245606617992
2024-05-18 04:00:00,62609.59221902702,63417.10772771741,61867.54947411829,62679.252265044015,883.8158777808752
2024-05-18 08:00:00,61406.24086530498,62127.43594046301,60263.584650872195,61382.81357479623,800.518075252085
2024-05-18 12:00:00,61859.800308071666,61906.85110186325,61397.986947600664,61579.110203587115,995.5299221325591
2024-05-18 16:00:00,61173.209239973425,62296.33820293656,60672.76739373944,61317.54317415069,1054.6564804430234
2024-05-18 20:00:00,61234.113648647486,62233.68440350554,60980.37248887652,61328.542894618186,835.6868244993705
2024-05-19 00:00:00,61677.2138913304,62219.50230324728,60264.73931397788,61410.22826456983,832.605938169909
2024-05-19 04:00:00,61264.04788541572,62064.55822821328,60410.63203473948,61338.47738774924,1102.529588220977
2024-05-19 08:00:00,62528.85898017331,62707.479615074946,61533.92690004978,62587.6602558374,846.4484070295144
2024-05-19 12:00:00,61780.0571113367,62851.097281867405,61353.94601204124,62078.92542477532,862.6038164994438
2024-05-19 16:00:00,62326.35125089339,62822.54804987841,61451.349787991436,62244.906830872955,1078.2854531231387
2024-05-19 20:00:00,62100.932441533034,62920.9136120781,61901.09328137725,61907.03138219316,1113.8990548641827
2024-05-20 00:00:00,63060.70401188964,63369.0593765076,61929.418716658205,63025.27331526597,838.3602857367857
2024-05-20 04:00:00,61588.593714929455,62488.868467851935,60439.85173315211,61658.333378689844,977.4122482917393
2024-05-20 08:00:00,61317.608421368466,62234.826723541206,60566.396919356295,61541.18147029629,941.9009860472063
2024-05-20 12:00:00,62880.681599634314,63532.76867921548,62078.43461883709,62755.597034171595,846.7803470173214
2024-05-20 16:00:00,62257.42080017686,62682.03798404507,61848.648828442114,61950.91057867531,842.8539480314962
2024-05-20 20:00:00,62244.71926555509,62336.05518099522,61240.73914261282,62286.52567611378,1101.8715472306753
2024-05-21 00:00:00,62929.81406638908,63722.79772971838,62730.38885560219,62902.114446180436,1158.0602219376528
2024-05-21 04:00:00,61941.10238331816,62690.43059713317,60734.90688383262,61791.63254752549,1184.5918055591742
2024-05-21 08:00:00,61719.05277787281,63100.866841637224,61436.081913013564,61911.86577724277,859.1388491311654
2024-05-21 12:00:00,63509.246154772496,64012.04894465243,62226.75304214636,63230.26928007614,1067.9106625532027
2024-05-21 16:00:00,62230.39662835228,63436.40703737606,60811.393654165244,61934.43684776005,912.158625198391
2024-05-21 20:00:00,63252.72006902345,63457.93425094687,63195.67103117209,63234.03663393169,1082.610191378713
2024-05-22 00:00:00,63619.61646263113,64789.89256561117,62776.191567756556,63340.05839540563,1134.942795136601
2024-05-22 04:00:00,62803.306336804395,62996.513272816694,61652.7585308662,62802.63895790692,811.8427213758588
2024-05-22 08:00:00,63185.047167525954,63516.8758709212,61964.999713749654,63425.50616522317,1172.080282335531
2024-05-22 12:00:00,61466.37929874946,62350.80379424262,61189.37396249393,61645.0431850603,982.7555483749211
2024-05-22 16:00:00,62856.645603230216,63720.7600993919,62671.94876320847,62914.57688513488,1083.7210522496234
2024-05-22 20:00:00,62363.68622184309,63256.55796926915,62133.65125409859,62228.831039136756,884.7664329553729
2024-05-23 00:00:00,62126.893445718466,62132.78603311778,61833.641593311695,61957.96156999544,1183.1626460972393
2024-05-23 04:00:00,61836.79114389101,63039.31597441057,60953.88615052049,61891.59171504209,1037.6777486102937
2024-05-23 08:00:00,62696.574796533,63285.83955520323,61986.22173716767,62856.42985836044,826.8639968952616
2024-05-23 12:00:00,63191.98867577311,64167.81381826959,62378.726833554676,63205.57660864279,1085.9550165436726
2024-05-23 16:00:00,63552.83774751983,63931.574355410674,63024.657593599404,63631.78997057501,914.4258005059455
2024-05-23 20:00:00,62921.02896831497,63281.97662390451,61754.19352685257,62741.66399167647,1027.3857113611214
2024-05-24 00:00:00,61891.68598148353,62195.56485932414,60734.2477945972,62165.889915027576,1147.174951130495
2024-05-24 04:00:00,63521.14963653797,64612.00075919615,63395.57600043002,63442.468833965766,995.7272342281448
2024-05-24 08:00:00,62249.137269560946,62657.30525928155,61555.04899367314,62361.810017101336,921.1218528565106
2024-05-24 12:00:00,63669.18569862299,63832.36362625042,62810.72544235261,63520.9163422427,1001.8794989685751
2024-05-24 16:00:00,62126.15254932371,62332.63666983788,61177.4196623893,61960.88110506251,1089.9797117379374
2024-05-24 20:00:00,62791.26533181654,63952.45850270441,62200.269567686344,62897.592425076284,1111.1856511134545
2024-05-25 00:00:00,63131.31721814686,63742.91609199441,62768.695443343364,62861.85909935781,972.3100643280826
2024-05-25 04:00:00,62146.06504863398,63550.30847124978,61531.698977681015,62437.328451673835,1049.6437733837372
2024-05-25 08:00:00,63146.0788021747,63178.95622078201,62916.20735446084,62951.25576998661,1032.0835904139312
2024-05-25 12:00:00,62116.36174294795,62539.66561694921,61757.093278559914,62254.41675984403,948.1043078780068
2024-05-25 16:00:00,63370.982867753155,63754.15213625765,63150.53156913848,63311.115727785946,1065.9509983264713
2024-05-25 20:00:00,62268.94806443791,63032.36406684592,61223.769824643176,62256.322647215806,935.9619263915332
2024-05-26 00:00:00,63388.1184208404,64489.003262735976,62979.12764016086,63296.95655744863,888.9273066978176
2024-05-26 04:00:00,62580.451396360826,62947.1176947122,61923.83107093367,62509.82478393835,986.2027118410418
2024-05-26 08:00:00,62540.78011851193,63422.186984254666,61497.567180516206,62790.44017506928,929.8513318461476
2024-05-26 12:00:00,63740.30327356703,63908.03025648775,62688.743547992686,63800.601338992565,934.0705207595294
2024-05-26 16:00:00,62705.221373621476,63041.119179202506,62170.616642996836,62999.92225501567,1183.2410718661076
2024-05-26 20:00:00,62759.32262604667,63219.9317698596,62027.470500462055,62612.70576110398,1192.3122253512188
2024-05-27 00:00:00,63457.81155228666,64386.71310844987,62093.64651480788,63267.1309074788,962.959268304621
2024-05-27 04:00:00,62528.31123389973,63721.02034184577,62219.2374204032,62675.784663493265,855.1437845003129
2024-05-27 08:00:00,64003.88472311728,64561.501146313974,62957.026594562536,63972.74758375293,1128.1628697620872
2024-05-27 12:00:00,63877.3914959793,65077.58982091369,63184.70332858158,63868.34076840812,1143.9953685313035
2024-05-27 16:00:00,63397.14101853014,63955.06844783242,63075.87953246626,63421.593592213416,1182.7639950811865
2024-05-27 20:00:00,63866.36000634384,64079.257452957514,63857.263717240436,63970.90881103354,1192.8139601331482
2024-05-28 00:00:00,62653.947288095274,62842.10342129931,62188.79792728415,62566.44565118371,1034.1542826958569
2024-05-28 04:00:00,64017.52286142201,64480.544486803585,63503.14302804926,64138.4852747364,1127.3092558437547
2024-05-28 08:00:00,63749.259985667275,64906.043483540896,63057.20271962675,63497.90095974628,1004.1768874423524
2024-05-28 12:00:00,63369.06844373874,63942.21601853024,61933.11980058542,63150.03450893489,1014.8509421200439
2024-05-28 16:00:00,64139.790719507095,65373.594785301124,63986.65584316725,64251.05666858555,1014.5212989704828
2024-05-28 20:00:00,64159.3821321635,64845.175233604445,64113.18298341794,64200.47081732576,1006.9423348024916
2024-05-29 00:00:00,63564.09007119,64154.508908672695,62060.57096518434,63298.3684719057,905.8862783519343
2024-05-29 04:00:00,63443.97948855472,63640.57094791647,62601.15917705206,63587.96649010062,1184.5726364152806
2024-05-29 08:00:00,63101.882104558135,63807.21582131509,62502.49268709758,63072.7839200486,896.3065280707508
2024-05-29 12:00:00,63670.303602271706,64550.154470695066,63249.37374603358,63436.284769223734,1001.7221760298652
2024-05-29 16:00:00,63457.744536848084,63956.83327607389,62307.67124743204,63177.161372926574,960.8536920238475
2024-05-29 20:00:00,63917.58082926491,64499.974017243294,63686.10345575128,63688.8304530496,926.4867096447443
2024-05-30 00:00:00,63275.324195081164,63639.34456709675,61985.6717971676,63138.74366441153,920.3721685674027
2024-05-30 04:00:00,64870.90971422448,64977.191200602894,64017.337886451656,64600.16817921829,935.7911255803012
2024-05-30 08:00:00,63827.36379207606,65080.34356606389,63002.75567694941,64040.43532798982,880.334839058884
2024-05-30 12:00:00,63900.60285430748,64198.022104345066,62811.496353944596,64162.68247409797,982.8793656356306
2024-05-30 16:00:00,63327.617859630576,64042.565052175574,62581.49377337295,63643.52335796042,948.8492658125973
2024-05-30 20:00:00,63604.29580913426,64697.60703232412,62744.1840379036,63559.13936306,878.5691864533543
2024-05-31 00:00:00,63383.67811622168,64524.31527080526,63067.440466276945,63550.316019040685,1110.9198887861776
2024-05-31 04:00:00,63231.18789770929,63650.72550771102,62511.98610846731,63072.60866017122,828.1815518553998
2024-05-31 08:00:00,63632.05300146589,63889.013175030974,62431.514528384556,63646.7498208454,1191.3924387853715
2024-05-31 12:00:00,64202.889431658805,65038.918088313185,63782.79782531633,63956.72352749152,1038.1279971195665
2024-05-31 16:00:00,64611.649320146025,65391.063102194,63649.65536505066,64657.58082154842,993.8233718228805
2024-05-31 20:00:00,62730.765864493136,64130.86113358393,62698.623725282996,62957.11654987535,898.7535965514289
2024-06-01 00:00:00,63556.86376273043,65117.68688039985,62592.85599115166,63855.18913000453,846.8487322000467
2024-06-01 04:00:00,62875.84477830031,64071.73266112406,61839.41542154166,63144.80121941003,1045.494794332094
2024-06-01 08:00:00,62943.99930865151,64042.81985186409,61819.50711984877,63070.19062094843,1098.190279463868
2024-06-01 12:00:00,63470.50113786061,64103.429923257005,62339.246956677496,63181.17086039275,1066.399285233962
2024-06-01 16:00:00,64292.07147478591,65249.00984995506,63010.77312944488,64500.28260691992,885.4499630718472
2024-06-01 20:00:00,63960.992476426705,64705.76043615846,63769.69628742534,64170.916907839106,833.3380032573509
2024-06-02 00:00:00,63797.095600790315,64959.42552234845,63658.14445200328,63977.00516641184,871.9246346735715
2024-06-02 04:00:00,64750.2339152868,65174.85659112429,63774.33980850975,64834.45716404762,991.8235073502547
2024-06-02 08:00:00,64901.58676727899,64901.86131681288,63893.39590403249,64692.371337378965,1066.6661883387112
2024-06-02 12:00:00,64606.42791486698,65891.67150328206,63257.53550616793,64464.26471989769,1178.774435670048
2024-06-02 16:00:00,63579.20121316863,63950.621098477655,62570.52912769504,63365.369160628085,1007.4809595643577
2024-06-02 20:00:00,64969.75115994315,65848.57019365419,64559.726639552406,64953.671964925634,1059.061664370539
2024-06-03 00:00:00,64282.029612829705,65043.54627269226,63961.87245864293,64246.75152983062,1111.8793702634646
2024-06-03 04:00:00,64658.23989697185,65865.7219582219,63544.79109398373,64973.96504378347,1016.4837192415621
2024-06-03 08:00:00,64664.46156984351,65610.56126979912,63430.536581135915,64462.46728678003,855.5704502263303
2024-06-03 12:00:00,64034.28858210064,64927.62621889793,62735.456894283096,63868.66049908427,898.2384698882289
2024-06-03 16:00:00,64034.13932880674,65155.645141690955,62915.63034122836,64062.91606806449,1168.5245575793288
2024-06-03 20:00:00,65102.915208914375,65969.40644898961,64295.893057747875,65171.499896673304,977.2906909696028
2024-06-04 00:00:00,63433.45442615567,63795.16267214881,62191.33828867703,63540.292205072445,1115.8700609641721
2024-06-04 04:00:00,63500.49984278023,64717.37225239511,62749.409760409006,63787.48718984838,1078.956313130864
2024-06-04 08:00:00,64151.229220913694,64691.0369774407,63831.28181006231,64368.7152083868,1041.5105524764476
2024-06-04 12:00:00,64012.52576817246,65214.31359209628,63585.331892045644,64162.046699393635,861.7224865773267
2024-06-04 16:00:00,63835.03979205708,65168.562775846694,63500.94590978581,64089.6629271246,1140.3478491902708
2024-06-04 20:00:00,64784.703537201225,65878.73111074245,64075.01115356882,64860.405710793304,1007.4009021289955
2024-06-05 00:00:00,64323.38687323321,65454.554877326125,64023.780451561324,64173.44545113625,1030.9390112770927
2024-06-05 04:00:00,63975.85672475155,64158.38399901767,63788.43237113905,64008.08060715091,1139.0344256182252
2024-06-05 08:00:00,65123.62614100239,65378.184652177304,63760.87250447499,64850.6305470078,1107.4257967456156
2024-06-05 12:00:00,63992.25573588986,64882.925722838314,62886.74678631766,63782.93335409803,973.0776028333044
2024-06-05 16:00:00,65028.16966906231,65043.087146338876,64751.96284390097,64860.994321391685,1028.1987573537617
2024-06-05 20:00:00,64444.28759569356,65307.50599084367,63646.29477771287,64263.323334370274,1037.8224644972634
2024-06-06 00:00:00,65358.13104306071,65973.87695619551,64071.29711067909,65261.347831787425,1114.9884459808166
2024-06-06 04:00:00,64207.45084292308,64641.53993102669,63780.55338167532,64099.42018368697,1161.3133164502547
2024-06-06 08:00:00,65053.996167899786,66143.15896652728,63776.321053193096,64736.14603172753,1136.4791047992474
2024-06-06 12:00:00,64623.90670265248,65747.1723854985,63669.95690494045,64535.18359818795,1146.8058987143008
2024-06-06 16:00:00,65013.29303630767,66246.83687031618,64777.66127615308,65248.628104779156,1109.9355457680622
2024-06-06 20:00:00,64401.77215429899,65234.375999535376,63884.01175083483,64704.24898673819,977.6652414964956
2024-06-07 00:00:00,63969.23310341445,65090.8482821734,62690.72432777359,64042.31040507314,1105.0325716559933
2024-06-07 04:00:00,65081.285133563964,66341.06018739413,64496.354184146556,65399.99905215698,805.8063830884862
2024-06-07 08:00:00,65509.425010024126,65748.55143214621,65277.85977725884,65462.18918437502,995.2377407198657
2024-06-07 12:00:00,65535.14284243735,65694.10674511992,65111.30956738604,65448.43422340632,1169.1956931661364
2024-06-07 16:00:00,65292.52468271434,65846.08751725366,64299.057836714856,65099.11162714856,944.2812928272326
2024-06-07 20:00:00,65765.04738627154,66453.77672027647,65611.28763410867,65672.63810694011,1124.9966814063064
2024-06-08 00:00:00,64181.91902402112,65079.87579007321,63289.67250662548,64132.32541980101,836.5402949800746
2024-06-08 04:00:00,66004.32733763564,66746.15467033366,65048.379600757915,65759.04209386265,1092.8815198291056
2024-06-08 08:00:00,64215.222377521044,64921.00169058918,63169.7197250989,64480.52653568942,1031.958180510687
2024-06-08 12:00:00,64485.648430089954,64763.70624311938,63910.80478467504,64238.54885990358,809.1891387696145
2024-06-08 16:00:00,65924.85986260985,66074.37770133403,64427.65386797378,65631.44748572967,986.4228861687728
2024-06-08 20:00:00,64464.451351879456,65313.19465412404,63501.67808699414,64425.73503282008,816.6475787035911
2024-06-09 00:00:00,64760.58737767335,65089.09704062671,63293.65904016906,64558.227673105976,818.0931485293285
2024-06-09 04:00:00,64913.1728656578,65580.2965909972,64557.77399369224,65203.27834863817,833.8953934423791
2024-06-09 08:00:00,65265.813069735996,65937.02809434816,64358.294912153004,65181.24269417663,850.6487131509452
2024-06-09 12:00:00,64306.39679763906,65741.76946766088,64203.31214040978,64550.100356357216,931.7237447201908
2024-06-09 16:00:00,64420.464292677054,65046.03920322766,63540.230901229195,64437.34168060285,1155.6143256523123
2024-06-09 20:00:00,66030.89729021203,66130.99035737706,65393.87550520229,65848.61474383248,928.8657879467339
2024-06-10 00:00:00,65767.64481288646,66325.31802817949,64894.440463892846,66084.11226244312,1169.2690304549435
2024-06-10 04:00:00,64660.11522992769,65139.41511746444,63349.873378612865,64350.99436231021,1139.5661924823994
2024-06-10 08:00:00,65467.69553355124,66313.52456615127,64393.06679479929,65155.94920072762,805.8922069545994
2024-06-10 12:00:00,64914.901583831386,65838.80923251476,64045.83361261961,64885.86675050248,1052.2558771460533
2024-06-10 16:00:00,64542.37813815191,64959.488598802025,64438.465215420794,64606.764763912135,875.3067390520949
2024-06-10 20:00:00,65651.43215621272,66034.65122026765,64355.29349368832,65965.10328765673,942.3646371384381
2024-06-11 00:00:00,65706.64529600687,66024.19073262197,65698.50441828229,65983.12080523653,1134.2554195952268
2024-06-11 04:00:00,66001.19062935583,67366.41232630057,64717.6114162942,66144.55209875508,979.0992338695672
2024-06-11 08:00:00,64296.87970480862,65667.1679585155,64177.77873531648,64504.88667812547,883.1074485061658
2024-06-11 12:00:00,64981.31177791483,65819.97473280813,64824.186937890474,64859.85061387475,1150.9457820056468
2024-06-11 16:00:00,64647.316281786465,64910.607119763685,64091.075636338624,64817.4841555445,1156.219030299982
2024-06-11 20:00:00,65759.59913391044,66233.56220081798,64487.14468575775,65555.88686522629,1010.3060689384704
2024-06-12 00:00:00,65076.68764602314,65613.55461932677,63796.360045959045,64997.928707599385,1193.7211243001227
2024-06-12 04:00:00,65910.12571382131,66165.54964691511,65617.61612079131,65960.33295321386,1061.5820561826981
2024-06-12 08:00:00,64954.333702460055,66419.95594739768,64389.90169372722,65137.587888575574,853.0972035160714
2024-06-12 12:00:00,64718.08824129671,65974.81553082449,64201.114872299935,64687.14669278232,904.1829640096169
2024-06-12 16:00:00,64924.909086444924,66042.623015876,64058.50732021774,65024.28924296395,907.7906411508565
2024-06-12 20:00:00,65364.08850481107,66119.75817132869,64215.868209358814,65515.34882161222,893.651085919357
2024-06-13 00:00:00,65091.85407128602,66015.18608040725,64356.21175199101,65177.70117319941,812.0510921110896
2024-06-13 04:00:00,64616.18570184015,65321.96401459251,63471.82872141359,64821.13179189099,824.8150809413203
2024-06-13 08:00:00,65271.55944574532,66778.56213320071,64821.340287888146,65599.00912918727,1101.7269288177001
2024-06-13 12:00:00,65733.76836686002,66258.31468526245,64736.76045571043,65674.8829641881,838.0712807390863
2024-06-13 16:00:00,66407.89299543016,67515.82666174583,65323.11377165666,66232.21467328942,1046.2336675297388
2024-06-13 20:00:00,66571.46178820032,67233.66039051898,65448.600081967365,66424.66037583085,881.0922236132227
2024-06-14 00:00:00,65014.575434640145,65374.54396183303,64653.471715302665,64973.774633442066,942.7233563670745
2024-06-14 04:00:00,66341.61047218996,67107.81837945622,65054.415732538626,66659.56308593237,1183.4628340577435
2024-06-14 08:00:00,65078.20275295858,65348.408616721405,64340.03811525182,65052.04425459107,1042.1606904940027
2024-06-14 12:00:00,65351.58289460175,66336.63062330932,63849.3221615316,65092.772567501546,851.1432226518523
2024-06-14 16:00:00,64987.67008740509,66096.01825820585,63841.27344260275,65129.56220479244,837.6603647711747
2024-06-14 20:00:00,66909.37338667481,67388.98476856887,66402.32295285685,66662.29742392912,804.7741096828206
2024-06-15 00:00:00,65119.954219975174,66285.6008661798,64581.31475174993,65221.48826808306,1165.2709333613188
2024-06-15 04:00:00,65480.79329934946,66772.98591347494,65200.80072439484,65366.48473104118,943.192372838248
2024-06-15 08:00:00,66815.54476279498,67420.13778720028,65629.11918493336,66615.51357047375,934.9862534343799
2024-06-15 12:00:00,65499.17876476868,66904.62377442079,64533.58655322717,65756.67540247938,1073.8453191172641
2024-06-15 16:00:00,65211.71296804862,66579.81078516795,64701.59979420322,65302.68724696874,968.6517423104531
2024-06-15 20:00:00,66198.59908967567,66924.98757845272,65858.03267667699,66228.67167027341,908.565733941629
2024-06-16 00:00:00,65971.69128792918,66607.11804188321,64840.29876290283,65672.73320148117,1107.1819472486404
2024-06-16 04:00:00,65703.91541723565,66063.66800766265,64764.603359926106,65417.00659542717,952.5650646363152
2024-06-16 08:00:00,66895.46681374767,67909.62689769382,66020.87549590108,66764.04517738271,1188.1737117389566
2024-06-16 12:00:00,65486.31024971179,65608.20910797744,64528.55959708621,65346.214265540366,989.5320591454062
2024-06-16 16:00:00,65993.31931644665,66965.18986199201,65958.80174424178,66135.33516984228,1083.49628912707
2024-06-16 20:00:00,66175.5098287011,67564.52648957589,65451.22004868182,66416.42642878024,1055.7194005133915
2024-06-17 00:00:00,65981.32064882857,66254.62933749707,65210.719318406875,65912.04901218638,1026.077862535735
2024-06-17 04:00:00,67079.40624292067,68162.6790158175,66389.14632908978,67301.56909270822,1172.2770299449962
2024-06-17 08:00:00,66997.2079375472,67758.2275635843,66747.86668057325,67237.605381559,1112.5371875550995
2024-06-17 12:00:00,65495.823502576466,66196.64227217707,64886.87894278805,65596.26324798178,971.4328399741922
2024-06-17 16:00:00,65168.462880019266,66634.9902232457,64630.362229502716,65403.80140047672,1107.870311631155
2024-06-17 20:00:00,67447.12629745246,67529.19474713724,66555.67852433462,67165.87215568508,903.0342312288021
2024-06-18 00:00:00,65431.45012509908,66443.75589933585,64465.382830234645,65582.99661758932,1065.9007232955541
2024-06-18 04:00:00,65746.29465476236,66840.0393924991,65102.453448982866,65729.07612011666,1173.7793293235832
2024-06-18 08:00:00,66145.93200400226,67200.48281350297,65077.93704385618,66206.51359570342,839.0160943191761
2024-06-18 12:00:00,67070.47201566905,68510.83572726688,66702.2269908368,67172.5154099244,1156.0858677553483
2024-06-18 16:00:00,66137.43349475683,67214.33750921249,65384.383467843196,65847.00414245029,999.1084033594171
2024-06-18 20:00:00,65977.12823390754,66128.67211754502,65544.71262760264,65670.25758620756,901.6458859670572
2024-06-19 00:00:00,66511.55326768325,67833.91464663642,65280.5659761773,66513.88317107034,837.5333307889497
2024-06-19 04:00:00,66105.84827149347,67472.38129046609,65957.40220221473,66178.5253659405,1033.443550472486
2024-06-19 08:00:00,65866.87555527501,66990.16885125815,65545.98155206753,65740.88690267889,886.9201518446174
2024-06-19 12:00:00,67618.11579234201,68957.88525729116,66280.98571602957,67297.46556906587,1183.988819674322
2024-06-19 16:00:00,66063.09609178161,66254.93786110004,64841.210956366354,65755.81307650876,999.7645047834341
2024-06-19 20:00:00,67356.85175937098,68503.94929531537,66696.66811707885,67364.34903814463,1166.2767123476167
2024-06-20 00:00:00,67752.65178660196,68486.68305836855,66976.33673415118,67742.9953824129,1058.6073028941125
2024-06-20 04:00:00,66508.28023918041,67788.57680013595,66336.14689803458,66354.04468959455,1115.3619257546811
2024-06-20 08:00:00,67740.7800745319,68101.5828463671,67071.55187895396,67435.68325425519,817.1920638082719
2024-06-20 12:00:00,67178.84087379498,68384.26455693058,66720.86883102402,67370.98863955493,1131.0433217636437
2024-06-20 16:00:00,66709.67372469489,67493.52355895507,65404.48774779232,66706.27838079797,896.3540322588685
2024-06-20 20:00:00,67176.51892092284,67435.78440524715,66911.4231735074,67107.84384715129,1165.03459500475
2024-06-21 00:00:00,66897.72742331793,68375.09633466564,66012.60343411523,67187.32382930127,1070.797110374931
2024-06-21 04:00:00,67852.4536879742,68873.57567108361,66828.41055419134,67641.93316096894,978.7014384681561
2024-06-21 08:00:00,67724.76126720617,68975.66177635093,66614.36928876549,67491.30124261888,987.7653371564193
2024-06-21 12:00:00,65885.82665610994,66480.73625485953,65458.22202093121,66101.4276902862,1176.5738913929017
2024-06-21 16:00:00,66438.0826763721,67057.36810229185,65398.376470398485,66710.01441827588,1138.33510689558
2024-06-21 20:00:00,65683.21707253344,66257.83061611888,65477.93800522394,66011.60860467015,1176.954807851092
2024-06-22 00:00:00,67401.55756321478,68578.00376525622,66142.57316697988,67589.75491606756,1069.3217871168372
2024-06-22 04:00:00,66430.72449204403,66900.17414630788,65357.95501830969,66749.38006147149,836.4318337943421
2024-06-22 08:00:00,67374.57154352548,67984.74000458384,67244.82890931789,67490.71170622487,1080.290222286257
2024-06-22 12:00:00,67404.92142461953,68443.69975497488,67049.55816585719,67177.60821372896,1034.6061009516484
2024-06-22 16:00:00,66607.33433452713,67291.90294495529,66129.10661163776,66540.85873255339,1048.3255795424475
2024-06-22 20:00:00,67858.32376517006,68397.52724505797,66889.42379449598,67644.30706647164,835.506326344831
2024-06-23 00:00:00,67671.73919314674,68181.01397415141,66373.16610042556,67533.42924097112,1183.4720328065637
2024-06-23 04:00:00,66915.98035560764,67213.3328621761,66695.54948403835,66936.75929509783,900.9525549198052
2024-06-23 08:00:00,67479.85122781686,68063.98733496519,66710.41359580595,67428.08160358334,965.2505143532392
2024-06-23 12:00:00,67755.2704841752,68720.30468203861,66581.40637462858,67903.605196743,1181.8236504366705
2024-06-23 16:00:00,67767.466668762,67875.99942971661,67323.30650284539,67765.28465883732,1174.6198717231387
2024-06-23 20:00:00,68381.32073362425,68855.5574724549,67009.34923969659,68140.64316648024,931.693399127622
2024-06-24 00:00:00,67395.71714655323,68481.91594358903,66569.58223014898,67073.29098026521,933.1739772814976
2024-06-24 04:00:00,66414.37256971504,66761.7877175515,65760.01243039336,66367.85808673003,1041.682195324032
2024-06-24 08:00:00,66728.88782915326,66952.29547068017,65881.38863278316,66831.07305907921,1111.5941738538913
2024-06-24 12:00:00,67299.08751206292,67842.10484143702,65943.77301705755,67153.72279961705,994.19048239728
2024-06-24 16:00:00,68023.4323622214,68494.90320733174,66662.1477565726,67687.60026710942,845.6435775967873
2024-06-24 20:00:00,66181.67183069568,67290.55490051021,65471.39482506599,66441.57208914407,1068.8161437981664
2024-06-25 00:00:00,68706.38078145256,69637.07014135756,68247.67506186166,68484.77016513703,1049.2654376633411
2024-06-25 04:00:00,66870.87013784246,67167.25451883338,65742.41353564407,66780.96127671859,813.0997712859528
2024-06-25 08:00:00,67565.56209200203,67637.4051321681,66775.06463698548,67519.39685869274,812.1243498753976
2024-06-25 12:00:00,68001.98667493848,68583.18383779346,66739.75307408064,68069.59440766879,848.0047961541428
2024-06-25 16:00:00,68045.07831231895,68831.4568917176,67835.03504149907,67926.33493353959,1017.490462851608
2024-06-25 20:00:00,67014.29731342405,67512.81611213848,66599.2793504294,67244.14643712145,824.6178018711989
2024-06-26 00:00:00,67477.56998251319,67583.18530522125,66087.30443751419,67319.33128470526,855.5408326843889
2024-06-26 04:00:00,68167.49218570207,69516.2232373047,67248.06432404011,67859.21064289265,964.8364121134072
2024-06-26 08:00:00,67239.15801923051,67518.19686024134,66795.38128376752,67201.82860469882,1070.018758333048
2024-06-26 12:00:00,67161.4895849341,68099.39490410815,67087.48261343315,67464.27209038407,925.376707767472
2024-06-26 16:00:00,66742.31947188282,67069.88640513823,65823.2362234248,67032.95238009335,965.5519249181568
2024-06-26 20:00:00,67821.2167067798,68405.27711538349,67160.68848039713,67947.98767966362,1145.2943398996108
2024-06-27 00:00:00,67212.89142537881,67498.44795696596,66487.57333100526,66963.98630137998,989.4830216329226
2024-06-27 04:00:00,68303.82732482655,68775.51684831802,68021.70876992747,68512.64098815167,1156.2045140582372
2024-06-27 08:00:00,68348.57848526741,69553.98713954617,67355.86060984452,68466.01766117674,805.7179532043559
2024-06-27 12:00:00,67578.67193183966,68236.5934929427,67504.02516650132,67713.25530984336,1094.5497712008535
2024-06-27 16:00:00,67830.15929477621,68684.86980921385,66837.03865478084,68060.9811810124,1184.3466397693473
2024-06-27 20:00:00,68988.73404915139,69233.46030416843,67594.02841425825,68682.89952459928,960.7644728540861
2024-06-28 00:00:00,68967.83211996307,69275.01214333109,68601.27691858853,68914.29093285334,956.2870681520726
2024-06-28 04:00:00,67726.93938015748,68677.04805475868,67466.68945128209,67789.62373286797,1177.4912831063205
2024-06-28 08:00:00,67822.26777366921,68383.7303878643,67405.19654633763,67541.56058223962,972.7626423458358
2024-06-28 12:00:00,66783.32457478817,67356.1974899739,65966.67264663754,66944.09656396169,1185.2860301887158
2024-06-28 16:00:00,67708.71875446697,68464.656258759,66566.96955498928,67983.52992351633,1051.4357289434556
2024-06-28 20:00:00,67395.9354008553,68074.41482561412,67164.86940461071,67304.54711641466,1164.7061096915845
2024-06-29 00:00:00,68484.85812199819,68878.00174934148,68008.06461594567,68596.84990689,1153.1922824246146
2024-06-29 04:00:00,68968.2190208462,70276.01899260712,68102.49772078964,68825.36319892657,972.8745338501886
2024-06-29 08:00:00,68975.63813057846,69844.75385568371,68226.74420213774,69037.26960021367,816.0343650672806
2024-06-29 12:00:00,67365.95790465876,68243.54021362495,66536.77359104595,67629.06117261403,1179.4837106653326
2024-06-29 16:00:00,67085.62240041558,67225.74012336001,66699.423999113,67106.14237516621,1003.640985912669
2024-06-29 20:00:00,66973.13819707862,67854.93468567899,66035.38017677011,67116.10190853072,897.773382017979
2024-06-30 00:00:00,67848.92027970497,68296.44306910023,66809.37107599228,67871.31430242195,955.0718060648711
2024-06-30 04:00:00,68059.37099411184,68573.6243630114,67270.47984544362,68320.52785047556,1154.9568942808635
2024-06-30 08:00:00,68701.79382374571,69801.04002165883,68277.54329880512,68448.37593923367,879.5873054281949
2024-06-30 12:00:00,69255.74540761385,70498.92766423555,68142.6621132994,69110.49719446256,1035.6996235127726
2024-06-30 16:00:00,68623.74692112741,68957.88375148855,67914.06874816702,68360.99550861427,918.6854921410797
2024-06-30 20:00:00,67024.44255350601,67804.61875869441,66484.37123643744,67305.99605123371,1170.3115682799103
2024-07-01 00:00:00,68212.33792405356,68299.43330763392,67578.34752585553,67953.65203338984,1116.0690196341466
2024-07-01 04:00:00,67575.51313469744,68743.87516318598,66442.71237749515,67677.85524332458,1025.1342488761952
2024-07-01 08:00:00,68404.21413161614,68434.44964014975,67725.85146428192,68131.0238263987,970.2383379604261
2024-07-01 12:00:00,68493.52389792637,68611.448459322,67932.84452956205,68326.11599633953,1166.854260882339
2024-07-01 16:00:00,69099.7539465629,69468.56242126774,68543.85041889135,69090.85400752076,976.8898693878037
2024-07-01 20:00:00,67537.00426464807,67945.74518371379,66452.8881050652,67760.2375167524,950.352522222583
2024-07-02 00:00:00,68298.36224319231,69321.59396958779,68104.87051476429,68216.96423344768,978.8406344554269
2024-07-02 04:00:00,67851.38098286063,68126.17221876168,66937.03476191251,67954.44380868545,1137.077879676025
2024-07-02 08:00:00,68514.23522679659,69540.75515222028,67663.5405796382,68205.48114546778,971.5415033629545
2024-07-02 12:00:00,68426.3632091264,68870.50543909492,67086.38393986442,68608.00169796956,1069.1541048730887
2024-07-02 16:00:00,67724.43494987779,68061.00688630634,66708.32105367133,67688.96834172905,800.4330247606398
2024-07-02 20:00:00,68535.77885126407,68784.30759070443,68020.43061104367,68613.82252372334,886.3176729583519
2024-07-03 00:00:00,68022.74941286231,68264.59979838476,67647.11189365694,67897.31147415096,1062.1369851865647
2024-07-03 04:00:00,68715.32930436327,69755.43676905941,67712.53092897285,68412.44434239969,1018.1317032841084
2024-07-03 08:00:00,67980.38101547591,68445.36898537916,67063.5825417118,67713.66408177075,1146.851452882419
2024-07-03 12:00:00,68408.17092751575,69504.61307444493,67395.60690069315,68580.77365219162,1195.5071244507883
2024-07-03 16:00:00,67907.65499103251,69217.34106101967,67067.24578537635,68066.23738764261,1186.3267114252067
2024-07-03 20:00:00,69093.98291876502,69665.38538079198,68881.99178075028,68915.15958065995,981.2658988833463
2024-07-04 00:00:00,68353.82557343825,69409.8718892537,67100.2178155843,68522.35110118995,1159.7611388954392
2024-07-04 04:00:00,69265.74481855686,69949.37066413881,68010.28993122856,69430.85806978605,990.758915377545
2024-07-04 08:00:00,69896.81837644953,69976.0142112239,68471.68871158831,69737.63774747436,1075.66771375766
2024-07-04 12:00:00,69759.24131562885,70777.79487371571,69654.74915837392,69744.38935573891,950.1701374703405
2024-07-04 16:00:00,68667.03417359224,69899.06941218625,68260.35702344263,68889.42056400719,1108.3045100950812
2024-07-04 20:00:00,68908.37455896486,69269.81922155888,68525.90592671347,68755.37154628616,1122.7055332445398
2024-07-05 00:00:00,69174.15474773516,69688.30570305868,68582.01650508353,68937.0970972559,1076.4017016429764
2024-07-05 04:00:00,68365.1205988142,68735.21800332305,67578.79856956731,68140.69397752112,1170.1143233174519
2024-07-05 08:00:00,69023.51014976579,70354.29652243711,67798.23347422367,68738.25978464245,802.117382172611
2024-07-05 12:00:00,68243.14519523167,68650.8517772439,67129.81044923636,68521.9739987094,1170.713855947363
2024-07-05 16:00:00,68187.18585262819,69178.71275432738,67281.04557408261,68240.81291133452,1106.8294606321865
2024-07-05 20:00:00,68828.98621548088,69403.25411374134,67880.44084107093,69125.59013308412,1156.8179697430562
2024-07-06 00:00:00,69687.40038295597,70296.92850880565,68734.4504861456,69375.57532355773,1119.3550820806697
2024-07-06 04:00:00,70053.6497409179,70607.13487457046,68877.26784091619,69849.01830696172,903.1251165742948
2024-07-06 08:00:00,69949.73953478137,70926.73514069246,68721.03934647112,70103.5541423237,1072.27233449581
2024-07-06 12:00:00,69261.99138738868,69839.42029340769,68409.99849205799,69104.22824389438,980.1743459840184
2024-07-06 16:00:00,67967.13546063019,68738.00308000416,67598.77099164619,68073.8071942206,908.2247356078794
2024-07-06 20:00:00,68336.23084494934,68384.88800775738,67068.16211442392,68103.62443651819,958.2103114208056
2024-07-07 00:00:00,68548.2945611291,69957.67957279511,67921.78089415148,68683.55188801016,890.6943559960333
2024-07-07 04:00:00,69862.72112860861,70432.24678942593,68470.05007430929,69796.84201524196,928.0297705444073
2024-07-07 08:00:00,69400.73654706508,70120.4163078218,68594.49538861203,69617.26911922677,979.8740997886933
2024-07-07 12:00:00,68745.30816951276,69912.0121301528,68124.95882702248,68703.74772552549,1103.2656382592845
2024-07-07 16:00:00,70532.90887782564,71721.40841597981,69099.70959918553,70237.24398577891,1036.0537577419277
2024-07-07 20:00:00,69674.700830975,70068.97856097149,68632.19964756657,69552.23183504825,971.220102925609
2024-07-08 00:00:00,68861.79311316254,70033.13176805727,67769.48944114146,68935.34049317718,984.7065268783285
2024-07-08 04:00:00,70037.99548567201,70953.81075213323,69688.39920349585,69996.11677883957,904.1830699394268
2024-07-08 08:00:00,69418.68266469342,70479.5496258252,69159.04553525081,69225.73141801622,965.3176532385525
2024-07-08 12:00:00,69781.64460621365,70439.46438833464,69751.59675890347,70095.44268476921,1121.4350176369426
2024-07-08 16:00:00,69609.75602564303,70178.48653418568,68155.1121390228,69318.49906915642,925.6780891303641
2024-07-08 20:00:00,68436.75861152938,69376.60018414933,68160.95332260264,68371.05872638042,837.8819115741458
2024-07-09 00:00:00,68208.67239783198,68916.25038972727,67548.10637428518,68471.08785182737,1107.9729353969497
2024-07-09 04:00:00,69982.10783577296,70125.48252020554,68913.5403800465,69716.3101640261,1059.707683385278
2024-07-09 08:00:00,70327.97276845077,71174.15226129917,69711.89513043147,70438.54112712447,947.1531377226864
2024-07-09 12:00:00,69760.04874238075,70698.53883289499,68573.12701409424,69850.4210021285,1063.0693350594352
2024-07-09 16:00:00,68337.08802797437,68920.92935446242,67741.92326861952,68512.71648712599,874.9802670697176
2024-07-09 20:00:00,70456.37341204476,71486.38694318218,69565.62616176454,70321.01821889968,1038.2493264389302
2024-07-10 00:00:00,68955.35530244945,70423.54875844555,67997.65821298337,69268.09236500371,922.0688708967255
2024-07-10 04:00:00,69171.49031438134,70358.77417810948,67805.49959317272,69487.1129559543,1065.2848272324
2024-07-10 08:00:00,70557.31627100258,70640.45697674954,69786.81562022924,70241.03622497644,829.3522093592393
2024-07-10 12:00:00,70308.60374559923,71662.09375154405,68667.70886014505,70021.52935845917,1093.551161434382
2024-07-10 16:00:00,69883.89904455702,70758.37232243038,68606.53985286993,69874.04755647205,1037.5486702100054
2024-07-10 20:00:00,69228.92828391847,69471.54237158711,68844.28609554212,69465.7473440076,993.7662568178903
2024-07-11 00:00:00,69145.94669175957,70079.24856236532,69145.24222378663,69233.28642639873,985.3638801422809
2024-07-11 04:00:00,70115.72914269696,71260.66329867442,69572.7589845424,70277.5932700411,1002.8871840508233
2024-07-11 08:00:00,68904.55431532908,69821.71595653586,67636.75672219176,69228.64315821514,921.2756437008419
2024-07-11 12:00:00,70547.84661504344,71512.37194947922,69694.80015037292,70708.07523729841,882.8647010623758
2024-07-11 16:00:00,69926.87763428898,69982.75108757906,68540.91677260163,69646.65651746106,1083.613349392861
2024-07-11 20:00:00,69302.66658294087,69517.51852918987,68527.69860845695,69272.12355421622,1029.0583283254873
2024-07-12 00:00:00,69688.29439735971,70138.03863489442,68391.80286721693,69729.06445276678,934.526496121975
2024-07-12 04:00:00,70413.40191603274,71782.40274216593,70047.59885273992,70156.64006135982,1024.0806344233513
2024-07-12 08:00:00,70764.98774625426,71633.47954458646,69944.04389607463,70985.23114471226,1081.7228219367948
2024-07-12 12:00:00,68798.43684130022,69946.04354603334,68191.94389457237,69077.32201182321,1108.3516431562198
2024-07-12 16:00:00,69353.09450987533,70369.33980479592,68746.27698203862,69201.69636445367,936.8302027671036
2024-07-12 20:00:00,69804.65878425524,71164.35523485775,68195.96221160812,69570.35995555978,1001.9925930411573
2024-07-13 00:00:00,69798.02664695858,71098.08061713705,68535.53688971032,70091.1275461983,1073.2188221797305
2024-07-13 04:00:00,70201.62688342421,71408.09186160217,69704.25980837182,70406.9151782578,986.0803422393717
2024-07-13 08:00:00,70895.38281177715,71367.8090054185,70169.95590084142,70567.07469942592,839.0143593675245
2024-07-13 12:00:00,69284.08365383878,70106.5241558628,69132.3270407205,69523.87277984744,1171.1975976456868
2024-07-13 16:00:00,70234.2173031251,71604.59215193849,69726.5966343692,70548.58977961948,879.6243450998072
2024-07-13 20:00:00,70929.99313436804,71154.16132015485,70088.81781507099,70778.12606932843,1077.108271294218
2024-07-14 00:00:00,69954.43172824588,70047.83669968035,68722.7587560319,69903.42186736893,828.7424913948463
2024-07-14 04:00:00,69813.31833445883,70395.39046559026,69414.08117412282,70010.75219588431,933.7424232323605
2024-07-14 08:00:00,69927.62407690236,71487.03365642238,69891.40495654568,70119.03542695996,934.1804866378582
2024-07-14 12:00:00,69644.98942499771,70132.25656092391,68801.4833881204,69677.23058741128,856.493830083428
2024-07-14 16:00:00,69409.1715074734,69619.0749499271,68062.29962388643,69485.21447832292,1006.7748045579548
2024-07-14 20:00:00,70610.27035271669,71657.86190936777,69885.5095334731,70420.71132763926,1098.2726728706748
2024-07-15 00:00:00,70882.35364009344,71660.6302927841,69734.32749873641,71138.2771181414,989.2123212352788
2024-07-15 04:00:00,71288.33989815495,72150.36237208889,69918.45282342462,71246.35919187401,1177.6755423537693
2024-07-15 08:00:00,69563.54790509825,70543.00542749731,68780.2905081549,69850.34299549549,831.6573150057136
2024-07-15 12:00:00,71124.65596380598,71727.29046102113,71100.70128776653,71162.50860710353,873.6308245355053
2024-07-15 16:00:00,71284.0143512383,72018.7716420725,71024.06859362751,71209.51651169425,963.702934249824
2024-07-15 20:00:00,70262.9800701673,71816.68839094983,69859.72277396671,70493.83780699522,1181.077901563955
2024-07-16 00:00:00,70521.19798791569,71834.19189416405,70264.80828365724,70669.41471807548,1025.0791029312102
2024-07-16 04:00:00,70953.28812841079,71676.04077905431,70891.62598469379,71005.34797778282,970.1488502697053
2024-07-16 08:00:00,69821.77467581423,70502.74783962657,68270.33810484668,69585.09630316714,1142.9550596799547
2024-07-16 12:00:00,70611.58007927833,71889.64956488532,69359.98684923878,70702.47931145765,995.6841071300644
2024-07-16 16:00:00,71176.20613693628,72555.82148748057,70313.26456874292,71211.05958949028,1020.3496500879621
2024-07-16 20:00:00,71592.38923461974,72126.75768335145,70335.98406797607,71410.59606589544,1045.150011247789
2024-07-17 00:00:00,70048.43882552076,71502.83320687142,68918.82175844877,70395.14734564954,1090.3147708132155
2024-07-17 04:00:00,70465.89107283961,70877.46375700584,69366.41244031873,70444.41533996104,976.6898261907515
2024-07-17 08:00:00,71125.0524979911,72416.24266026518,71101.59044737364,71146.2710215927,1149.696188945577
2024-07-17 12:00:00,70276.34526963094,71480.99092381768,68931.6688524851,69998.91805545239,1008.9854194629843
2024-07-17 16:00:00,70366.89150058152,71122.19762585743,69381.99149806151,70665.43479080065,1069.1655983577016
2024-07-17 20:00:00,71192.88450564489,72421.9564935924,70604.35640042959,71368.88285566175,1118.201448689129
2024-07-18 00:00:00,71273.04342134831,71852.29834249684,69982.97352909802,71548.53016035493,1147.3892254706439
2024-07-18 04:00:00,71061.29936723823,71309.8375463839,70638.42270452478,70919.67968872756,1028.961930667687
2024-07-18 08:00:00,70063.25999136787,70174.15785665966,69898.11885677735,70017.56204716515,833.4327376073701
2024-07-18 12:00:00,71514.44174848295,72500.67850719867,71114.57399562957,71552.15130739553,1039.1644780045183
2024-07-18 16:00:00,71262.83995442686,71656.03183231728,70461.37972409667,71131.89935680092,1099.909057085037
2024-07-18 20:00:00,71226.34634014763,71992.12674331339,70059.6374447754,71245.50785315904,912.6196474225662
2024-07-19 00:00:00,71842.27435920984,71878.04882143471,70568.17123786928,71812.37307927995,1114.6071992890334
2024-07-19 04:00:00,69957.47972465675,70748.6759039409,68579.16198750936,70203.23650618062,933.4364186080653
2024-07-19 08:00:00,70158.73326264258,71580.30088530283,68885.41523236223,70361.30665358946,1143.8893898852748
2024-07-19 12:00:00,70217.88793633244,71879.42566900344,69511.64501412332,70507.80446012721,1146.6940514715882
2024-07-19 16:00:00,71552.29092765177,72450.11685896912,70433.64002991978,71714.84034363473,1007.3232084472712
2024-07-19 20:00:00,70349.52369286036,71344.91370108625,69359.75101976213,70350.05318393299,1087.421304001689
2024-07-20 00:00:00,70905.5012600766,71830.57645381503,70654.22092463133,70855.64841994128,893.9067905015767
2024-07-20 04:00:00,70690.00184602759,71911.45627633727,69776.55764627298,70623.01340673932,1103.8791526185505
2024-07-20 08:00:00,71325.41129256485,71444.4086189999,70767.33280910732,71255.80524785377,1097.9043607443102
2024-07-20 12:00:00,70279.62659476855,71385.48819209439,70126.53962826532,70154.37564365087,1106.1474819551681
2024-07-20 16:00:00,70526.63505594178,70816.6612048802,69047.36710639045,70320.21243113764,1192.0507984035498
2024-07-20 20:00:00,70946.35639313354,71904.88818160148,69355.7605482455,70754.28063839285,1119.2955536269706
2024-07-21 00:00:00,71248.71691691165,71845.50490124589,70561.8422563308,71320.09476106115,1042.4365170283124
2024-07-21 04:00:00,70975.77823304551,72461.26831860936,70259.0071848205,71052.30768389117,897.3486171082354
2024-07-21 08:00:00,71321.4015279829,71895.64784594892,70973.79213976407,71260.84692016868,1065.6823426670635
2024-07-21 12:00:00,70894.63225510388,72516.59333590133,70106.26293961261,71138.80879983815,827.0743021575648
2024-07-21 16:00:00,71664.539809982,72506.16864775885,71309.52535679458,71347.9194950508,862.3223389696196
2024-07-21 20:00:00,70141.34315624363,71543.86954347261,70007.57228178953,70253.33051357444,1015.9777752063892
2024-07-22 00:00:00,72629.50838762794,73568.48358462926,71398.77485791355,72270.02770976367,1197.3919875061592
2024-07-22 04:00:00,71760.48847949403,71824.85659539457,71138.59913930562,71552.63426010459,1072.8478817225273
2024-07-22 08:00:00,71379.85231364744,71594.38206247773,70781.99460659905,71476.81133874954,808.721931902325
2024-07-22 12:00:00,70725.98215359854,71824.05185084003,69845.84750574324,70954.67201892432,1061.1308666002496
2024-07-22 16:00:00,70321.25032902029,70788.81245896958,69641.5617536533,70435.96922978184,1079.9991655482916
2024-07-22 20:00:00,72218.43792576318,73140.99358087509,71237.96077803278,72457.12594937265,894.8167937042836
2024-07-23 00:00:00,71694.18193582092,73107.6149270106,71371.73745139407,71563.42820794105,1169.0845873384797
2024-07-23 04:00:00,72655.11533974855,73277.57459060155,72258.22036519421,72601.61525965198,977.6982223331873
2024-07-23 08:00:00,70699.23654478855,71169.81057880436,70128.89387470458,70644.31121477447,1008.6950192368494
2024-07-23 12:00:00,71419.18817355139,71848.16519354506,70246.24967981628,71090.56715033026,894.6913085550501
2024-07-23 16:00:00,71014.06729613754,72234.14336825497,69641.0725480336,71113.69758070321,1101.9868124586849
2024-07-23 20:00:00,72198.25752644285,72496.16287206781,71385.6476078751,71855.1301545186,1018.5637740855402
2024-07-24 00:00:00,70456.46232408668,71062.78067800165,69858.83133673469,70650.02629960865,1051.5125332652997
2024-07-24 04:00:00,72438.84089754675,72925.4499390713,72082.25552969119,72152.50182693751,834.4530159988352
2024-07-24 08:00:00,70799.1697394294,72244.05842455056,69676.3294467487,70869.36985732507,962.0177996039988
2024-07-24 12:00:00,71996.92347266788,72181.37798710306,71316.3972122805,71904.39249484571,1052.464959681252
2024-07-24 16:00:00,71271.83411627126,72421.39844923775,69954.4540656027,71604.9654628692,903.6882609309158
2024-07-24 20:00:00,71185.78340420543,72073.10269532228,69985.8779819449,71523.37604795977,806.2369046447199
2024-07-25 00:00:00,71243.23804050041,72815.56829430148,70352.60005627188,71582.96112115597,1108.885115226744
2024-07-25 04:00:00,71859.98319792589,73153.75468059361,70404.43377038439,71537.96252491955,1194.9355373649078
2024-07-25 08:00:00,71741.01227657674,72152.86386640066,71145.405844029,71996.60402959917,910.3488350283544
2024-07-25 12:00:00,72290.13886199759,73336.5050874457,71372.45443123489,72191.93715811516,991.7341048986852
2024-07-25 16:00:00,72222.35190518439,73312.28082101246,70875.62642298813,72366.86360122026,991.6268973994822
2024-07-25 20:00:00,71147.75301773893,72148.7457026246,70635.45556387346,71449.80160234285,1050.2427149544235
2024-07-26 00:00:00,72184.15031710331,73346.09619818715,70985.88654498634,72467.80030038433,1129.3637710555563
2024-07-26 04:00:00,71269.70188078929,72917.86295629118,70058.81003201084,71604.55738430316,827.073363237142
2024-07-26 08:00:00,72560.05590832647,74197.15284852126,71565.77491547517,72749.76796940718,1189.4926380615707
2024-07-26 12:00:00,71134.92254018928,71547.84302392059,69719.73028057013,71228.80042430281,1141.4439946661832
2024-07-26 16:00:00,71410.6106321583,71931.14645833975,70076.12511516461,71245.65404905289,1110.431801460716
2024-07-26 20:00:00,72762.94370503278,73915.88522601085,72086.98554514592,72432.66872447933,1145.5215198600565
2024-07-27 00:00:00,71754.71463163449,72527.19502666531,71470.82493671904,71970.86093639272,975.1425168471447
2024-07-27 04:00:00,70989.51629802844,71453.70318453255,69632.3976788004,71040.32226787164,900.1989106767612
2024-07-27 08:00:00,72695.12141763138,73005.79856432862,71928.44894735313,72781.67421577108,924.7776487711261
2024-07-27 12:00:00,71438.05730452677,72877.99109645047,70141.40229001407,71665.43254245685,1151.3453116710164
2024-07-27 16:00:00,72525.76989436272,73026.06234380155,72008.28879877445,72745.20147941014,1025.5354719984616
2024-07-27 20:00:00,71656.46851484854,71997.26966898143,70866.50778047908,71398.65045169496,811.1271037510244
2024-07-28 00:00:00,72259.60135653491,73135.20947297987,71018.30325039162,71921.18875136356,957.2898131709037
2024-07-28 04:00:00,72177.17042499581,72592.70085582405,71485.83176294374,72505.52561690372,960.1829739162974
2024-07-28 08:00:00,71643.2477305533,71916.45677504428,70419.71951483066,71779.69438139065,1196.8056995727607
2024-07-28 12:00:00,73063.39530762257,73138.20997574124,71795.96858323186,72919.51553681529,1048.2124565305871
2024-07-28 16:00:00,73472.4769091929,74192.77319267143,72945.39467978517,73188.31836283543,1116.993727605159
2024-07-28 20:00:00,72878.34476303648,74223.54411315298,72426.15299849428,72772.86587211723,981.5195043205122
2024-07-29 00:00:00,73585.6058491009,74393.88319332435,72377.31193944407,73435.6441647742,1087.6815255857018
2024-07-29 04:00:00,72091.99392762728,73516.36550831194,71988.5509690663,72367.17277042847,930.6164554550803
2024-07-29 08:00:00,71630.01386619345,72258.9208277027,70712.98169414236,71422.68442297605,949.3759855882599
2024-07-29 12:00:00,72186.86281683177,72378.00625089729,70892.19706841862,72133.914498233,932.4075040974137
2024-07-29 16:00:00,72045.18637334905,72307.22480489293,71444.45372974232,72044.30308725483,1006.0553952985364
2024-07-29 20:00:00,71723.90519087962,72659.16628040865,71589.29265928012,71965.18508049805,862.755405503969
2024-07-30 00:00:00,72960.64677708632,74520.94707669088,72283.78865601275,73126.47823442017,1016.3861659053725
2024-07-30 04:00:00,72423.09908331024,72829.5252376072,71131.87681164849,72530.45491651705,1118.1876290979953
2024-07-30 08:00:00,71962.75420000644,72823.80409149617,71131.64308966193,72120.98331559978,958.6251300577538
2024-07-30 12:00:00,71825.31790727458,73016.83506553133,71370.54970601834,71947.80825535393,936.695210383018
2024-07-30 16:00:00,73121.22832268618,73553.18330631834,73031.11342554339,73296.15482664545,834.1444564106984
2024-07-30 20:00:00,72752.44321199405,73495.43122604716,71598.5279228108,72863.82066674052,843.1650007250937
2024-07-31 00:00:00,73538.04416143212,74293.8381656489,72182.0497284467,73727.89042816915,930.5488775087616
2024-07-31 04:00:00,72443.22687828052,72736.66208012849,71230.39965259835,72647.74819417438,1023.5812525042705
2024-07-31 08:00:00,71924.08789139254,72068.6451348285,70741.37402374562,71686.43940530473,920.9816709341512
2024-07-31 12:00:00,73170.54557377736,74552.34693495785,72771.34503179364,73491.97867322236,1007.6847014516934
2024-07-31 16:00:00,73173.2013624905,73288.10154972592,72109.7335450357,73123.34192471589,1011.6735060151852
2024-07-31 20:00:00,73095.56073513374,74520.374969452,71522.59099986905,72952.68568454953,959.6689013392208
2024-08-01 00:00:00,73595.97466230487,74579.27249953088,72067.96513421,73464.82952243478,1042.9094544351678
2024-08-01 04:00:00,73436.4211548321,73656.63241705888,72960.57289053997,73400.3944064346,1007.9225400777407
2024-08-01 08:00:00,73012.82853582886,74203.83909639233,72955.59608339166,73040.02453887791,1091.2465061764542
2024-08-01 12:00:00,72405.45820642154,72824.70370463072,71475.71261604651,72529.05912227559,1083.2022802452857
2024-08-01 16:00:00,72899.37676903678,74072.81804323674,71656.61051344284,72974.46150964127,1085.5725642377547
2024-08-01 20:00:00,73027.0509461907,73462.97450631401,71422.18117406727,72702.1099660022,1051.6927295847413
2024-08-02 00:00:00,73469.835125832,74725.15123811278,72815.18931109633,73673.42874264461,958.8457017198052
2024-08-02 04:00:00,72227.22172301516,72775.67829416583,71412.85660836578,72461.5923784917,871.1346389974001
2024-08-02 08:00:00,73462.87561344702,73593.64879406632,72241.91934685188,73297.27127159973,980.4386548397199
2024-08-02 12:00:00,72413.65321717312,73578.40441025424,71476.3774969273,72354.25382527227,1047.6922164470666
2024-08-02 16:00:00,73714.70847466972,74380.863712589,73402.09962131297,73709.78687303342,1080.769184910888
2024-08-02 20:00:00,73207.91492577203,73300.30789078402,72364.03619373817,73067.65002366685,962.149757738002
2024-08-03 00:00:00,73113.70023248046,74142.90393734445,71943.00540242881,72943.08171699315,841.0760713052833
2024-08-03 04:00:00,72330.04042571713,73804.64766273159,71187.34530014239,72551.54316862726,800.1957008426241
2024-08-03 08:00:00,73892.23499068653,74948.96813322355,73305.49943524973,73619.10109967567,1132.8747444022763
2024-08-03 12:00:00,74048.58135653543,75479.37945428414,73548.92849166563,74123.25197686291,1091.9168197145054
2024-08-03 16:00:00,72753.11911911672,73738.98043086118,72345.47318209296,72739.21064691327,990.5827336993059
2024-08-03 20:00:00,73847.07529111816,74803.10684220678,72543.20948193806,73698.35069777742,1158.0033554225884
2024-08-04 00:00:00,73779.77648177008,73940.96146903474,72457.98194158901,73747.74123271718,967.2745070510094
2024-08-04 04:00:00,72687.82599613092,72939.57507896102,71852.68363362116,72862.26295042319,1074.6738176062458
2024-08-04 08:00:00,73472.35128058484,73771.60685542111,72997.39881296804,73682.20499299768,878.9956385291438
2024-08-04 12:00:00,73887.0245930652,74867.69668232602,73579.46171661328,74094.86094426307,1094.7048365519645
2024-08-04 16:00:00,74525.911405386,74838.47900988667,74210.58029908579,74342.0780550714,854.333750157059
2024-08-04 20:00:00,73154.09671233263,74789.59393916708,72383.4857206701,73432.43958240765,1189.3209557621071
2024-08-05 00:00:00,72252.37072239023,73587.31053872073,71547.2079088396,72478.62962278501,1114.2478354757886
2024-08-05 04:00:00,74137.22833460398,74326.8422896822,73804.03229058658,73980.70737609208,1034.3728388155612
2024-08-05 08:00:00,74017.94193362525,74493.40443532953,72488.55602617287,73900.93629019272,1038.3340726870879
2024-08-05 12:00:00,73421.78909038618,74828.76062259063,73147.25162687767,73618.6442835403,999.8305224621748
2024-08-05 16:00:00,72507.62361705146,72738.60379599422,72191.9093810425,72711.85833176257,852.3251957637532
2024-08-05 20:00:00,73630.30738810902,74747.13349005528,73562.68040552794,73781.02007526996,1133.3247921782088
2024-08-06 00:00:00,74333.17092027413,74441.21195726049,72675.33906864013,74076.10129753577,906.8882016366642
2024-08-06 04:00:00,74466.2762908856,75264.01207294207,73551.76696438236,74373.42646860468,864.4816811813679
2024-08-06 08:00:00,73704.26267029367,74052.37830057918,72882.20411841523,73996.43363628653,948.1886335077977
2024-08-06 12:00:00,73957.45397347631,75347.91385112148,73890.44170712295,74135.63294140233,801.9526047590012
2024-08-06 16:00:00,74499.97432724462,74681.2445914534,73730.37153650764,74321.22283980706,888.8118272008747
2024-08-06 20:00:00,73481.51860240105,73689.53569529405,73096.6750809521,73272.41242868577,937.63957358449
2024-08-07 00:00:00,73443.10846128647,74407.5137831822,72728.95483261078,73240.67812959518,1119.4562563746144
2024-08-07 04:00:00,74005.73897632824,74482.60314741427,73761.36578363596,74205.62129788489,800.6401881814389
2024-08-07 08:00:00,73644.80902823081,74462.69285492027,72987.42319313379,73470.81449957413,1074.7608735639167
2024-08-07 12:00:00,74644.95512132774,75025.93069880945,73467.07444875715,74551.85628622482,864.3611140021699
2024-08-07 16:00:00,74190.39939171978,74617.33901766349,73730.2499936633,74149.36502447816,1025.5084374390751
2024-08-07 20:00:00,74684.98731075552,76120.68008044224,74658.74085400462,74676.65959161377,876.7429953748639
2024-08-08 00:00:00,74810.24021129306,75661.33491009045,73697.89860537462,74768.343831075,1012.2686953249048
2024-08-08 04:00:00,72692.3646194546,73216.80833078866,71927.43993775822,72936.1170697321,964.8246885297838
2024-08-08 08:00:00,74379.96493974914,75457.03581329311,74179.8597892845,74300.11368088033,984.4048273014083
2024-08-08 12:00:00,74660.40514472256,75952.55525464941,73399.23944952225,74476.39747528438,927.5980570024575
2024-08-08 16:00:00,74732.69930865741,75753.70979588678,73357.56598922929,74841.72212320502,1193.2694477834598
2024-08-08 20:00:00,72697.7410871231,73679.64987351012,72386.57134814502,72831.12852438941,1020.5221661039272
2024-08-09 00:00:00,74035.44059146752,75318.01179928976,73063.69250615587,73828.78509189587,1163.5002189383263
2024-08-09 04:00:00,73235.65926661392,74194.1390731897,71790.52843974826,73250.77516658528,1056.537218547237
2024-08-09 08:00:00,73440.10850590201,74440.48607343771,72868.2412197108,73165.02125869649,1029.840511252076
2024-08-09 12:00:00,75339.89632809462,75859.77377272493,73718.59499209702,75035.44872439823,977.1653517915671
2024-08-09 16:00:00,73797.42440383682,74800.59733489859,72429.99440283875,73860.72616563304,928.651526604425
2024-08-09 20:00:00,74291.44641198279,75519.6916682055,72796.13631633499,74192.4644225763,877.5852877356217
2024-08-10 00:00:00,74066.01109111072,74457.3796591186,73920.3653990746,73998.89835557122,1012.4251411956888
2024-08-10 04:00:00,72907.23447045486,74017.99332531219,71701.33747729597,73193.43305599995,974.0253713569516
2024-08-10 08:00:00,74037.85120978826,74701.47598482875,73449.06702291738,73823.68155518276,977.9858474023404
2024-08-10 12:00:00,73239.76659821038,73710.18061185593,72405.40787464548,73048.5993927498,820.3078694033311
2024-08-10 16:00:00,73379.39453033371,74036.80249984212,73106.87335697636,73387.77338408117,886.46751992903
2024-08-10 20:00:00,73924.8443705068,75154.3984215101,73493.45007849923,73745.0000117024,904.3970403362819
2024-08-11 00:00:00,73921.71940112684,74777.20888024473,72803.61298129203,73704.86658184785,1136.6808231910143
2024-08-11 04:00:00,74698.69229564418,75428.63469737246,74460.94985279681,74670.86479431938,1058.9807215216515
2024-08-11 08:00:00,73421.04256959145,73736.46544884531,72651.94203870022,73279.2291514177,1015.5896817989435
2024-08-11 12:00:00,73057.81683080552,74398.49217979197,72304.09234662342,73236.63140949329,1099.217674139299
2024-08-11 16:00:00,74143.81007959845,75389.86114264488,74134.12731054865,74380.58645372547,868.4456957585917
2024-08-11 20:00:00,73405.15655388199,75089.69322831824,72774.1489241936,73752.80554561873,1173.8427874861843
2024-08-12 00:00:00,74789.54946723134,75330.17474528217,74779.81573413339,74807.24343784043,1095.2930888571175
2024-08-12 04:00:00,74445.90338349891,74875.69849661575,74307.08634181395,74458.18563307951,982.7788783739893
2024-08-12 08:00:00,74877.2837334123,75139.92710539688,73788.11027272159,74583.35144502888,1049.7673205345573
2024-08-12 12:00:00,74730.27422184931,75731.07552107889,73197.66717151021,74512.8371539898,1090.6344761640703
2024-08-12 16:00:00,74980.43740372066,76155.19341203911,74583.93151851313,74727.69007384482,820.6256553556958
2024-08-12 20:00:00,74705.37576836074,76246.56012768607,73972.34983141706,74991.12083488514,1188.5348384330352
2024-08-13 00:00:00,75750.03038210017,76538.48093788032,74644.87628511661,75680.37846136454,1156.9185653846555
2024-08-13 04:00:00,74872.94157335303,76171.7223042115,73759.63395461498,75026.71715897942,957.2422340172901
2024-08-13 08:00:00,73819.68263314491,74304.8903007197,72736.60196705458,73736.48753684477,1101.7202379894143
2024-08-13 12:00:00,75919.53887664316,77058.72192946408,74238.94268320395,75555.5904035746,920.8602653030207
2024-08-13 16:00:00,75446.41177105319,76583.223943767,75045.38079470114,75362.16126815183,1108.3270352514296
2024-08-13 20:00:00,74948.25034988279,75562.92942523543,74628.16994489629,75108.58656879226,1115.81800055379
2024-08-14 00:00:00,74533.01060245222,76061.24797762668,73893.94621971625,74675.75187755453,1095.7683619696863
2024-08-14 04:00:00,73800.66409000065,74175.70517759188,73224.72843261903,73753.23681434759,826.0305167828805
2024-08-14 08:00:00,75038.66308183162,75728.84174575027,73909.37511178436,75070.36374740695,998.0832843028154
2024-08-14 12:00:00,73972.45867230788,75082.70803777614,72739.47981376889,74228.86075446416,960.7984338501977
2024-08-14 16:00:00,73921.33874722349,75266.95049120486,73848.89815159749,73893.00407029077,1198.90271046406
2024-08-14 20:00:00,73631.29680931629,74304.53429873713,72277.03406138177,73842.59674427973,834.2302721132924
2024-08-15 00:00:00,76014.76151152617,76760.60107411881,74422.35275770565,75692.53119448906,1046.1962314243965
2024-08-15 04:00:00,75522.9917787339,76979.50313957674,75186.14874166875,75848.63171466746,851.8516935718067
2024-08-15 08:00:00,74043.74950472054,74346.98056520554,72904.16091612582,73804.26229266729,1190.1784800786422
2024-08-15 12:00:00,75864.09514286168,77002.2414917673,74400.80142364265,75908.12864650879,1104.2204888209144
2024-08-15 16:00:00,73792.81016004748,73988.5491853206,72788.64142244123,73934.63480323378,831.8759669687503
2024-08-15 20:00:00,75217.44158903496,75989.52561830028,75041.8139868662,75433.95951787198,1078.3247457802304
2024-08-16 00:00:00,75142.58945614706,75192.76253576795,73735.25029334404,74934.3381979756,929.0023525568964
2024-08-16 04:00:00,75060.59167309394,75575.7964038367,74119.18668438047,74969.7487957407,1063.601226393728
2024-08-16 08:00:00,75361.3614488453,75664.65352302219,74397.74029312287,75004.22133556484,1195.1584910302743
2024-08-16 12:00:00,74171.07418151057,75147.59122069883,73715.1163666242,74180.37299240558,1128.0289291688516
2024-08-16 16:00:00,75265.32981311595,76789.4215067917,74012.29279983939,75638.66100484152,1097.8032975319627
2024-08-16 20:00:00,74120.27412931026,75024.2651550312,72486.66773235248,73920.74856990833,1015.2375326917851
2024-08-17 00:00:00,74298.19314109025,75474.29054965837,73055.40065135303,74548.69868826293,1024.6594497188253
2024-08-17 04:00:00,74830.57418046234,75153.31615014316,73418.36665324838,74564.49797325561,829.9901370581326
2024-08-17 08:00:00,75823.72340102254,77070.54795692471,75151.96784720419,75508.6709259775,1082.3189001529286
2024-08-17 12:00:00,76041.21841635593,76798.72094849459,75058.48784238375,75770.04439485425,863.193702890356
2024-08-17 16:00:00,76201.7632714588,76426.40290119717,74732.99564728055,75896.54102629064,966.1166750018556
2024-08-17 20:00:00,74264.23841526885,74924.08996753237,73608.99344202693,74208.79471234803,924.63591833225
2024-08-18 00:00:00,74373.47380131877,75540.77561601836,73787.62061574042,74441.43779398726,1084.668056020956
2024-08-18 04:00:00,75379.92903420384,75556.3209044865,74176.297791475,75048.49035378263,1078.7741697788485
2024-08-18 08:00:00,74998.65835498493,76333.45356140913,73882.98159886942,74767.40104213715,1038.9525277711962
2024-08-18 12:00:00,75158.8157295773,75655.21114557782,74553.32053100236,75516.75666378193,918.432744416783
2024-08-18 16:00:00,76052.74054546066,77835.39546147108,75476.8661547652,76312.58385093078,1183.579150457192
2024-08-18 20:00:00,75171.80656355091,76634.63532603867,73977.11153671332,75217.66067970263,972.1193925582577
2024-08-19 00:00:00,75659.89399370372,76244.99722346781,74634.75747731535,75463.11482050037,1164.240637376331
2024-08-19 04:00:00,75801.00271520198,77597.56478491092,74900.64422950987,76166.66405979606,1147.4816029375706
2024-08-19 08:00:00,76749.61692936624,77453.4760859298,75292.17681377188,76527.86021101792,931.0277325709076
2024-08-19 12:00:00,74261.43887334046,75983.88705929696,73330.96464558213,74515.20144101915,957.1683451843187
2024-08-19 16:00:00,74878.36259865218,75663.47242780252,74746.01112881785,74960.62812063201,811.9993093738857
2024-08-19 20:00:00,75522.75182118593,76884.51638414635,74806.47455254155,75228.0007115142,1066.4465552557083
2024-08-20 00:00:00,74989.1756099737,76418.02630301342,74550.13046029971,75240.02937041105,943.960315779516
2024-08-20 04:00:00,74580.7165651623,75395.07565075198,73762.8209362326,74632.09711541301,1020.1639251766085
2024-08-20 08:00:00,76690.84999916457,76782.3834267532,75728.21983929638,76686.71657600881,872.9588531337287
2024-08-20 12:00:00,76222.8042125247,77228.64988387281,74699.06636134075,76096.36717240419,992.0271614976989
2024-08-20 16:00:00,76471.98348223972,76897.09757179591,75227.1459937307,76159.03734357767,960.0182292257119
2024-08-20 20:00:00,76513.1568638021,76848.70544623953,76049.17658983088,76646.17244434313,943.9667426429264
2024-08-21 00:00:00,75230.62853992527,75885.92414832237,74048.53953024678,75374.45750425011,994.8080979598735
2024-08-21 04:00:00,75367.73981258839,76297.83701571534,74139.25280301277,75489.54368428116,1087.2795689704474
2024-08-21 08:00:00,75940.823679015,77762.73506924175,75235.6745414369,76294.2332504235,1146.1671393174302
2024-08-21 12:00:00,76332.40207523516,76757.94768537529,75548.78072771021,76219.7960819875,1093.032123874621
2024-08-21 16:00:00,76222.18662457918,77620.73618256295,75916.58828499634,76305.10285296707,806.3633061436552
2024-08-21 20:00:00,75427.93506329905,76499.61721119413,74578.01569644421,75093.23879914594,853.9922862411424
2024-08-22 00:00:00,75464.7157097127,76777.72808122274,74421.26901540403,75410.70601530554,900.0529685312586
2024-08-22 04:00:00,76180.62230511963,76347.39991158812,74660.50536340431,76039.3459287385,1143.1928623871522
2024-08-22 08:00:00,75119.47535913327,75343.29427608487,73724.02767237458,74763.63503938382,909.050413786017
2024-08-22 12:00:00,76812.33405100023,76999.25901479131,75401.55625442063,76708.03596028598,824.2903837393744
2024-08-22 16:00:00,75894.20651862853,76796.25154971014,75546.47203296231,76228.04285394643,844.5591564526803
2024-08-22 20:00:00,74999.1021004626,75916.63968482669,73958.66736251292,74928.08006550003,1174.2411493904656
2024-08-23 00:00:00,75670.84811600398,76842.6629811246,74326.28365291415,75659.01434109289,993.2203035381842
2024-08-23 04:00:00,75087.90673749289,76505.66484057283,73635.9028771621,75264.64911411793,964.442293719167
2024-08-23 08:00:00,76489.59233931031,77960.28223223264,75925.23133140763,76448.91228728683,1185.7017981815357
2024-08-23 12:00:00,74649.96329317952,75455.11520111791,74566.19775428959,75016.0321100434,1087.1959213011955
2024-08-23 16:00:00,75994.23586515947,76770.62860437969,74811.77595156457,76128.85892616857,1183.6066733222026
2024-08-23 20:00:00,75024.01218111407,76424.72153772098,74345.55749475273,75069.14798946914,842.2187238921173
2024-08-24 00:00:00,75639.02290540074,75955.99430002239,75431.41206353778,75947.56982168494,1096.480056959187
2024-08-24 04:00:00,75468.59784597089,75921.05652508418,74819.0568296631,75815.86080409518,1117.5439987547877
2024-08-24 08:00:00,75415.99120552035,76317.24036156661,74568.03689141509,75521.11236211154,849.9244197399871
2024-08-24 12:00:00,75895.68520119121,76122.8441953759,74528.78700905046,76016.79081514904,1172.5588984838596
2024-08-24 16:00:00,77143.66493363537,78790.9578516764,76499.51413302335,77288.29907110578,845.5482401022558
2024-08-24 20:00:00,75371.62783388013,76335.77086440139,74866.45185677295,75572.32554767263,910.2899676872657
2024-08-25 00:00:00,76786.85789776038,77845.22020227386,75884.31227252685,77022.53225221392,1062.0029495536119
2024-08-25 04:00:00,76098.03200908107,77637.3486692108,75788.98717180653,76128.34534129886,990.9503005636803
2024-08-25 08:00:00,76747.18431675374,77022.6733464602,75941.39025961084,76370.88954246842,805.7313766791714
2024-08-25 12:00:00,77296.46492858783,78552.1586462858,76417.61954646179,77120.08079702711,963.1571629784917
2024-08-25 16:00:00,76918.89331585419,77289.02005031478,75320.56861707363,76630.58619410943,874.0692417435251
2024-08-25 20:00:00,77481.00337775194,78711.56257203582,76560.55854047813,77287.58484502413,859.4886229173206
2024-08-26 00:00:00,75942.76991611486,76990.04284722985,75198.00951745227,76052.23041819474,826.6547869551271
2024-08-26 04:00:00,76441.71451464269,77929.14225435293,76377.07538180947,76647.65263548389,973.2379926964662
2024-08-26 08:00:00,75459.619662798,75857.16569172747,75450.26472067494,75775.04825417642,1102.3054900663913
2024-08-26 12:00:00,76412.08844625892,77113.19421204404,75256.25552506422,76126.67387202714,953.9012500410855
2024-08-26 16:00:00,77275.59221844122,78343.61874861075,76661.9266513395,77537.979359934,983.9833528775649
2024-08-26 20:00:00,77358.66937531796,78680.97720660554,76716.00802575781,77289.19604805791,995.2327280280408
2024-08-27 00:00:00,77845.40784537235,78060.29270695591,77267.60528366809,77620.18548470324,1178.3116032525802
2024-08-27 04:00:00,76436.95243994199,76948.0630551815,75058.7781200996,76595.74271339222,820.7332201710591
2024-08-27 08:00:00,76149.722386257,77194.9257646382,75128.02569275716,76097.16166710747,875.5306519367128
2024-08-27 12:00:00,76387.97863157712,77392.22734683496,75384.56015194791,76575.65323270627,941.1109364520601
2024-08-27 16:00:00,77149.88875364962,77672.0794059511,76771.40953990146,77170.49098170284,1161.3092667145904
2024-08-27 20:00:00,76695.72299554922,77367.54405223322,75109.80977150997,76405.19859819976,1108.6705792022162
2024-08-28 00:00:00,76903.88106983407,77410.7216630109,76220.5548424825,76681.76125182876,1093.4710351334845
2024-08-28 04:00:00,77572.05354880661,77611.91884833491,76845.34276332204,77513.01811775357,811.723390667758
2024-08-28 08:00:00,77848.50265046992,78971.75776219647,77648.45805269935,77665.31439953313,1030.5852492850454
2024-08-28 12:00:00,76763.20182144332,77321.32237921415,76601.58463723121,76829.12901245189,944.7552605623785
2024-08-28 16:00:00,77114.90108532575,77952.30177090074,76826.9044899943,77104.53084169573,803.065447928733
2024-08-28 20:00:00,76210.78087545214,77290.7728014575,75023.898484825,76298.64735432406,912.7958571535759
2024-08-29 00:00:00,76197.93843155558,76551.01266683174,75069.3783501358,76128.17561135005,1039.7170986006793
2024-08-29 04:00:00,76190.1886158419,77522.39938908181,75003.53814658705,75969.72582245951,988.9319378373132
2024-08-29 08:00:00,77472.14069685414,78229.60782780086,77258.05116433822,77296.82250076045,1163.5215313772887
2024-08-29 12:00:00,76361.21999038458,77782.2896369887,74871.61720874801,76227.16952314676,952.1559670416507
2024-08-29 16:00:00,76831.94206530217,78346.0986643862,75464.39778725394,76522.34013726859,816.0226526814806
2024-08-29 20:00:00,76581.63014370626,76871.31287375143,75595.98817908145,76648.91032305303,1164.6818797473081
2024-08-30 00:00:00,77547.66192002514,78456.6928941745,76888.40598696076,77421.33315834767,936.0238397495809
2024-08-30 04:00:00,76364.06199591918,77803.49557308333,75991.70540323266,76000.77252003326,1152.7625531886033
2024-08-30 08:00:00,77224.8139233236,77798.34780292367,76172.22908225252,77032.6205621156,863.7459653984691
2024-08-30 12:00:00,77277.5103905283,77727.19353668546,76014.029920293,77562.65906273984,848.7447420844952
2024-08-30 16:00:00,76339.13082365508,77765.48524979365,75792.91867147479,76239.96704198181,976.0296286892195
2024-08-30 20:00:00,75907.91463918454,76886.82892281079,75772.7925361961,76164.54045609995,933.160069793827
2024-08-31 00:00:00,76622.35605826318,76750.9828556816,75468.63637422488,76372.26825165382,993.4043374823824
2024-08-31 04:00:00,78598.0710227203,78720.75534856012,76815.0740938996,78304.56627271288,823.3284395439741
2024-08-31 08:00:00,77594.84338171124,78579.14915684184,77371.90227315156,77637.7143729014,935.31399521308
2024-08-31 12:00:00,78184.86102245319,78742.40061011937,77529.15304250967,77927.83959165198,1063.2938826941408
2024-08-31 16:00:00,76919.4393364134,77657.60879097632,76386.50996075942,76552.67195160715,1100.2901348982255
2024-08-31 20:00:00,77965.88844944307,79268.07350319445,76922.07294775388,77919.5348129528,881.8523849430638
2024-09-01 00:00:00,76869.31654355364,77496.04030732672,76021.38451341173,76641.69555830416,898.2357828256787
2024-09-01 04:00:00,76643.79334866631,77828.25542462897,76359.21445140465,76808.31030555945,965.3349339345675
2024-09-01 08:00:00,77892.96890000091,79104.06620659101,77111.14321320968,77524.48739209576,885.4876307826294
2024-09-01 12:00:00,78682.19757693121,79422.20650324505,77334.55708441563,78338.46959581597,963.4494667689094
2024-09-01 16:00:00,76418.67017240461,78005.51335348355,75555.39009132436,76775.01888461974,1108.3146585773661
2024-09-01 20:00:00,77612.48967319146,78058.77795897285,76376.39876943946,77271.24272854545,1103.273462404814
2024-09-02 00:00:00,77648.63368773603,78544.684284491,76590.96646865715,77513.27999999636,849.308300466877
2024-09-02 04:00:00,77570.43512085086,79479.71804238895,76964.56290754899,77924.52038191736,951.5990209044113
2024-09-02 08:00:00,77329.61318979786,77988.81705789562,77070.94268566069,77476.17537626135,980.648612664672
2024-09-02 12:00:00,76613.87913001244,77190.23755124315,75083.40409293014,76915.81051200084,978.1472698669415
2024-09-02 16:00:00,77901.94235840566,79008.15434473775,76107.66096936811,77644.69427816341,1178.199429878745
2024-09-02 20:00:00,77894.35655819357,79028.75216357392,77535.45017702549,77537.41902559722,846.8516956203414
2024-09-03 00:00:00,78431.98810313888,80308.54283949599,76961.48513494014,78754.52709771738,970.1568468951916
2024-09-03 04:00:00,78111.86998896659,79546.47916884387,76752.57077976673,77870.14765962248,825.2807500309144
2024-09-03 08:00:00,77391.24379036225,77921.49087377134,76749.7178397843,77477.91764485063,994.8061784546608
2024-09-03 12:00:00,77760.73582398238,79217.56114218311,76381.24051002433,77659.21258302467,990.5119863635312
2024-09-03 16:00:00,78403.67046246064,79531.2229408483,77841.16146945015,78206.14911280002,879.6544302625157
2024-09-03 20:00:00,77300.11861376227,77655.03329768167,76359.56517038781,77463.14338181258,1068.9341796571848
2024-09-04 00:00:00,78330.87356593476,78672.73276037116,76897.2949949887,78356.13413874847,1046.9158745746156
2024-09-04 04:00:00,77808.4852503176,78477.82688446068,77295.10696730406,77861.17011750494,951.8163449793481
2024-09-04 08:00:00,78198.37848389368,78605.92298122583,76714.37466776541,78246.17617970992,1077.26546197562
2024-09-04 12:00:00,78410.92296649408,79694.26259686713,77597.90873970107,78472.6692339746,822.7543052314139
2024-09-04 16:00:00,77718.94593810149,78474.82663192264,76640.64014811564,77897.39921440186,1152.9635883803312
2024-09-04 20:00:00,77018.07277980147,78133.67318363361,76528.38876089381,77044.63136838996,848.775358857368
2024-09-05 00:00:00,77541.17075885527,78719.33687755668,76014.29313598356,77900.28278148497,1130.3564628919212
2024-09-05 04:00:00,78675.83411928167,80132.29258471292,77712.54495325111,78798.87682680118,1046.348006572016
2024-09-05 08:00:00,77932.10088849107,79337.00353736758,77794.99248999987,78203.85979491127,883.3591754999269
2024-09-05 12:00:00,77279.69470795048,78297.9771043796,76752.97595115488,77621.37562453654,822.9682348619597
2024-09-05 16:00:00,78310.91251512372,78877.15860404685,78222.32003731899,78592.67614937304,868.2239649386925
2024-09-05 20:00:00,77010.82899341815,77565.8804618176,76311.42006956058,77393.37145090077,976.3471705259035
2024-09-06 00:00:00,78483.3790554751,78900.62890629332,77952.01936411543,78427.49355325339,1063.6767558301165
2024-09-06 04:00:00,77534.34902281022,78113.76348656177,76470.11668859936,77854.56938823483,946.0683047710961
2024-09-06 08:00:00,76989.27823127384,77497.71549445686,75739.0738370211,76934.85298584058,842.3747037888388
2024-09-06 12:00:00,77304.22177773541,78479.20108069891,77081.81041455503,77598.11222040445,833.7982770596733
2024-09-06 16:00:00,78234.52556065831,78774.4306130354,77588.87268158553,78155.51395585235,923.6492569933245
2024-09-06 20:00:00,77479.44098774136,77657.43081320044,77306.60606641823,77369.45956189754,1127.984272002306
2024-09-07 00:00:00,78701.27309675419,79284.39010234995,78411.8464213823,78452.34573222764,926.4593566124324
2024-09-07 04:00:00,77455.85926798517,78854.31569521569,76385.25549638641,77642.38309803016,906.2101774614399
2024-09-07 08:00:00,77680.17472303627,78773.66391566084,77050.26122254693,77709.49982995236,997.1893041500236
2024-09-07 12:00:00,78375.33930139797,79410.4300739035,77321.86152999748,78200.3540341452,1161.251584773243
2024-09-07 16:00:00,78780.38402467676,78956.15548294643,78084.27308365291,78572.77825181081,1072.4504154326753
2024-09-07 20:00:00,77622.11345758926,77930.77660048383,77306.77225829168,77736.90811501653,962.4581721399513
2024-09-08 00:00:00,77469.31955707625,77512.51748645518,76129.90957808871,77459.63179245843,929.8126786695717
2024-09-08 04:00:00,79053.02600689337,80485.29129857381,77561.24749668817,78949.80466232402,905.6819620088912
2024-09-08 08:00:00,77199.20635310886,78149.34691392476,76391.78847599852,77394.93065845741,1080.266461268608
2024-09-08 12:00:00,77768.08903174388,78305.96338217579,76618.38370598057,77436.69615263297,1040.4789645369485
2024-09-08 16:00:00,77377.18520614617,78851.79193297868,76701.19087475001,77274.75013080088,861.5295973174944
2024-09-08 20:00:00,77692.21342183341,78563.4600486998,76163.8257469726,78073.00408216579,1089.989747083608
2024-09-09 00:00:00,77467.66959700655,77478.0409411586,76155.54742885512,77366.45376383186,1085.344900143231
2024-09-09 04:00:00,78544.00885217034,79338.85770069841,76958.34562005995,78261.39827475575,1188.8642585130515
2024-09-09 08:00:00,79109.4241883697,80134.27795827258,78991.82655996019,79319.07280081115,1011.4538760685934
2024-09-09 12:00:00,78300.70897885022,79013.45041858494,76791.56454848727,78643.67671460674,929.5298509322886
2024-09-09 16:00:00,79744.5812457009,80974.03549247586,77923.08780647026,79430.12657736822,1145.5153919921459
2024-09-09 20:00:00,77597.53642916765,78234.34683373633,77149.06228561222,77569.68724949699,964.9782025336366
2024-09-10 00:00:00,77904.41528714458,78511.17622311445,76896.1607719971,77525.48835633494,1125.5455777690668
2024-09-10 04:00:00,79010.68220445012,80569.02461193487,77757.02804949952,78862.99713719756,915.8589333616252
2024-09-10 08:00:00,77524.17317341542,78243.32707410991,76119.56976835692,77564.11998530471,1084.2025462232282
2024-09-10 12:00:00,78351.95836892263,78976.699741767,76593.2212422215,78065.04749402194,939.799651560218
2024-09-10 16:00:00,79562.71609145675,80212.75190916154,78187.71412795213,79642.57909096028,1100.2085971061772
2024-09-10 20:00:00,78922.13524960961,80300.64451065032,78446.82224697185,79257.22700867627,1087.466246623026
2024-09-11 00:00:00,78096.49428728041,78248.79556279964,76641.50744902121,77920.98835176267,929.0729326822827
2024-09-11 04:00:00,77996.01476887582,78634.39918807746,76367.15632048814,77717.59586254973,1114.1215506686883
2024-09-11 08:00:00,79372.19356369607,80206.05723980359,78742.19791085161,79587.22009257914,819.7739968153988
2024-09-11 12:00:00,79493.48610048846,80323.98296513253,79354.29396634677,79709.47558351893,932.6600341105296
2024-09-11 16:00:00,79444.01031031857,80737.12444881124,78687.36832108621,79796.83191263869,1012.6912042606102
2024-09-11 20:00:00,79344.18617536423,79823.90580008441,78390.4819124987,79058.43450376247,841.6676115805226
2024-09-12 00:00:00,78238.60536427051,79460.71651034117,77618.77924894533,78568.87738932091,977.8396058320943
2024-09-12 04:00:00,79745.70929332533,80573.64472881255,78020.31099766155,79552.89247688607,978.7336921076756
2024-09-12 08:00:00,79252.40938031817,79884.1277885758,77637.55978157747,78979.1482960818,1175.660708390367
2024-09-12 12:00:00,78770.78905046434,79380.78257496201,78321.56242711162,79125.66387040517,822.4850665091054
2024-09-12 16:00:00,79609.42659879163,80837.63940641997,78770.17788645529,79692.47583158402,1004.7586713532303
2024-09-12 20:00:00,79924.18786972671,80430.8414801367,78872.90695076143,79661.13983778837,910.2380789119554
2024-09-13 00:00:00,78536.41327428308,79019.05505308576,77512.99258735776,78846.87310679564,824.1934287671019
2024-09-13 04:00:00,78793.96207284457,80025.30466698733,77964.9102005288,78424.58291300212,1175.2468433057884
2024-09-13 08:00:00,80143.71942398004,80857.48163167329,78417.30912812211,79920.92873206372,956.7734792894332
2024-09-13 12:00:00,77901.06740635933,78964.74706612881,77119.37427557848,78268.01110411687,1083.7708326317243
2024-09-13 16:00:00,78339.94439185562,79721.63059326775,76907.56737215759,77993.00705383152,857.1149756059432
2024-09-13 20:00:00,78388.1166320533,78980.49531787618,76530.78764366369,78071.78177576828,952.6183257433613
2024-09-14 00:00:00,78435.13273234756,78697.87199464017,77763.42771944689,78682.01928729353,967.0205781538848
2024-09-14 04:00:00,78561.33200058967,80021.07015574175,77144.76080778551,78691.1039364322,1077.1892478096518
2024-09-14 08:00:00,79959.69725528816,81094.1887577442,79794.84015166337,79821.02298699642,1119.924638119249
2024-09-14 12:00:00,78490.14097582734,79780.02397113925,77986.29943661562,78628.90057165259,1031.9981459508328
2024-09-14 16:00:00,80663.32148322929,81460.17632937364,78966.7929020146,80339.17066636546,889.8476982974472
2024-09-14 20:00:00,79633.88303899087,80996.67995836177,78522.6989327759,79380.81835818077,1171.8256175351562
2024-09-15 00:00:00,80077.9802642826,81036.84811737106,79582.03206093817,80308.96109978473,1134.996164907193
2024-09-15 04:00:00,79920.39021076802,80321.79577475345,78504.69314539118,79545.92867491732,1095.2827429300442
2024-09-15 08:00:00,80268.30312209364,81241.97355791296,79810.54719593578,80046.38961270181,830.8775034537115
2024-09-15 12:00:00,78957.20594142047,80627.92500949213,77434.8507488772,79274.56191900764,897.2343241740803
2024-09-15 16:00:00,80572.57673896116,81785.68284506809,79537.35792269654,80490.45824634895,975.7815754291801
2024-09-15 20:00:00,79787.81169076718,80656.92978412814,79030.53260800088,79488.66405836045,837.8393098641242
2024-09-16 00:00:00,80626.82875299029,80823.78332954641,80402.52976275673,80521.57864824883,921.7763029250358
2024-09-16 04:00:00,79651.69292256037,80590.87856475152,79257.4444573808,79882.24385733239,1118.09879187057
2024-09-16 08:00:00,79554.40942153957,79909.80109871575,78876.17481535535,79248.6176807995,1161.831589672841
2024-09-16 12:00:00,80833.56180499746,81429.57254206906,78852.08632222074,80459.28387098778,1163.4776609789103
2024-09-16 16:00:00,79519.96226558888,80162.44544205558,79203.14463129685,79394.98386830131,1086.5686263448802
2024-09-16 20:00:00,78663.9090605553,78998.70365817803,77247.38616506473,78344.35512213742,1001.5769658312217
2024-09-17 00:00:00,80215.7274181466,80756.42594049725,79044.52183511024,80358.76132297027,1080.5688475122715
2024-09-17 04:00:00,78414.95750895386,79579.80288014759,77916.34161730381,78630.58383677935,1087.893275600759
2024-09-17 08:00:00,80498.2224387464,82212.54908469129,79010.78627377845,80635.16810099375,1019.4624794794705
2024-09-17 12:00:00,80189.76988098133,81387.43022266378,78970.17793631284,79987.47083092928,1034.438706367468
2024-09-17 16:00:00,78812.88118394173,79432.35895044252,78712.36476405844,79075.71591742322,1029.3441291054298
2024-09-17 20:00:00,78556.05887419745,79646.79247042582,78270.4485243732,78709.68913758532,1174.2247037982195
2024-09-18 00:00:00,80978.58414690453,82498.3593785171,80347.18683523418,80710.74131859922,1044.797741735502
2024-09-18 04:00:00,80060.80333093782,80498.15861891836,78829.4565711236,80445.21703036655,857.1167715503236
2024-09-18 08:00:00,81261.87732540244,82088.76984137972,79591.28693592477,80917.84007207655,853.6713068972745
2024-09-18 12:00:00,79157.83507449279,79756.08752867082,78023.2318337246,79181.08117653096,941.4565593050129
2024-09-18 16:00:00,79496.46968266129,79753.76247739632,78807.46744833353,79224.26193393365,999.3052487153866
2024-09-18 20:00:00,79230.35014917506,80087.8529117544,78390.5595544419,79524.1211753822,1124.1590827202394
2024-09-19 00:00:00,80754.10916700299,82306.05836467614,79297.57117202246,80529.11623622454,841.0657694021353
2024-09-19 04:00:00,79833.39560554041,81574.01491927638,78425.37310750195,79998.25780096224,1029.3294693763985
2024-09-19 08:00:00,80217.85283420228,81566.90953601006,79387.96484234244,80024.80295266255,958.6495735303656
2024-09-19 12:00:00,79237.18967291512,79376.76161653476,78894.58727377506,79203.67033131,1029.4220956819224
2024-09-19 16:00:00,79224.98603060145,79986.3713658022,77804.45710087386,79606.15867431763,1061.7125624190207
2024-09-19 20:00:00,79031.64006370213,79844.59144213055,78731.29822793277,79287.70975732768,944.3368175682963
2024-09-20 00:00:00,79268.69279505403,80164.63348231942,79210.82490493497,79587.14263750007,1092.709321152952
2024-09-20 04:00:00,80372.08153710076,81088.32263102006,79033.55652385896,80642.51756953982,1119.3882332584562
2024-09-20 08:00:00,79257.96768754881,80330.65202890866,79233.4367381397,79567.78314185403,1188.8754975505644
2024-09-20 12:00:00,80375.57663745007,80657.43974147983,79271.23354248896,80632.35187275308,1158.9623491207515
2024-09-20 16:00:00,79778.95319020776,80387.35239996409,79012.2745718039,79906.78058805286,801.7149089904259
2024-09-20 20:00:00,79143.44157768776,80509.45176091536,78358.51883789223,79270.70760867617,912.4096629044159
2024-09-21 00:00:00,80117.57928402588,81604.92661881661,79226.52493950939,80320.42540651679,819.8674307001188
2024-09-21 04:00:00,80203.9367798752,81177.74310840017,79004.57525663207,79969.75831883872,831.8674182998723
2024-09-21 08:00:00,80702.83260624434,81732.589643282,79376.33853574339,80843.3460469888,977.4315038947266
2024-09-21 12:00:00,80012.78749372569,81129.79874461837,78124.7037769973,79678.64203818435,818.8416073937166
2024-09-21 16:00:00,81357.65309422654,82977.43727289347,80858.40224829553,80979.93794194222,1153.3824511029397
2024-09-21 20:00:00,81174.99428502224,81602.05639953355,81023.24712652885,81272.31237007011,1109.9387272990966
2024-09-22 00:00:00,81424.46147001525,83055.72646431177,81361.45836193343,81445.73290918132,1044.6979047859952
2024-09-22 04:00:00,80806.88233859777,82364.37910384031,79203.23832232085,80877.41447462709,1033.5611511971829
2024-09-22 08:00:00,81371.68487325481,82461.45635336346,79967.9040777845,81094.4415220494,956.9735873537354
2024-09-22 12:00:00,79495.38076132962,79955.85521030257,78111.2267878612,79354.02687815946,948.6682590907335
2024-09-22 16:00:00,79518.17349536532,80876.58449848137,79452.1311345558,79655.84564589166,879.0621581131433
2024-09-22 20:00:00,80487.75438918194,80811.8984135992,78774.13375220817,80222.03008312975,928.8221322058578
2024-09-23 00:00:00,80483.20829547495,80703.58883869184,79567.04320344514,80426.01894988988,905.2070025571338
2024-09-23 04:00:00,79528.24634473633,79939.73975088238,77797.90243062907,79367.18444222592,1191.8077633915261
2024-09-23 08:00:00,80435.30253607221,80916.76054595839,79736.68833538884,80776.14207291117,1063.9219810622271
2024-09-23 12:00:00,80084.55614487453,80601.42241625489,78785.24906071248,80405.92969100479,1189.760417457504
2024-09-23 16:00:00,80973.9207248251,81237.09346077542,79582.69342190967,80734.90455072359,922.9818995923632
2024-09-23 20:00:00,80139.9046120117,80563.02051681577,80047.6732462675,80204.7392253995,886.4776947591728
2024-09-24 00:00:00,80481.5582143467,82039.24839637605,80087.94537749924,80697.27516857295,1119.6386990993772
2024-09-24 04:00:00,79766.97723792486,80711.1439142082,78554.23389254924,80117.96800895533,1033.3132657212882
2024-09-24 08:00:00,80745.07993569775,81186.80244471114,80175.41804958931,81004.70104718275,1188.3571480725043
2024-09-24 12:00:00,81254.06084237673,81689.8688023243,80207.54683586568,81342.6470591243,1154.1038260044616
2024-09-24 16:00:00,80121.49984760769,80936.11465793289,79149.67411879626,80364.5827718992,939.4440304867105
2024-09-24 20:00:00,80896.22172619327,82327.55597502789,80472.14954102146,80752.74806271482,1055.3225893462827
2024-09-25 00:00:00,81149.777652423,82517.35848406027,80864.65980516563,81317.10580827443,949.9346140963211
2024-09-25 04:00:00,81022.10453063146,81863.3926789809,80016.34030132742,80886.19909870725,964.3448200887984
2024-09-25 08:00:00,80319.29317878858,81090.95494835947,79451.58139449442,80284.91823491511,1156.3616093807511
2024-09-25 12:00:00,80090.98354765562,80806.38502571595,79035.76695883398,79875.20363982227,1031.0919095484544
2024-09-25 16:00:00,80960.42315679126,82465.14891594772,80845.32513310658,81336.07846618557,1154.6704611777948
2024-09-25 20:00:00,80498.93376319596,81901.64928751274,79096.99574317077,80867.71186768715,1079.8124327344058
2024-09-26 00:00:00,79533.75676802227,79918.88276856915,77997.20737283504,79858.08841566474,808.7875636989982
2024-09-26 04:00:00,80616.22588468462,81356.4465466823,79267.70947809341,80527.96841884415,810.080283451959
2024-09-26 08:00:00,81893.55472288051,82157.91194283222,80527.60962295915,81575.36202842314,972.4946965724816
2024-09-26 12:00:00,82163.69550390144,83614.65664958625,80279.72696509091,81858.80903369444,901.751161070849
2024-09-26 16:00:00,79931.01144212532,81245.5490584882,78805.61922877292,80134.9208267347,935.6501422098804
2024-09-26 20:00:00,81344.06777648436,83166.40389929093,79823.9505320677,81695.4767580813,1125.0303714940057
2024-09-27 00:00:00,81209.61918944001,82422.84842465616,80501.06419440027,80831.18177499823,807.660741755063
2024-09-27 04:00:00,82394.71156028358,83996.96336601312,80904.15201244397,82022.02509514499,808.1214069766304
2024-09-27 08:00:00,80855.42112942327,80924.16751138064,79545.0296120118,80816.92945132544,833.5181877029363
2024-09-27 12:00:00,81655.39578535642,82584.19768222491,80604.69123292391,81909.94356062158,862.1956732607327
2024-09-27 16:00:00,82145.27254157655,83638.86794117,81240.27438212137,81805.92833640432,1008.6398219968482
2024-09-27 20:00:00,80480.84490458744,81032.25624795447,78959.24996984555,80849.0702471683,878.1523816428174
2024-09-28 00:00:00,81688.52154259635,81928.83445769371,80758.553373974,81555.60857987411,1132.4387032158475
2024-09-28 04:00:00,80632.33769684291,81468.0223082332,79694.84844450661,80867.16919839414,971.5532423659083
2024-09-28 08:00:00,81043.3165815388,81497.69641092651,80767.57529036714,81170.09670625844,1010.7068612532335
2024-09-28 12:00:00,80134.15054473716,80542.37530474704,79391.18279238963,80162.04965716587,883.0531795667079
2024-09-28 16:00:00,80339.88337118704,82152.62234288301,78835.39603582633,80564.41772124423,851.0847995903248
2024-09-28 20:00:00,81674.19438249317,83179.81587327189,80564.31771674991,81315.86950940125,1119.6393101795834
2024-09-29 00:00:00,82162.00583874443,82879.9101634354,81678.08245715755,81758.67509644471,1011.6016814024284
2024-09-29 04:00:00,80720.93613417515,82103.6075616138,80082.11631804472,80641.99572891944,1065.4457531859532
2024-09-29 08:00:00,82038.5597089133,83738.46702724432,82029.24161756957,82283.5613833392,881.9757355973568
2024-09-29 12:00:00,81519.82928684383,81760.61467649046,81271.04688090713,81637.39986296478,1078.2336931160403
2024-09-29 16:00:00,80629.11003449759,81432.57696283367,79222.08988016407,80517.24824292377,924.4495749960239
2024-09-29 20:00:00,81704.59441713084,82781.20307189389,80552.52629296988,81407.65435015221,808.7375363994805
2024-09-30 00:00:00,80929.49534454526,82464.99252536333,80191.77317723754,80588.27759999737,952.4007716838433
2024-09-30 04:00:00,82314.13761355562,84186.70975605417,81008.95267342255,82663.85938426746,1017.1557546055881
2024-09-30 08:00:00,81438.45606557229,82911.4759939975,80106.38571217879,81562.89725216379,983.3395855330408
2024-09-30 12:00:00,82967.03326455459,83879.79695303949,82600.59382411416,82745.93500346212,1174.2116151538553
2024-09-30 16:00:00,81059.78340091322,81665.70670273251,80168.09522355019,81440.72735398725,1181.1177888530704
2024-09-30 20:00:00,82113.00455639766,83650.88179152668,81393.17039398283,82283.03123880339,1170.5196591596587
2024-10-01 00:00:00,80652.30392003179,81118.56632203246,79788.80436952635,80524.52078239086,881.7812034128369
2024-10-01 04:00:00,82030.00412746365,82953.2388211126,80004.79643149991,81622.13969774664,896.0397707500181
2024-10-01 08:00:00,81518.08935533343,83088.64672423228,80177.67221710831,81347.79187394827,803.4112013762956
2024-10-01 12:00:00,81727.60112774793,82452.19941039852,80097.31499275863,81862.3575625738,943.0093832521862
2024-10-01 16:00:00,80629.71539651255,81583.34503943982,80067.78579876856,80506.26577851463,816.5902504270514
2024-10-01 20:00:00,82049.2902601163,82049.35121372784,80403.94480285073,81873.51870757755,1073.8970579976215
2024-10-02 00:00:00,83193.57517128951,84588.66014149754,82842.82658093929,82976.41135618144,835.2984151278166
2024-10-02 04:00:00,83197.68925980577,84303.80473881445,82648.05483650761,82926.59636823641,872.8401089626757
2024-10-02 08:00:00,82956.94903015204,83569.58851102766,82478.3282681994,82587.06081861736,1039.9198741083846
2024-10-02 12:00:00,81344.67122906927,81669.62708906608,80589.35276608868,81196.3631371613,812.2623846325935
2024-10-02 16:00:00,82817.673304011,83418.12399816362,81042.21088555011,82576.14212068664,847.784994669167
2024-10-02 20:00:00,82525.56516100073,83623.3852674619,81686.55327719815,82848.95475657143,963.9442106687029
2024-10-03 00:00:00,82114.3837259035,83075.99363533204,80671.96432695862,81801.62045640603,1131.8183651976988
2024-10-03 04:00:00,82390.48929562002,83852.41154124684,81050.5364768437,82332.93960137342,1026.5888422373355
2024-10-03 08:00:00,81821.98141235825,82425.19074451215,81783.13878070799,82013.02857537166,947.4734288298752
2024-10-03 12:00:00,82604.93077718774,83188.30213194047,81814.78157673939,82278.75900470074,904.3207165361113
2024-10-03 16:00:00,81280.33405597857,83141.13998911905,79803.24926218003,81579.40417704365,1084.5739396095319
2024-10-03 20:00:00,80863.345802343,82391.76134865149,79878.71326298008,81021.72572255053,867.2054170491597
2024-10-04 00:00:00,81246.8786746276,81611.90993761332,79630.98672944968,81526.27890591635,1092.7400055043909
2024-10-04 04:00:00,81247.15972346833,83081.83068690941,80956.42768005583,81624.26308929549,877.3812098685551
2024-10-04 08:00:00,82867.63606277933,83533.07683454026,82055.44441772143,82979.0316450697,1063.0235038477945
2024-10-04 12:00:00,80798.37069523858,81883.01873047272,80152.99918222553,80896.88207783233,1175.5430764864961
2024-10-04 16:00:00,81129.49397013482,82154.4578424476,80311.32364100662,81265.75719264353,1124.1948566265446
2024-10-04 20:00:00,81120.78602465575,82272.48029066871,79681.36676848814,81087.55134408183,810.4630062915535
2024-10-05 00:00:00,83175.47371280169,84562.54264306818,81870.78268510933,83472.04685131676,1156.0468191016564
2024-10-05 04:00:00,81691.18123035037,82627.33191737112,80255.28354803765,81518.24924520866,1079.6908870321304
2024-10-05 08:00:00,82061.77613474424,82594.78111853021,80683.95211676149,81942.10537236543,874.5559293035044
2024-10-05 12:00:00,81182.75774376754,82688.58875713218,80576.48987217723,81548.05463189114,818.3378003035635
2024-10-05 16:00:00,82519.7059885863,83625.8650695522,80482.49591844497,82112.83517277722,1118.1915750200465
2024-10-05 20:00:00,83565.38836846536,84299.32266110719,82997.33948610525,83419.09527666298,1142.276438121161
2024-10-06 00:00:00,83210.28727546717,84616.22010271401,83008.35785344886,83518.86827916442,863.4416048744504
2024-10-06 04:00:00,82397.81964321333,83035.42547212128,80732.43424075721,82269.08276472185,1007.2669170333301
2024-10-06 08:00:00,81870.73416429067,82178.2681292095,80830.85258113893,82052.46876423538,1099.5533228752324
2024-10-06 12:00:00,82274.27257557909,83526.57763342834,82064.08099239184,82355.43242720493,895.9892548198319
2024-10-06 16:00:00,82744.46916978827,82998.59957381351,81762.91862383814,82689.88114470383,1115.210916160309
2024-10-06 20:00:00,82367.24152482771,84305.62395304586,82332.89001844321,82705.69542516732,891.5540399243694
2024-10-07 00:00:00,82340.72572083322,83045.4912379757,82105.09544669164,82263.99730922449,988.4436558885895
2024-10-07 04:00:00,81319.57728889403,81786.47763888443,80405.73372255327,81619.18522448545,1174.1451433796121
2024-10-07 08:00:00,81601.32018259195,82433.61599623424,80832.59078821841,81700.21275069215,1035.5845349321837
2024-10-07 12:00:00,82259.37313839745,83111.28285945246,81849.51812687053,82352.7115540957,984.8219665150125
2024-10-07 16:00:00,81488.45451534363,83231.96096177168,79872.20329386336,81609.41250226383,850.3509597296282
2024-10-07 20:00:00,82381.09788033346,82685.51240406372,80688.811370225,82249.76299121181,894.5655900590481
2024-10-08 00:00:00,81435.8597048897,82958.98818328166,79871.88172919025,81680.74815144959,1081.3305785532675
2024-10-08 04:00:00,81738.31602266943,82589.20033752291,80636.25219717904,82014.93454312586,892.6561246770596
2024-10-08 08:00:00,82422.90897285241,83996.2678356649,81284.65297567236,82832.63882557985,907.1506467335889
2024-10-08 12:00:00,81953.56119070943,83083.80682318292,80776.87241589635,82224.39103671449,975.6237183366004
2024-10-08 16:00:00,81998.66901448889,83424.04967367442,81486.43512636794,81709.20937550768,849.5586184427398
2024-10-08 20:00:00,82209.25595345147,83145.76424091296,80747.31739164879,82562.01831325196,804.6594268241192
2024-10-09 00:00:00,83080.08516680746,84245.33717864938,81796.24112075994,83275.20335128799,841.8239138143133
2024-10-09 04:00:00,81649.13249388798,82565.8539796997,80465.73274431832,81997.4874261484,916.995778596537
2024-10-09 08:00:00,81769.02283213414,82164.03260048204,80887.13840769784,81959.59827955847,1069.8738105026696
2024-10-09 12:00:00,81944.3885081404,82693.24515612758,81388.42489807711,81777.91410696834,1134.9131386463582
2024-10-09 16:00:00,82988.88832353606,84259.14124567625,81450.82737052471,83202.02963381194,1089.9317774786712
2024-10-09 20:00:00,83511.76167945573,85168.98514665695,82343.88023934104,83655.9135180616,852.4847735382108
2024-10-10 00:00:00,82836.40563207162,83961.59321029826,81300.80664759326,83157.72988516265,1179.4169329175286
2024-10-10 04:00:00,81972.06925956809,83191.29065423155,81203.09906167575,81978.89125721622,835.9077194509819
2024-10-10 08:00:00,83191.60364872124,83523.92593173606,82429.98132230523,83252.10572540475,901.6225724496105
2024-10-10 12:00:00,82659.62203028367,84353.97635174189,82579.40779818033,82915.47036616685,937.7652033478296
2024-10-10 16:00:00,82016.68255919739,83220.70896209651,80721.8009721052,81924.80364469069,990.8331379046965
2024-10-10 20:00:00,83706.30554142727,85165.51065475013,83107.60695062514,83547.43855684737,1067.1368108473716
2024-10-11 00:00:00,83531.69447811393,84471.18314434214,82370.19146712388,83359.9321149541,930.6504859930707
2024-10-11 04:00:00,84553.13247901121,85841.20237816732,82728.54150822504,84266.67584707361,861.0649938648291
2024-10-11 08:00:00,84053.82196799119,84933.3581372883,83925.15522000834,84257.17452435067,863.0330598737826
2024-10-11 12:00:00,81958.02414836305,83436.11985914706,80893.18181380286,82111.54288759435,1064.9428108676561
2024-10-11 16:00:00,83657.06773652163,85530.44927215332,83266.66586628833,83911.2403472768,1178.1673502526246
2024-10-11 20:00:00,83819.91395715828,84764.73023731045,83724.18505603618,83935.22382748862,1190.7031778986964
2024-10-12 00:00:00,84598.08499143369,85181.44688132322,83709.33706910696,84463.22571203575,1065.0791333903358
2024-10-12 04:00:00,84381.7941811145,84682.22025812406,83933.12831070964,84297.75867938621,1115.626831359322
2024-10-12 08:00:00,82991.19699157139,84564.7570035635,82768.14421357428,83130.53358730982,1124.7519241509797
2024-10-12 12:00:00,84055.40500925608,85720.06177784398,82795.03597881524,84312.37935136116,1051.7665637894038
2024-10-12 16:00:00,84124.47220169188,85454.29080111075,83492.45007727848,83854.26278717966,1104.096804077676
2024-10-12 20:00:00,83940.2309507226,84642.64881429174,82841.9628716269,84224.12009905693,1141.4551477054792
2024-10-13 00:00:00,83358.66085986345,84579.86897554657,83325.99412876958,83463.63730620751,1133.2517763787869
2024-10-13 04:00:00,84756.68955933511,85481.00542015013,83631.45325624206,84424.4743852832,938.3717145234175
2024-10-13 08:00:00,84729.26243591531,85896.21588015251,83077.81370238586,84519.58126045832,965.0169315516116
2024-10-13 12:00:00,83707.5186762451,84541.97448752723,82105.80520969906,83497.62435536178,983.5770817381056
2024-10-13 16:00:00,82877.7042072607,84343.49627550555,82058.66923146659,82528.25265302203,892.520499113865
2024-10-13 20:00:00,83201.46798192752,84880.00275570332,82021.5179975131,83311.32131492275,880.7102039714047
2024-10-14 00:00:00,84276.0987890151,84750.21445854228,83996.00623820767,83999.6735911807,1065.7926711265848
2024-10-14 04:00:00,83890.2560334743,85112.84843350503,82073.72499916957,83695.08195302027,1138.4686982961287
2024-10-14 08:00:00,82907.73527084435,84378.77584838991,82146.22703402382,82507.46778509342,868.8288361255968
2024-10-14 12:00:00,84609.88207535545,85324.2231141088,84117.2493160211,84435.94060979555,1021.4276672574433
2024-10-14 16:00:00,82053.49228274553,83044.69920820791,81734.22931155717,82439.1355879428,992.2458308823946
2024-10-14 20:00:00,82852.39384022974,83769.140238927,82313.36370946829,83149.21068137712,1064.1900521588389
2024-10-15 00:00:00,82820.58840945565,82942.86568472449,82415.70315116407,82486.26940106667,934.9188813180937
2024-10-15 04:00:00,82785.55617505094,83393.2109814865,82272.77175517005,83185.55123739995,877.268744044015
2024-10-15 08:00:00,82957.3459290563,84712.8345527007,81414.45006288707,83203.35727225663,1065.177558099583
2024-10-15 12:00:00,83847.48961879995,85806.9637105908,82849.19746343339,84125.04839357857,1188.0841245303714
2024-10-15 16:00:00,83579.49020777772,84531.15127980128,82301.69745728835,83454.14291858325,1089.2751324894812
2024-10-15 20:00:00,82476.34424884613,82690.51050955223,81264.87750278514,82505.33504082628,989.7702240978883
2024-10-16 00:00:00,84306.78836657408,84335.44373955089,83454.0728420234,84020.96136748744,1083.87211054631
2024-10-16 04:00:00,82960.4398304443,84378.1425054478,81355.66456392102,82762.43588732451,965.2555709195946
2024-10-16 08:00:00,85233.26702109106,86451.28281461126,83211.62640908669,84875.81868928272,801.1024787621909
2024-10-16 12:00:00,83067.89045546803,84070.65848792437,82260.1061611093,83178.57191177229,1026.9147298620874
2024-10-16 16:00:00,84218.48514566156,84779.22369681382,83526.73508226831,84257.99460059503,858.4001134319232
2024-10-16 20:00:00,83409.86026538,83733.88336235537,82610.41301453087,83542.65159912735,1009.5413068575974
2024-10-17 00:00:00,82492.41858792592,82844.88107651212,82170.19881486859,82784.20217949412,928.7163539879064
2024-10-17 04:00:00,83225.4500398401,84872.23210153969,82164.15760104645,83455.86840020343,1059.7714839137982
2024-10-17 08:00:00,85194.68952765728,85472.14519919608,84964.58405620874,85217.67796850052,1152.704442614015
2024-10-17 12:00:00,84361.3000511109,84392.6127289223,83502.22659812227,84177.48609975881,1067.7400095102485
2024-10-17 16:00:00,83471.12048581279,84124.25039907878,81644.88281441592,83164.70471345432,1185.013334093046
2024-10-17 20:00:00,84566.24848622631,85319.52782830886,83236.90584618878,84881.9669378598,1085.2007135642011
2024-10-18 00:00:00,84061.42957291305,85475.09352139938,82864.81126674791,84392.22882585991,856.5222976081081
2024-10-18 04:00:00,84059.06369583197,84943.02989437812,82862.64410561653,84377.4376013548,1017.1690485465674
2024-10-18 08:00:00,82720.2821339542,84288.30250573867,82050.49390498202,83109.587511871,815.947867700538
2024-10-18 12:00:00,85321.24892568198,86304.6443012484,83987.42721298955,85362.33217271724,1121.0562209288173
2024-10-18 16:00:00,82864.96365434465,83770.87524232884,82168.77544333458,83220.92133015906,1069.306715879233
2024-10-18 20:00:00,83981.49983274289,85776.13413303766,82806.64655990548,84126.71152307717,1019.1345549899934
2024-10-19 00:00:00,83395.154424821,83555.88549103428,82239.01454213419,83408.65745372727,1055.937687565623
2024-10-19 04:00:00,85221.0112056265,86007.44381343458,84487.52396620781,85303.6782644095,1113.6442171583067
2024-10-19 08:00:00,84340.98602430441,85839.36707806383,83292.42407471094,84555.95794346952,1099.0446670689325
2024-10-19 12:00:00,85268.1019244737,85420.31345240671,83480.1743387778,84869.63367229268,1135.6099348616008
2024-10-19 16:00:00,83031.06591513073,84207.1145296836,81895.30883955714,83434.26810467005,974.2690629861914
2024-10-19 20:00:00,85359.30852715796,86910.53067570104,83630.72816333691,85020.75711263074,929.5666716600979
2024-10-20 00:00:00,85011.45904441232,85122.98479578433,83238.07195445942,84784.12510066642,827.037980070005
2024-10-20 04:00:00,85079.04839556686,85525.96628884925,84042.04570174539,85278.90722183538,931.338605491221
2024-10-20 08:00:00,83699.2133837148,85156.29596237629,82269.25020472477,83696.74692160617,948.8882307774938
2024-10-20 12:00:00,85114.5770980521,85456.77080092416,84548.10258096596,84737.830302151,969.5355440579493
2024-10-20 16:00:00,83940.38719971191,85395.66027737342,82904.3459148931,83802.96863057965,921.4698125490961
2024-10-20 20:00:00,83918.29014682434,85751.84566063064,82424.08154662336,84269.62259700982,1194.502149980587
2024-10-21 00:00:00,85153.69721003914,85581.9598575553,84604.62372602813,84818.11950764498,919.2821485252424
2024-10-21 04:00:00,85475.49048229594,86299.54226582289,83572.97272536141,85249.63417993026,889.0355641312566
2024-10-21 08:00:00,84828.81554710168,86117.28043158716,83919.89684365773,85052.32300795121,932.9096237081203
2024-10-21 12:00:00,85283.07121911942,86481.79096687328,83892.23876879574,84937.61432831212,886.3119877164169
2024-10-21 16:00:00,84789.38363381579,85730.86760587235,84117.69974041526,85102.8289650113,891.125375784849
2024-10-21 20:00:00,84047.53783363767,85323.49797195682,83104.92793885015,83669.35840260636,1090.5995944943948
2024-10-22 00:00:00,85640.9684333761,87210.790347958,84855.33588158735,85284.96296027004,1038.552405246203
2024-10-22 04:00:00,83177.31284920525,83685.42287138538,82470.205519992,83582.36175167187,856.1642870441835
2024-10-22 08:00:00,83835.11908949545,84401.28158863586,83263.79204304655,83857.29812252075,1158.8099463651483
2024-10-22 12:00:00,84517.95838218767,85594.61068320958,82561.4110211601,84188.58717196068,1055.8515746858716
2024-10-22 16:00:00,85026.54443040983,85262.34243842888,83389.52050944172,85052.41584298054,1118.7365125336398
2024-10-22 20:00:00,84437.06588544633,86028.67918288412,83765.28044620996,84420.6418063425,903.9330628517134
2024-10-23 00:00:00,83548.22759056203,84470.97623144322,82457.420322281,83963.29074161549,992.3819805072438
2024-10-23 04:00:00,86236.88834321949,86645.92281335825,85253.16389558716,86012.0155054883,1126.3950642989612
2024-10-23 08:00:00,86118.39858984003,86345.05853576893,85798.32208017283,85851.29331135046,935.5561161424492
2024-10-23 12:00:00,83306.0271487741,84223.29592428856,81878.43225127413,83628.93702072403,1012.5366304612425
2024-10-23 16:00:00,83762.76535367528,85247.41321627608,82486.74985400832,84089.30259754532,1182.783154253553
2024-10-23 20:00:00,83322.70377680019,84028.8228905501,82806.57244166239,83722.83758076548,951.2323302244015
2024-10-24 00:00:00,86113.89985292843,87247.41672614113,85570.02615022831,85742.04300836462,912.5659430547151
2024-10-24 04:00:00,85421.21571906663,86506.4874790222,84740.95303187212,85584.59919842186,979.129495452494
2024-10-24 08:00:00,85030.47087217796,85196.89094938374,83915.96028667084,85140.33473951492,978.7431178005787
2024-10-24 12:00:00,84259.36684469113,84465.75558947543,83191.89441295817,84462.54760905396,1021.3623043379289
2024-10-24 16:00:00,84068.7287780176,85401.14847707088,82377.53468977418,84050.95686587192,1016.8548325621427
2024-10-24 20:00:00,86062.30800782441,87485.01091680059,85365.44344156151,86177.10374238653,1137.7807036138008
2024-10-25 00:00:00,85919.29962108709,86533.92961037488,84960.92673789134,85508.88057071,1147.9640952128725
2024-10-25 04:00:00,84974.25393914852,85414.13000100701,83907.81020451662,85320.73705770932,1179.2395049308336
2024-10-25 08:00:00,85078.72360720792,85673.2149789475,84236.44082662341,84942.64008736062,937.5330834127989
2024-10-25 12:00:00,84382.31541110006,86058.82530396411,83894.37955415217,84580.93116325859,1189.692406755419
2024-10-25 16:00:00,86453.87976527742,87842.96459508264,85184.07136412615,86090.44860093824,1028.4997590592932
2024-10-25 20:00:00,85074.5911889642,85177.42417537197,84208.22074478709,85037.00070568276,841.6472974337166
2024-10-26 00:00:00,83795.80028913962,85309.97408416102,82125.83862580286,84192.0330209164,810.5729740032278
2024-10-26 04:00:00,86059.30029627669,86296.69827032981,85643.02479147248,85667.76882157843,934.4935769912859
2024-10-26 08:00:00,84804.37395969743,86437.79614686401,83187.18425145769,84452.69515639954,1057.3930623208275
2024-10-26 12:00:00,85672.42852502671,85683.9174702368,84018.2454787043,85383.55616362218,1011.0330974753764
2024-10-26 16:00:00,86247.59236711635,87608.2670319107,85114.797328458,86249.48178895283,1049.0602949153222
2024-10-26 20:00:00,85493.32986182725,87476.5255625894,83919.56393881368,85795.2059197142,983.9801236651618
2024-10-27 00:00:00,84613.3710247828,85459.97351797759,83407.71102870029,84991.1464948037,1154.6612625880346
2024-10-27 04:00:00,85976.03156193637,86487.36407813327,85601.83211949634,85834.69338386829,943.7386959955153
2024-10-27 08:00:00,86739.75467787222,87127.24392281602,86204.46165426508,86698.29326117341,1018.3048951152284
2024-10-27 12:00:00,84476.12976835253,85372.1190118468,83476.7331200238,84464.46256120346,1085.627887647627
2024-10-27 16:00:00,85472.40355811453,86787.32808542975,85139.63518614572,85844.1329538396,1060.6843008586022
2024-10-27 20:00:00,83950.41229965343,85423.75119963883,83455.78130395264,84294.71794733296,1171.5674733211642
2024-10-28 00:00:00,85978.9682838718,86338.05025127559,85526.33974117604,85671.44908142586,871.821726512435
2024-10-28 04:00:00,84348.09295661244,85794.24791022898,84280.40775064878,84693.78759114597,994.6516317677672
2024-10-28 08:00:00,85025.59940199419,86371.40735800996,84926.27567684487,85388.8143930414,1111.753243295109
2024-10-28 12:00:00,86398.32159301772,87276.90534973716,84463.59971850063,86034.08667661197,1022.4468276090563
2024-10-28 16:00:00,86964.06088048514,88451.75498915259,86550.75304644591,86718.75607507168,1121.262984017606
2024-10-28 20:00:00,85537.12095214233,87016.9115504837,84326.11903231077,85844.01770586494,1150.3583187034542
2024-10-29 00:00:00,85799.31850643076,86820.67033114973,83777.69821096884,85445.49287987959,937.0005235149422
2024-10-29 04:00:00,85903.53847245293,86657.86962717443,85213.8177104699,85610.46476909143,956.0071939163126
2024-10-29 08:00:00,86470.5686945537,86735.80782341013,85110.14325110526,86691.36624904035,886.4577117656464
2024-10-29 12:00:00,85483.13091535149,86873.66778062245,84931.64982703433,85267.09165301052,856.2194622170427
2024-10-29 16:00:00,84931.12647456743,86288.15033766947,84655.1681317024,84889.8078313975,943.7764538713698
2024-10-29 20:00:00,85029.03624887869,86814.42914323474,84021.19014270348,85288.18536845878,841.771615556828
2024-10-30 00:00:00,84978.53419262395,85546.04825299943,83596.80534197792,85402.36888815675,993.5134341538596
2024-10-30 04:00:00,86722.65281570674,88241.56313853308,86604.83061084266,87023.19942400423,1177.7098014224266
2024-10-30 08:00:00,86704.75284208143,88116.94777674871,85326.63258116868,86870.89311462449,1087.7073167070012
2024-10-30 12:00:00,84731.4025779207,85572.58651122292,84430.04393782953,84728.18544892636,1158.7830794409178
2024-10-30 16:00:00,87262.83967085155,88540.7560823786,86855.77865335697,87135.67343398134,801.0542959539886
2024-10-30 20:00:00,86118.55367783367,86999.32326081605,84651.45457480047,86383.89071485745,810.9578308170753
2024-10-31 00:00:00,86820.49775923425,87193.38434870985,85665.16566296965,86393.40502651595,942.464149482657
2024-10-31 04:00:00,86878.23981091591,87175.94920156825,85621.45052077227,86476.93666894526,1173.8351909344549
2024-10-31 08:00:00,85422.3095513852,86823.3418894192,83797.90745548789,85191.52478484725,953.2911906800883
2024-10-31 12:00:00,86000.21939261378,87461.27379905245,84452.24067745771,86188.72199625749,947.3085750100244
2024-10-31 16:00:00,84775.67232341935,86594.77496872487,83177.21972033974,85025.24097322319,1183.0306849288345
2024-10-31 20:00:00,85657.88614088492,86118.93705740305,84772.9461646807,85936.67086783268,871.3576638759481
2024-11-01 00:00:00,84932.19205891165,85852.84990032669,83896.74427075427,84989.79122871725,922.3219149941074
2024-11-01 04:00:00,85621.16944705199,86076.18787640985,84905.33714155032,85581.77247455397,1191.93444174319
2024-11-01 08:00:00,86962.65153055005,88223.2718069645,85343.84171552314,87129.59393873371,1111.8704268778672
2024-11-01 12:00:00,87171.95748247474,87213.66268431811,85310.76168245537,86839.07852201749,1191.5257854698698
2024-11-01 16:00:00,84767.3146102359,86206.23868968338,83645.82978008714,84886.74365079762,900.2327946590112
2024-11-01 20:00:00,86917.6115782175,88154.33130550334,86176.78368467823,87190.71296689862,1081.7015164829372
2024-11-02 00:00:00,87447.3966158064,87740.09549552547,86454.37068380487,87324.48722539846,895.3447140114963
2024-11-02 04:00:00,85366.82511636759,86578.57170461748,84691.00228014115,85728.34837532626,923.1706605458879
2024-11-02 08:00:00,87540.10635123363,88939.19763374227,87374.25597925136,87432.60510085188,827.6002625739496
2024-11-02 12:00:00,87232.99473256042,87441.61796149175,86499.1718586527,87011.90710526035,998.8437693660621
2024-11-02 16:00:00,84763.77833658026,86267.30587607992,83973.9835096592,85183.17459319538,854.1073409510055
2024-11-02 20:00:00,85395.57885227614,85803.99588448745,84989.09603273733,85407.8853547242,912.5041316573252
2024-11-03 00:00:00,87817.458047671,87830.39368845023,86684.25869776151,87593.66274318527,1042.9024007166518
2024-11-03 04:00:00,87579.75350709638,88537.0373973144,86191.28656677804,87350.16466793253,1062.7292212032203
2024-11-03 08:00:00,85965.34170352417,85977.74855423652,85109.39103222225,85887.40409095598,823.4642304781968
2024-11-03 12:00:00,87571.89638520991,89246.27001885399,86470.9651215729,87202.62915337506,1063.5169877830872
2024-11-03 16:00:00,85821.43393994267,87222.19628993211,85126.34762000534,86201.20013859472,1037.597386398074
2024-11-03 20:00:00,85083.09756948348,86783.50977546087,83907.21465129849,85217.48535338981,959.0524517922589
2024-11-04 00:00:00,85014.77686741766,85752.48550692992,84501.12796989958,85423.25913191322,1060.2814552914963
2024-11-04 04:00:00,87947.52125978179,88290.94647002446,86406.40791439581,87705.30477685932,907.8975688248711
2024-11-04 08:00:00,85957.86848944813,86785.33059763015,85698.42213583131,85964.6985565913,1147.3656195917395
2024-11-04 12:00:00,86274.68183823727,87084.03283383907,85086.20136618546,86194.6538741747,898.79678404227
2024-11-04 16:00:00,85381.74408942279,86822.64493837488,85184.44651808369,85310.30724374765,819.8736080306066
2024-11-04 20:00:00,86635.16338847877,87534.46390544379,85238.10417257118,87019.8757717208,1131.3294966240933
2024-11-05 00:00:00,85843.67929032858,86515.651982141,85157.12738353046,86114.67708409531,1040.047380925217
2024-11-05 04:00:00,86510.00911911532,88143.57752233183,86165.03637248756,86320.28478153727,994.1881571078826
2024-11-05 08:00:00,86074.23457164667,86898.03995724299,84478.53576575423,85692.158583135,841.7563045608618
2024-11-05 12:00:00,87073.39256967687,87339.83199415806,86186.58190422876,86906.59817852537,974.469664456481
2024-11-05 16:00:00,87357.83772539465,87515.57142927143,86356.8340431778,87429.85059733802,1132.0905809135018
2024-11-05 20:00:00,86021.74326740077,87478.51211598798,85739.46834616073,86334.15975129885,895.0156348376702
2024-11-06 00:00:00,88368.02154498351,89197.03440137702,87259.73007351259,88032.06384741521,1053.5388066253345
2024-11-06 04:00:00,88167.53308624569,88198.50640613504,87124.35737958967,87738.75181535802,828.086083748635
2024-11-06 08:00:00,85681.2365973254,85948.54935708322,84302.40709663864,85591.55060283074,1030.2717153747278
2024-11-06 12:00:00,87154.20833605259,87796.61441173982,86300.97884451588,87011.84493160949,864.0295293458848
2024-11-06 16:00:00,87150.25833857441,88079.69731877152,86020.98708646501,87411.06321318923,946.993543695508
2024-11-06 20:00:00,88475.10854287521,89047.41992406537,87500.6445021946,88180.90166708532,1125.811592628612
2024-11-07 00:00:00,86511.09356983917,87754.97002373838,85126.04138705258,86138.96259162278,1013.3460934514708
2024-11-07 04:00:00,85872.02935988501,87350.27652343783,84825.11670003115,86242.97073919837,1196.3519244967727
2024-11-07 08:00:00,87676.91736477205,88931.44561112682,87618.79961645529,87773.42939167313,969.6899413583349
2024-11-07 12:00:00,85941.8419719731,86840.78544073968,84758.66164994905,85795.14424916638,1157.4909370258542
2024-11-07 16:00:00,87720.11392945972,87892.8886424675,87575.11315898068,87890.84432273464,1188.6336422119593
2024-11-07 20:00:00,85924.52827187582,87711.32215755394,84369.0288514375,86045.69409631229,1176.6494118025005
2024-11-08 00:00:00,85786.46029310802,87015.49132315663,84433.99652602154,86051.92476839291,972.9930089871336
2024-11-08 04:00:00,88009.6919836469,88222.3169353855,87516.99279289755,88014.02896830192,1065.9400255271653
2024-11-08 08:00:00,86938.73495860482,88378.01386267712,86136.71718957825,86740.99889239324,939.2640234347758
2024-11-08 12:00:00,87880.42886201211,87924.59343266164,87339.21385480589,87911.71995738159,858.7430288014382
2024-11-08 16:00:00,86133.86563832866,87188.03221874019,84417.17556408656,86159.63547879837,977.0563698920732
2024-11-08 20:00:00,86531.1150885451,88000.41715980766,85891.35210935237,86712.23257816206,979.4625941626259
2024-11-09 00:00:00,86061.5614415223,88207.29115024532,85446.47919660289,86488.38189721998,1188.0020840229788
2024-11-09 04:00:00,88196.75014216574,89486.3519931658,88023.5787882343,88370.42353514154,1027.9944553605087
2024-11-09 08:00:00,88555.4029963118,89394.03332953299,87174.44988999484,88343.69152786839,964.9552780937902
2024-11-09 12:00:00,86786.52223775163,87598.34079955521,86138.78335769246,86671.10517898877,1072.6945618809011
2024-11-09 16:00:00,87386.0918940301,88522.74296377387,85717.04798749677,87594.96730471248,1129.3659962981728
2024-11-09 20:00:00,86123.43998832448,87682.8621397259,86119.8120119942,86189.89797582112,874.212092240639
2024-11-10 00:00:00,87557.46851605536,88106.32603867528,87059.35902710285,87178.26134777993,1018.6787139645992
2024-11-10 04:00:00,86726.70732777803,87967.07298511158,85795.5223413475,86681.66346286763,962.2219484782659
2024-11-10 08:00:00,87602.24446732819,89133.79397626263,86929.32592788471,87686.03893575323,1106.5916375513038
2024-11-10 12:00:00,87661.35341590122,88749.22016541898,87142.51526326683,87910.03349008247,993.1114198010466
2024-11-10 16:00:00,87396.60967480174,88836.0890832037,85588.44017970473,87064.22186804691,1080.5215902811865
2024-11-10 20:00:00,87659.2670889511,88874.2464371224,86160.92171421899,87721.85412298857,1104.0216143579946
2024-11-11 00:00:00,88250.10072032489,89732.9533704664,88140.91087244597,88346.6594204572,1083.4077922961656
2024-11-11 04:00:00,86876.34639602777,87894.39517207084,86340.425155906,86558.36917204918,941.7086706587528
2024-11-11 08:00:00,87484.16913309164,88598.2964157184,87091.78781778004,87741.81277790002,872.7187648444692
2024-11-11 12:00:00,87291.97566939097,88745.92767362429,86227.48598387839,87670.57228670729,1191.1891513255384
2024-11-11 16:00:00,86923.17596494066,88598.23279681719,85963.52658183375,86555.40382868199,1120.0658114933485
2024-11-11 20:00:00,86947.30480215658,88255.4307970358,85651.14622054104,87333.42425147885,982.819764473353
2024-11-12 00:00:00,86943.09414987214,88602.21695398315,85802.34389261779,86780.03568738092,950.7542544360033
2024-11-12 04:00:00,86853.472204969,87281.16274339017,85842.37736978946,87270.46179499684,1100.2685880279041
2024-11-12 08:00:00,88979.42300144999,89473.89640603724,88267.458616587,88956.12727678288,1062.589967114944
2024-11-12 12:00:00,88396.95288121956,89804.77719647194,87277.33248310421,87965.10086268108,1178.9510054473565
2024-11-12 16:00:00,86735.3736525554,87362.28672447057,85952.60487138292,87086.7408351467,821.5783214665388
2024-11-12 20:00:00,88198.96012617687,88804.25205411467,86194.48356778309,87837.1813810856,924.6531373509642
2024-11-13 00:00:00,89129.11960211511,89770.78392993959,88896.90452032229,89152.44352515941,1176.4195328753565
2024-11-13 04:00:00,89285.68585746722,89540.66953585997,88538.29320029468,89020.41721779329,1015.5049415077704
2024-11-13 08:00:00,88410.54033777193,88749.6484071132,86235.42565884611,87976.67603434679,894.9431973153401
2024-11-13 12:00:00,87107.87757098567,88535.7321538465,85568.58815606836,87146.27561432969,1114.0613012893568
2024-11-13 16:00:00,88511.60199918019,88705.10320888298,88243.30311919119,88519.06691438156,884.6388682016074
2024-11-13 20:00:00,88210.42001276677,89243.69166079699,87542.88773710122,88583.02522713771,876.0194714567994
2024-11-14 00:00:00,88356.54613102059,88403.3675920717,87087.44601551832,87927.22808020517,1034.2084772498729
2024-11-14 04:00:00,89048.49902898424,90856.2618253931,87753.2746983191,89208.88489604734,981.3214933853234
2024-11-14 08:00:00,87287.20810023184,87759.21655802465,85855.94173832824,87652.441419387,1123.2330993784867
2024-11-14 12:00:00,87411.32470584655,87928.78031623692,86061.16069493428,87772.76127009316,1009.8747009719593
2024-11-14 16:00:00,87224.45102568937,89204.63539831365,86430.032277342,87609.94620891812,1011.0113249482965
2024-11-14 20:00:00,88106.47207227307,89108.07527486954,87488.68359472041,88360.34642753449,1010.3898950801404
2024-11-15 00:00:00,88175.40952816214,88589.89278546751,87471.69031147008,88527.60335580808,903.8143234221643
2024-11-15 04:00:00,89139.25105797203,90066.29592033016,89084.75593172088,89442.33351198367,977.7562026785595
2024-11-15 08:00:00,88725.96550910504,89106.99419619063,87132.16262514309,88646.98324479732,897.3510461149538
2024-11-15 12:00:00,87502.63902222016,88378.71560463002,87124.16201182755,87598.28411719788,1065.740268564647
2024-11-15 16:00:00,88531.02835030275,89468.65747923123,88296.68874818744,88733.81282243998,1136.5203683351124
2024-11-15 20:00:00,87701.38045528055,88014.82328695693,87204.40963977404,87972.13316746037,1120.5960220383085
2024-11-16 00:00:00,87084.50159802756,88666.028759012,85805.92996148842,87311.26522151777,1136.1726063631277
2024-11-16 04:00:00,87759.43702374764,88186.51149049141,86246.80646999751,88077.19146538465,1028.8432721836489
2024-11-16 08:00:00,87449.01327665635,88064.65918711333,87343.80030504617,87450.93505780342,889.2264826844862
2024-11-16 12:00:00,88556.30141358869,89499.90805856838,87425.37273223986,88798.24657297603,939.3862284343057
2024-11-16 16:00:00,88362.38115403133,88677.20463582748,88307.90500653486,88416.00115467154,890.1950437372559
2024-11-16 20:00:00,86845.52811381134,87704.50830451467,85234.80035019701,87228.42111220742,869.9260469283138
2024-11-17 00:00:00,88973.68766209597,90133.46578532347,87726.99818851046,88948.0923761191,1173.8797002754027
2024-11-17 04:00:00,88089.16775909351,89071.17308850694,87122.1037558793,87654.73946354275,897.931290181009
2024-11-17 08:00:00,90230.79204289628,90901.87827286244,88076.93049914774,89793.2816501128,1181.515526255548
2024-11-17 12:00:00,88858.17684543198,90386.54756468859,87963.49408902085,88783.79541651362,1052.9044286776116
2024-11-17 16:00:00,89039.9112054398,89861.90512318599,88825.82615635234,89227.76025251063,1114.6764703859694
2024-11-17 20:00:00,89400.70212636057,91096.42515414541,87654.64379597755,89320.92178155018,1093.9751373230438
2024-11-18 00:00:00,89739.61273112662,89801.60860911557,89540.32451756585,89570.45261249307,940.5647981670583
2024-11-18 04:00:00,90010.92609703634,90031.75595560405,88540.42092531423,89754.22330255376,1115.406854086255
2024-11-18 08:00:00,88512.36289993096,90239.8685152916,87211.69887172319,88227.1792743363,1019.3954465451018
2024-11-18 12:00:00,87857.80167037035,88347.15837994988,87573.8754927716,87862.0807265364,1100.7588005102727
2024-11-18 16:00:00,87682.30603629194,89070.16414043549,87580.81215481211,87937.01054066053,830.481613587032
2024-11-18 20:00:00,89075.48864520241,90067.7653732064,88870.55673047705,89101.58493394495,928.9288425901403
2024-11-19 00:00:00,88627.29126656486,89138.0054515448,87094.18984301404,88282.29105145377,998.1577532730304
2024-11-19 04:00:00,88032.48232777759,88778.703853528,87111.98941109501,87681.29909629255,869.3077556192507
2024-11-19 08:00:00,89612.10220544622,91408.27478951165,89501.73004798299,89844.847152143,935.1760272412015
2024-11-19 12:00:00,89585.49744460656,89771.80814900072,88944.08686645616,89556.92541674005,949.4472117919456
2024-11-19 16:00:00,89038.34523675687,89854.80805031603,87914.79724863723,89068.02110127005,1160.4544192141218
2024-11-19 20:00:00,89403.46063291114,90528.1088486982,88620.74995595492,89081.31776846136,1131.6240683490537
2024-11-20 00:00:00,89187.30268715946,90820.78457933721,87703.90098169025,89460.50591727832,923.4368307200965
2024-11-20 04:00:00,88747.02630093948,89488.05294674404,88142.98624220064,88439.19180761465,837.1262649178695
2024-11-20 08:00:00,90275.3494692125,90661.28061616844,89508.10986087253,90025.18478375467,1082.8514559433977
2024-11-20 12:00:00,89584.23174326979,90636.48872711287,89121.34019559926,90007.77656613356,1039.6247058042277
2024-11-20 16:00:00,87643.90265629801,88102.00350756543,86239.09690430573,87586.39255712241,1195.5830557649297
2024-11-20 20:00:00,88197.7706536163,89102.17070688949,87139.21452533573,88471.86953199105,936.202380131542
2024-11-21 00:00:00,89352.44977608809,90940.76876530577,88782.65338256756,89575.32676405639,1169.6291851263818
2024-11-21 04:00:00,90063.47080879437,90297.57205775971,88798.23345165724,89832.63523707824,1196.9524905086378
2024-11-21 08:00:00,89519.0973247445,90287.44163845225,88103.20361358178,89389.07565971657,841.225102925094
2024-11-21 12:00:00,88915.77894775776,89821.97717253587,87907.99081343357,88975.5795641481,847.1588742079811
2024-11-21 16:00:00,88340.65870636966,88905.55611136743,86440.26823591435,88006.14661664014,844.8075699300525
2024-11-21 20:00:00,89086.48226912704,90779.99342510317,86928.71618860491,88678.42083564008,1195.4186249994077
2024-11-22 00:00:00,89009.67240442033,89020.39156790792,88858.5875583999,88929.35437299707,968.3413687245909
2024-11-22 04:00:00,89938.58435526484,91792.48943516299,89037.12759402355,90381.11426344901,843.989827940827
2024-11-22 08:00:00,88042.76436942481,89148.21581353448,87242.49833358874,88173.01664729575,905.6934338197125
2024-11-22 12:00:00,87944.07393501251,88087.75935413444,86941.38388346268,87886.17173024437,1112.6119365148543
2024-11-22 16:00:00,89821.60220209921,90243.64413082453,88678.56321642332,90051.14235434258,1014.432394897535
2024-11-22 20:00:00,87904.56116815578,89170.76104698802,86962.39691930568,88318.45319255629,1051.739639248659
2024-11-23 00:00:00,88416.28281998255,88957.03501973976,86787.68954097237,88061.43094929901,1175.4829970148915
2024-11-23 04:00:00,88642.74684096884,89589.88361569727,87499.6500060232,88228.05678988305,803.2537006741724
2024-11-23 08:00:00,88600.46935489646,89847.2478369976,87960.90030878826,88856.64808643208,891.6755450128792
2024-11-23 12:00:00,90082.68769121477,90252.67150080575,88099.00627764812,89666.21434536629,1020.115716018454
2024-11-23 16:00:00,89942.31683669263,91211.24461187731,88929.98101026165,89835.13045875261,861.2991234559843
2024-11-23 20:00:00,88421.56643054202,89140.83538691381,88321.31455191024,88695.447596875,992.1041122295725
2024-11-24 00:00:00,89210.4082456375,89305.25790621965,88519.59047472183,89170.69867777235,1039.393345071281
2024-11-24 04:00:00,89201.94552101319,90624.78243096896,88192.54141321237,89006.8082136874,913.6210064687623
2024-11-24 08:00:00,90632.45256092749,91432.67619500817,90563.76170769286,90729.07131211477,1149.2982445683328
2024-11-24 12:00:00,90059.85579858786,90737.97215918633,88317.88197095139,90151.74484198044,990.0745678973425
2024-11-24 16:00:00,89922.80324221145,91408.6030891096,88829.38577792588,89975.79943995517,804.7323416338147
2024-11-24 20:00:00,88489.06521665012,88599.60133338935,87927.7906187673,88556.03278994178,888.5810844708077
2024-11-25 00:00:00,89159.96911342585,89650.4219240739,88597.70668260986,89330.34613937193,1174.324039955301
2024-11-25 04:00:00,90051.35057977072,90301.14712984246,89506.33963811865,89781.75842668247,840.9574972293207
2024-11-25 08:00:00,90925.03809577649,92530.10027385755,90545.38828806598,90971.62692250755,965.0179875560004
2024-11-25 12:00:00,90248.0418930855,91274.69059193804,88870.22219171419,90350.58739325752,1167.8732776872557
2024-11-25 16:00:00,89154.64905365916,90353.72461237252,87812.47098580752,88807.19831981344,1117.3303833024988
2024-11-25 20:00:00,89258.24624678591,89612.72453941635,88832.84292321275,89335.8291449999,1167.2436350102446
2024-11-26 00:00:00,90701.41295000931,91410.05157525606,90591.54974109179,90905.79336036988,956.0385041683161
2024-11-26 04:00:00,90517.34125314564,90963.9158979061,88755.82215521438,90136.70268942376,1156.4933343820985
2024-11-26 08:00:00,90601.97425243979,91360.39347767134,90384.22229997076,90685.99912539392,1000.5876270880746
2024-11-26 12:00:00,90362.45990645203,91961.73067924897,88916.77876019478,90114.13366053588,859.4705608672435
2024-11-26 16:00:00,89493.51158459717,89743.23008700606,87659.9694046253,89269.94676363507,958.6743770230377
2024-11-26 20:00:00,89178.13913630086,90775.13542705453,88378.9707611619,89222.23703173603,892.6201870728817
2024-11-27 00:00:00,89206.04932041801,90081.36791498821,88349.00469237493,89045.37459001844,1104.359255641395
2024-11-27 04:00:00,88662.35551087886,89142.15989692372,87932.97053925322,88762.17347454245,1136.4232274881376
2024-11-27 08:00:00,91431.94121674342,92405.42693598109,90069.01890045045,91016.37206055132,1177.0933380260037
2024-11-27 12:00:00,89156.41758126173,90121.22082381506,87735.67123400987,89183.95737495665,937.6700932488693
2024-11-27 16:00:00,90764.90183830162,92581.74739893943,90445.80439334484,90884.06129995821,1178.9869894725737
2024-11-27 20:00:00,88754.23966068754,89928.41437613637,87487.27568323497,89108.08533243756,887.2323661586179
2024-11-28 00:00:00,90375.88447433844,91874.54935487843,89260.51500458604,90777.60675897768,1116.8958965200275
2024-11-28 04:00:00,90540.14437435269,91049.18089050992,88936.1327743469,90974.82424503383,822.8632801911203
2024-11-28 08:00:00,91199.608371051,91553.70876133305,90764.17817223891,91259.18262973908,1179.3310115980394
2024-11-28 12:00:00,89144.0971804615,90354.05044887873,88520.09171969215,89152.06754043256,1140.0855133626214
2024-11-28 16:00:00,90645.0508101774,92367.02278717037,89209.5918631936,90739.15096194754,804.4198414640503
2024-11-28 20:00:00,90070.33858045378,90312.3112925814,90018.48363492345,90102.92954734634,839.8764664041643
2024-11-29 00:00:00,90065.9036144642,91132.43150094527,89129.19838095848,89942.11016038555,918.07887134994
2024-11-29 04:00:00,89328.78581598865,90255.20260299914,87865.92928343845,89044.64697765921,1025.663145318012
2024-11-29 08:00:00,88676.00744868943,89445.98491014098,87096.26662372725,89029.68416742519,911.3661785894883
2024-11-29 12:00:00,89656.2561198227,91406.54154151479,87956.66715283187,89236.55206556921,1145.6799736732096
2024-11-29 16:00:00,89084.25716933193,90244.92049205786,88421.09593783847,89226.56482243985,910.773974083747
2024-11-29 20:00:00,91620.88532799305,91631.0195113666,90012.02321647546,91394.07170646238,1025.7937458999281
2024-11-30 00:00:00,90876.22214831585,91793.29092282293,90624.76888582946,91078.43052932332,1097.5316696556079
2024-11-30 04:00:00,90740.64763216465,92028.61239932782,89056.49206210968,90900.89202613577,1127.7129776817512
2024-11-30 08:00:00,91120.52255792079,91833.0688876654,89966.8493717209,91033.5888355784,804.6088829790401
2024-11-30 12:00:00,89463.37802112367,91150.8081100325,87680.3767189954,89484.00502852762,1153.9704503402966
2024-11-30 16:00:00,90300.08404673703,91951.57902768091,88691.54703343452,90035.17267819047,1190.9339018907608
2024-11-30 20:00:00,89323.52290415739,90846.37750871289,88109.46548399438,89089.63609220648,1036.7223876790997
2024-12-01 00:00:00,89069.05843255519,90542.18512295523,88932.40604134627,89425.77509649938,1191.5910039205387
2024-12-01 04:00:00,89878.423461323,90487.6157567623,89108.79216641342,89946.87575223003,875.0404158556291
2024-12-01 08:00:00,91558.90080083447,92439.92121721136,91037.78067772368,91191.71711169498,1041.2676914796248
2024-12-01 12:00:00,90029.24456781038,91247.3134704834,89863.19153613767,90109.40040481901,1185.0848843821636
2024-12-01 16:00:00,90000.39984009977,91754.8329092101,88784.0343950459,89893.8102734091,952.4115140865233
2024-12-01 20:00:00,89831.09477359938,91644.34396908377,88655.10711001423,89966.5656776299,1070.1103720282313
2024-12-02 00:00:00,90537.09805094183,91277.64833742984,88799.73010444241,90579.92689033077,956.5347034466672
2024-12-02 04:00:00,90176.9938009704,91383.13974693627,89764.89273702532,90132.23263859423,1053.5577380306056
2024-12-02 08:00:00,89950.16569487349,89964.08039788707,88812.95556818868,89775.66520916243,1139.8977964460225
2024-12-02 12:00:00,89563.52984557462,89823.08434765784,88104.32651039485,89312.05475163083,1125.050375595477
2024-12-02 16:00:00,89840.42801508027,91882.14139238338,88764.5919644111,90176.09000100127,1196.3843273591222
2024-12-02 20:00:00,90205.20086445082,90685.08184031412,88591.24698155161,89847.92875529434,819.57772516981
2024-12-03 00:00:00,91850.92034965254,92293.20068415478,91261.01184222425,91664.58387964,965.8046680061609
2024-12-03 04:00:00,91775.62663856988,92016.54227741242,90496.19855983846,91727.67594491385,1069.1090060263841
2024-12-03 08:00:00,90125.28025124881,91035.0604583289,88336.20052828344,90519.1736708992,1145.4147451107522
2024-12-03 12:00:00,90531.72034146545,92128.66533655496,88769.24435904194,90446.64395682972,1002.6520744588082
2024-12-03 16:00:00,89275.20953920974,89800.87155824438,88436.10620743185,89657.69392719796,804.6997914828538
2024-12-03 20:00:00,91857.08494619867,92334.7492873793,90715.952179319,91533.38706514199,901.7581972192602
2024-12-04 00:00:00,91821.25631719832,92059.86554584582,90467.25512891743,91623.36419522062,1182.7157733822746
2024-12-04 04:00:00,89830.0322050458,89921.57633685105,89266.3873157076,89738.79099107721,1178.5359376618574
2024-12-04 08:00:00,90866.64838690787,92895.90179094183,90107.3482397277,91196.82490383316,1184.995494709091
2024-12-04 12:00:00,89399.26063360428,89794.18868225053,88498.02772703851,89680.14655125211,860.6195073361165
2024-12-04 16:00:00,91681.57815260752,93491.35303234178,90238.40895896275,92007.81462239324,956.9593533388556
2024-12-04 20:00:00,91647.88323204318,93306.98328221616,91176.41701151794,91951.33912109116,1017.2068109097726
2024-12-05 00:00:00,89890.94772633856,90894.88326940229,89817.44458515555,90309.98120648981,843.2652213496009
2024-12-05 04:00:00,91408.33038484065,93021.8893408034,89819.69750176117,91489.34765268143,817.3659688688325
2024-12-05 08:00:00,91619.06230166847,92504.9335115026,90506.92740383846,91295.59011630592,991.2316720387273
2024-12-05 12:00:00,91568.74977730346,93157.77271191,90327.93705094323,91814.94618486903,804.7601721040976
2024-12-05 16:00:00,90195.71690035086,90617.9905007173,89529.7937352521,89993.72141064463,854.5103740455017
2024-12-05 20:00:00,91345.38807277098,93078.03647784363,90298.42379507286,91178.95378528131,1075.0115740373944
2024-12-06 00:00:00,91939.09203996745,93285.73231860812,91423.12120135823,91866.73782426832,1180.4842993687364
2024-12-06 04:00:00,92042.30545677252,93341.83229156371,91492.81945320379,92245.5941517725,919.2108440383332
2024-12-06 08:00:00,92377.26391837983,93804.02694862061,91791.01504962395,92004.7354372334,811.7697650272702
2024-12-06 12:00:00,89969.38888716373,91754.58287527665,89884.32352174859,90238.11297334927,1161.9615137144679
2024-12-06 16:00:00,91189.85456265749,92556.47223559476,90596.06413108035,91520.08498748075,924.1542076729291
2024-12-06 20:00:00,91322.96761532113,92010.22980506663,91075.73097596534,91606.56487798081,1183.3768062783715
2024-12-07 00:00:00,91795.76100211339,92234.55668504788,90374.6613269868,91947.38808643473,1119.320062481753
2024-12-07 04:00:00,90055.56042860707,91690.50438303404,88347.1557730085,90371.77009045858,1132.900279151634
2024-12-07 08:00:00,90199.69942707475,91380.82393110673,88464.45374157741,90223.41118611624,997.073636437612
2024-12-07 12:00:00,91124.53932477265,93037.53617859265,90662.26351726087,91338.92508219955,1025.7159989631384
2024-12-07 16:00:00,90424.00431515629,92172.45810928702,89350.09597742309,90031.90211725458,935.5256861895642
2024-12-07 20:00:00,91362.03310348546,91817.79526747495,90392.99993229096,90957.34764921239,1186.352803404852
2024-12-08 00:00:00,90090.09831885836,90829.31260976892,89593.33147756293,90252.38521722531,974.4077102514541
2024-12-08 04:00:00,91304.27601097291,91686.26035077972,90938.69551410156,91035.28155612065,1075.6348656387422
2024-12-08 08:00:00,91937.30789670926,92387.07311444501,91114.14648706456,92324.27621025093,856.1328811038119
2024-12-08 12:00:00,90616.35422274614,90688.68570594049,90116.82448033607,90319.09581600483,979.6859846971172
2024-12-08 16:00:00,91761.59970087683,93771.76818693458,90128.1926053203,92068.46766157998,1054.233082567811
2024-12-08 20:00:00,91803.02679594234,92957.9392945189,89986.7080800599,91822.0804277967,1184.724683361932
2024-12-09 00:00:00,92043.2462050527,93795.9188570755,91055.93344149482,91826.76503756724,1028.014982085318
2024-12-09 04:00:00,91623.24954708655,92372.4982532685,90510.68326855265,91520.7834123417,1177.957404775018
2024-12-09 08:00:00,91148.3856512225,92761.08731263895,90494.8357410894,91553.79048352026,1106.6117218890085
2024-12-09 12:00:00,91595.71197840317,92299.96553103934,90564.71856741274,91215.96653219835,983.0870222411277
2024-12-09 16:00:00,92462.1640031511,93765.1516714631,91529.2277354456,92233.59004962991,1012.296271220318
2024-12-09 20:00:00,92163.08424117172,94196.82901266187,92025.97335579032,92599.05958952775,1079.3342806564244
2024-12-10 00:00:00,91391.3007273729,92422.61180988423,90429.1997819105,91803.14113653745,976.6360588764715
2024-12-10 04:00:00,91875.38437336076,92630.85061770916,91037.40891740505,91769.39087007349,1099.2132272569615
2024-12-10 08:00:00,92803.14993034663,93097.1650257992,91719.0008776717,92734.99047504249,957.6884682566408
2024-12-10 12:00:00,92595.51132384778,94307.91643496857,91917.9445554265,92197.1321075124,832.5736531565316
2024-12-10 16:00:00,92921.741389493,94410.82616794019,90857.3908538539,92468.02321373415,1002.7411257101248
2024-12-10 20:00:00,92569.58137600838,93048.16910384243,91221.17724437016,92122.9984647343,1030.4980537824554
2024-12-11 00:00:00,91554.00292269606,92227.6447994491,90736.23095224724,91841.68754459913,1161.031147998917
2024-12-11 04:00:00,92089.28442714582,93847.84124336272,91037.38674782918,92312.58477764836,937.790545491933
2024-12-11 08:00:00,90830.26123819173,92874.16908259691,89674.66788805318,91092.13293941073,921.418379835306
2024-12-11 12:00:00,90887.32980224269,92162.49174534183,90349.85171186244,90846.10879527565,1053.6314983755053
2024-12-11 16:00:00,91864.72293600562,92511.82257475556,91507.0096707526,91785.12472080282,1059.1174333996569
2024-12-11 20:00:00,92380.52153415834,92748.85745175478,90774.81884917711,92001.44129688607,1107.2583389015083
2024-12-12 00:00:00,92895.08477109918,94215.05969785695,91538.24060206876,93014.09624448554,1070.3581414706352
2024-12-12 04:00:00,91320.78345033106,91541.22389164289,89596.97818346163,91064.17746066082,1038.2406747311109
2024-12-12 08:00:00,90819.78537531405,91781.00379210865,90199.97562688787,90784.10961830277,1175.888084315755
2024-12-12 12:00:00,90984.76763207489,91817.4099291948,90108.87481749961,91068.93367878614,805.0657094966981
2024-12-12 16:00:00,91963.93980048853,92828.03505622614,91761.89365231949,91882.83993812339,953.3469183195122
2024-12-12 20:00:00,92672.13739005248,94254.61721529535,92272.45849352943,92623.36857420292,1036.4674149692746
2024-12-13 00:00:00,90909.85353085071,92785.92768146991,89517.74993901886,91179.40592268514,1160.779337584424
2024-12-13 04:00:00,91870.37244003014,92771.4533365626,90619.99806785822,91607.30338629978,1181.4020289442608
2024-12-13 08:00:00,93367.58042977253,93718.95402765606,93176.30760066984,93341.5218094985,1148.7189140404544
2024-12-13 12:00:00,91929.2186917761,92350.87676465303,91545.03518039067,92098.8251715286,968.9294375873876
2024-12-13 16:00:00,92509.46110988218,94042.35070877045,90843.06312636858,92718.49554809391,809.3099300937539
2024-12-13 20:00:00,90834.98380093751,92676.30703409186,90595.2775796088,91248.1414163621,1142.8849780248124
2024-12-14 00:00:00,91304.83154799866,91721.18916180995,90170.09683756488,91334.80465319694,1014.5546595618234
2024-12-14 04:00:00,93525.69778690486,95185.27209471814,91408.697274332,93213.00870759715,838.0841961043714
2024-12-14 08:00:00,92105.12317832079,93688.39872500891,90920.10139806892,92528.06725336074,1076.6968683631071
2024-12-14 12:00:00,93279.63634765237,94314.71040536505,91871.33157241585,93644.84815367604,1063.6655918411802
2024-12-14 16:00:00,92504.13993349229,92766.13607907586,92445.34486895606,92604.83212631107,938.6889881678217
2024-12-14 20:00:00,92501.32582100935,93214.10879076828,90458.281338738,92061.29309121842,1178.140941677699
2024-12-15 00:00:00,92702.68855325865,93700.5199318099,91604.97016235361,92486.9151461738,927.354238045306
2024-12-15 04:00:00,91831.06780850828,93077.19747056627,91401.41362256746,91947.67487162656,920.1567625047975
2024-12-15 08:00:00,92747.57714096746,94983.44100994137,91674.36329466892,93186.90250883019,1087.4356696351208
2024-12-15 12:00:00,93793.25357942571,94172.4059296598,93160.57998550158,93556.6136545287,1116.953470139785
2024-12-15 16:00:00,91409.77710244326,92740.5787438365,90702.55024438121,91692.2660973574,998.7493598263959
2024-12-15 20:00:00,94227.30628550988,95840.06946709851,93699.91007848649,93765.99073506356,1098.8177897490386
2024-12-16 00:00:00,92175.81388577912,92870.94350452398,91231.81481586538,91999.46307698182,896.5556003963231
2024-12-16 04:00:00,92431.59849156503,93559.66715598456,92005.39050565717,92759.92902345007,846.9836788605727
2024-12-16 08:00:00,93004.79350410202,94598.22177868515,92479.96194287446,92935.09018268388,855.5740879458353
2024-12-16 12:00:00,92910.84488645529,94028.00182531164,91385.82617102336,93054.86703971493,1161.2014690680276
2024-12-16 16:00:00,92337.20188021523,92798.42892015819,90721.25587803966,92083.33564924292,818.5650092572055
2024-12-16 20:00:00,92393.63711581698,93009.9340252265,91818.25372893277,92440.48538688725,839.7978017748942
2024-12-17 00:00:00,93482.43092150854,94988.37956670242,92699.29833194442,93753.12958146966,976.336872673929
2024-12-17 04:00:00,93426.4707577631,94003.8087372223,91594.03975344542,93360.27829884076,1099.194274789801
2024-12-17 08:00:00,91706.7296836544,93430.76146492753,91481.5936161791,91726.60837505247,1113.4338859250247
2024-12-17 12:00:00,92149.6849319144,93677.86865198158,91090.66654141204,92558.5021302613,999.5535951937917
2024-12-17 16:00:00,92145.25782391641,92206.8030990189,90799.67992660121,92203.62134499439,967.8811420742479
2024-12-17 20:00:00,91943.42762903395,92715.16424470101,91678.89530634666,91951.80730717727,875.4678485461178
2024-12-18 00:00:00,92402.1245182807,93497.72173108492,91733.15359198264,92604.22978150198,1037.9748692624257
2024-12-18 04:00:00,93065.15422708447,93824.72379214113,92645.81805311331,93012.375025582,886.8992039979642
2024-12-18 08:00:00,94376.93720378555,94399.5121113463,92964.97254285884,94279.00152716096,846.4430987864657
2024-12-18 12:00:00,92327.33394825913,93139.97574427325,91357.6205812767,92087.31376999978,1174.9691701945985
2024-12-18 16:00:00,93558.19880650105,94336.90545045942,92378.00843553,93924.89995716362,1155.7247314136903
2024-12-18 20:00:00,92227.11805422211,92718.90977582351,91026.31674258833,92480.68912617942,824.0646839943255
2024-12-19 00:00:00,91702.3204200952,92338.97982739304,91116.17359721592,91739.23266967294,921.8316897304578
2024-12-19 04:00:00,92305.44325851716,92841.16416156692,91850.48133145149,92535.68206879875,868.5529162670136
2024-12-19 08:00:00,91517.98489402523,92261.03829047292,90714.83210819903,91915.27365885246,824.8632397920561
2024-12-19 12:00:00,93528.40905397362,93953.33339923027,92839.145680791,93511.8708909483,844.7803310615312
2024-12-19 16:00:00,91726.74533994636,91943.48416865116,91629.18895571986,91873.18865881558,1177.573047547394
2024-12-19 20:00:00,92302.76000514708,93932.22374466772,90538.34316777755,92197.7002856838,1008.9278693069073
2024-12-20 00:00:00,93822.4035989437,94943.3181428816,93338.54214273952,93735.25159481684,975.5984480900104
2024-12-20 04:00:00,92087.96111518063,93595.84339172985,90749.240504334,91882.10668627264,822.835957740153
2024-12-20 08:00:00,93200.641349695,94856.49060991924,92256.36037489545,93153.65836060296,1146.9953498855878
2024-12-20 12:00:00,94345.79819764987,96209.38015380772,93660.54166393701,94602.99302304139,1084.6970507423443
2024-12-20 16:00:00,93803.13273964547,94485.5071755515,93724.29010759362,94093.82794798446,925.7102651338936
2024-12-20 20:00:00,93416.64252591852,94530.22679665647,91771.93056358166,93000.19054376619,841.1568727484841
2024-12-21 00:00:00,93132.14087996665,94784.12277312543,91960.3359574314,92993.5233613705,1081.2587542708552
2024-12-21 04:00:00,94041.13562434929,95347.39859209475,91931.69303742031,93794.98515617226,1136.5087233966294
2024-12-21 08:00:00,93618.99566144886,94096.45567270179,91867.15456156331,93475.60185963879,801.1808936121131
2024-12-21 12:00:00,92535.84544944085,93776.6980119285,91742.94051965057,92625.13685833768,899.7187970975639
2024-12-21 16:00:00,93700.62867069026,93700.94265326313,91887.60629467678,93343.58532361333,979.3022871350797
2024-12-21 20:00:00,94108.84361872914,94634.74263107732,93000.7111779936,93821.69434849458,802.4940017298729
2024-12-22 00:00:00,92941.6066321923,93834.49704911624,91054.1261487117,92684.99604975055,1089.596672178545
2024-12-22 04:00:00,93379.57753908329,93859.63871230981,92489.8558807878,93749.94276389628,889.6905261541513
2024-12-22 08:00:00,92355.07662865569,93609.6918291795,91430.58125024175,92471.90994955423,918.2711064426402
2024-12-22 12:00:00,94384.40851812012,95727.7102189663,92896.9945657808,94343.5339905566,1080.0015965553043
2024-12-22 16:00:00,94330.5447210671,95465.41627492309,92510.16859934281,94035.314766366,1116.4765981567257
2024-12-22 20:00:00,93957.34879599065,95948.26924609324,92817.89229159529,94227.28040137085,805.3056300381353
2024-12-23 00:00:00,92116.74611081225,92996.74249843918,90646.45248113567,92496.0976456996,969.6668012708145
2024-12-23 04:00:00,93109.43932012837,93462.83603332411,92533.9448669222,93016.50540178598,957.7316031444853
2024-12-23 08:00:00,93020.96106784546,93784.96674728542,91221.92697571611,92803.3116992472,1030.1796928180545
2024-12-23 12:00:00,93275.70817118848,94574.13315217875,93134.13900732546,93704.99735314344,1032.3341520828144
2024-12-23 16:00:00,93002.35981638951,93742.23326869104,92069.0118718358,92738.94662164483,961.8392763524017
2024-12-23 20:00:00,94874.70837487774,95362.500233262,93271.74709777632,94722.7998294856,963.522522493923
2024-12-24 00:00:00,93766.56491814923,94301.92820827647,93400.24015147272,93597.55352802838,842.8405530663935
2024-12-24 04:00:00,93001.47460540444,93026.67623894016,92557.28782101865,92581.62731751396,1031.5965026794206
2024-12-24 08:00:00,94466.30287746905,95513.07598933333,93937.26290579063,94652.70788822591,1197.973939206455
2024-12-24 12:00:00,92624.3558629198,93398.7358993191,91047.61709363511,92947.97364555158,1088.5585758391076
2024-12-24 16:00:00,93684.53539750626,94415.83599238248,92529.67826904453,94144.96281322892,1142.8227772517846
2024-12-24 20:00:00,94005.0744506595,94243.94052061171,92057.6656898644,93828.35771368847,1189.1307881891855
2024-12-25 00:00:00,94895.9288074528,95430.65071126408,94612.63147435007,95211.66398607919,890.752170081807
2024-12-25 04:00:00,92279.66539882308,93434.37214876569,92037.47756416636,92658.44582698589,1101.1953712599275
2024-12-25 08:00:00,92992.76385242217,93165.15098648095,92330.1996309574,92689.97060168476,1170.2380434956408
2024-12-25 12:00:00,94282.80639188006,96254.60789672875,92592.47621359864,94385.40707139127,1093.8841125675717
2024-12-25 16:00:00,93756.67936015058,94578.00840814126,93216.70279893202,93493.76520092886,1102.0501887633457
2024-12-25 20:00:00,93101.53060840436,93706.38220284635,92249.54145084448,92915.72083796393,1044.009480405233
2024-12-26 00:00:00,93553.05996652834,94389.3098090566,93174.98374550306,93907.73351811247,1094.7250169519511
2024-12-26 04:00:00,94137.27468170488,95128.340988988,93204.92931438673,94339.26709258452,955.5216575037679
2024-12-26 08:00:00,94531.68548043759,95462.93600962682,93745.0123915319,94900.9859861707,834.4436690364516
2024-12-26 12:00:00,95213.45517580201,95698.07281876035,93398.95723117785,95017.68159275864,1150.1510318520614
2024-12-26 16:00:00,92380.65061091492,93409.27164292139,90559.14161068981,92760.76980040902,943.0517111910686
2024-12-26 20:00:00,94183.21843575216,96052.7119693633,92982.24341851426,93939.87571075777,923.3979028787893
2024-12-27 00:00:00,93968.85091478436,95490.8694669461,91956.29842775511,93679.60798552714,828.1737846811848
2024-12-27 04:00:00,93610.95975495288,95464.75650262898,92115.96204611321,93403.35362750052,1157.058099682984
2024-12-27 08:00:00,93804.25262481162,94199.0541004059,93749.4293402627,94037.82388551928,1029.495286598192
2024-12-27 12:00:00,93668.04237101183,94889.97926737182,92310.34844864065,94136.15754320739,1019.6643094868122
2024-12-27 16:00:00,94226.36832978326,94988.46162542044,92633.1553577786,94385.42420586087,1144.8088408730268
2024-12-27 20:00:00,93806.72206503231,94329.22725628458,93289.9039137781,93867.35163880976,860.1405462087035
2024-12-28 00:00:00,93952.70386230265,94642.50421000543,93825.34051356817,93991.3639368153,1183.5762674733678
2024-12-28 04:00:00,95250.30600484808,96992.93828124233,94054.58867784905,94938.7190373446,983.8690779771499
2024-12-28 08:00:00,93017.45779071777,93379.66022078322,91808.09019202853,93238.74573372834,830.4070511957482
2024-12-28 12:00:00,93250.12026027867,95112.76352632091,92179.1098264089,93479.86334067643,904.2841040442729
2024-12-28 16:00:00,93660.80993142772,95467.70849890076,92980.73715935739,94061.26909725803,1138.0552643052156
2024-12-28 20:00:00,94390.81899398475,95492.45290572025,93398.77848497687,94743.41742996327,1180.280297458221
2024-12-29 00:00:00,95979.3865267476,96516.64722178322,94373.6914816905,95843.04295508614,920.1992135724242
2024-12-29 04:00:00,93986.01033394274,94543.45060558045,92366.01527982896,93756.58421732456,890.3453654352869
2024-12-29 08:00:00,93499.72360830862,94675.375193013,92467.30352990831,93394.05927349828,1083.5673150627376
2024-12-29 12:00:00,96144.36100213614,97900.30686569201,94480.69281116789,95849.52513253909,970.9820527717432
2024-12-29 16:00:00,94114.1736780705,95571.23365388307,93004.48964695109,94578.88188019053,885.134826482356
2024-12-29 20:00:00,96381.5520500131,97517.72398535078,94496.82398798323,95982.83554097063,1166.3894822252325
2024-12-30 00:00:00,94124.39093404054,94685.92341238775,92836.31376297999,94132.39238606766,1199.7751153072763
2024-12-30 04:00:00,93796.97648741101,95607.93046941709,92286.31478886644,93350.14650573042,1038.3005329222863
2024-12-30 08:00:00,94381.6409078338,95828.36274063675,93612.57394289301,94191.34082299285,828.1404587733955
2024-12-30 12:00:00,94130.83478800932,95705.5257556422,92602.50079846871,94423.1478751713,1143.5541605073065
2024-12-30 16:00:00,95227.75781716763,96774.55451934205,94129.73461475161,95435.66748758752,837.459775407553
2024-12-30 20:00:00,94267.54231482848,94682.63479126697,93451.94493286163,93982.89509733656,983.5032805674415
2024-12-31 00:00:00,94618.24674424158,94808.03709500366,94124.80583762209,94302.24858654526,986.0467291814477
2024-12-31 04:00:00,94281.73738076544,95706.95649988706,93714.35197956172,94649.9719440475,1124.5440634130296
2024-12-31 08:00:00,93803.94939668679,95262.62599323329,92611.57913785023,93714.74909716925,910.2571839458777
2024-12-31 12:00:00,94076.21107062027,94812.2280767329,92040.31010280103,93815.28305908,997.4707121355661
2024-12-31 16:00:00,94995.67787325852,96496.13581735025,92742.24349997881,94592.19046589184,1147.9947062364054
2024-12-31 20:00:00,94287.43850614488,94885.63327513794,93194.93295397391,94723.61307837207,927.7107941363734
2025-01-01 00:00:00,96300.9664288856,97440.00496437351,94981.52839893448,96009.86955954762,1188.340259955899
2025-01-01 04:00:00,95084.95605677014,96809.5876916258,93786.2527894865,95547.22585380632,899.4755162713861
2025-01-01 08:00:00,95470.73682819013,95477.45058780136,94381.47913619573,95363.41797305383,861.9751838190327
2025-01-01 12:00:00,96558.03238943468,97899.04445099283,95960.84320112393,96212.8386953387,1062.582844406772
2025-01-01 16:00:00,94547.64895858095,96638.72458050918,93117.55001831315,94974.75297590034,986.9302531668177
2025-01-01 20:00:00,95132.14564576665,96466.43353504153,94198.73180312058,95200.43045376494,1041.464621804666
2025-01-02 00:00:00,94079.04175626197,95355.27518041705,92964.00228448384,93831.98832455774,814.8047009170198
2025-01-02 04:00:00,95256.98633332187,96724.70104040657,93744.22815001078,95187.15202353636,1081.7496256352993
2025-01-02 08:00:00,94413.62225126146,94766.86584670958,92884.80316156698,94171.36257380966,915.3673850772547
2025-01-02 12:00:00,93681.5569219139,94849.2330620313,92601.50905550297,94095.87634191157,1178.0168249341118
2025-01-02 16:00:00,93725.73962026305,95592.84756619569,92224.48624177602,93874.8489611693,894.6700679738947
2025-01-02 20:00:00,96816.6971320373,98209.4246324321,95161.66794244573,96453.06685788844,1048.521838344601
2025-01-03 00:00:00,94906.29364758686,95382.85346937015,93629.25933898258,95119.91316989134,1117.3772937020167
2025-01-03 04:00:00,95300.21336242522,97012.91631379332,93411.5606995231,95265.28222398047,990.1963901653061
2025-01-03 08:00:00,94111.66278006895,96408.50318363587,92798.13348684322,94532.69297534117,1084.7906770583768
2025-01-03 12:00:00,94798.34118114821,94964.75617960448,94378.20364515897,94674.66945081415,1032.1262763246707
2025-01-03 16:00:00,95703.10836819903,96167.46189804313,94896.68735282075,95357.9304855089,1168.0310664548906
2025-01-03 20:00:00,94584.98768143117,95117.4158633338,93087.70354065689,94608.1353808389,826.1561490122888
2025-01-04 00:00:00,93923.96736572585,94228.03752352583,93682.77079096978,94173.10030855595,1097.6590300644812
2025-01-04 04:00:00,95137.04878011589,96175.53818201098,93269.71919927666,95490.23820753446,1019.3082927175644
2025-01-04 08:00:00,94148.61931154098,96070.87792960904,93132.66524083968,94480.94776579789,972.674560666221
2025-01-04 12:00:00,94177.66482175034,94401.68930472224,93022.39740845369,94047.24822301998,1182.4417998730773
2025-01-04 16:00:00,95409.40006425504,97025.80551068799,93752.95488153351,95326.76657344968,954.9592789476264
2025-01-04 20:00:00,96643.55592540644,96667.59276683044,94846.3033327249,96387.20817531741,980.8573265024904
2025-01-05 00:00:00,94633.04865266755,95744.88480999651,93253.61197575698,94330.76512205054,855.3641351225859
2025-01-05 04:00:00,95173.84805156827,96023.4702542934,94180.75837736158,94823.76896498216,904.2005912600503
2025-01-05 08:00:00,95427.57892158825,97271.38084843084,94513.10033867035,95218.79208005143,1165.9912296332577
2025-01-05 12:00:00,95153.88804708971,96166.22360981688,92891.02569514254,94737.76236416909,937.4652178432378
2025-01-05 16:00:00,94713.3079694123,95469.21985199628,94249.67764060202,95099.49172060865,1086.3610743728216
2025-01-05 20:00:00,94402.80201716366,95570.46562473456,94052.49892418209,94537.03204279533,918.5045245290089
2025-01-06 00:00:00,95146.78606752469,97294.62759224339,94884.67406905934,95427.07489837732,920.7896192040959
2025-01-06 04:00:00,94036.41833339707,95184.9431396729,92297.5701659986,94071.20958651093,876.6415405874228
2025-01-06 08:00:00,96435.4542724368,97101.2064247991,95368.38453984741,96293.62207847126,871.6162234300239
2025-01-06 12:00:00,94448.7615052509,95579.21402176326,92597.3951246746,94898.83638833581,1061.7790365263645
2025-01-06 16:00:00,96543.13425878368,98432.79230993896,95273.126782689,96283.45912279,901.3326174780652
2025-01-06 20:00:00,94039.05094243336,95060.74409929707,93178.18649836206,94319.04704987677,979.6823340987249
2025-01-07 00:00:00,93879.8546078295,94935.85100163956,92785.54249636826,94188.87898948177,953.6887376330051
2025-01-07 04:00:00,95964.20080121036,96189.19198072983,94024.03985465292,95632.81210159941,1093.6146245864988
2025-01-07 08:00:00,94684.74954786219,95627.93591853035,93640.04827524739,94562.00047485036,853.6317957286238
2025-01-07 12:00:00,94508.159796588,96639.6000045068,94488.1048310717,94838.694862687,938.0277151505561
2025-01-07 16:00:00,96768.91032247717,97857.32038423652,94915.19681095483,96746.12652846747,1135.1996978917912
2025-01-07 20:00:00,96357.3728621782,96507.53023165437,94438.50594956946,95989.80176685596,1178.3614295559278
2025-01-08 00:00:00,96905.49752678667,98819.65739070141,94845.72165427935,96612.56801679885,939.8169047375757
2025-01-08 04:00:00,94823.9560145989,96680.31787202791,93076.54429486269,94741.56066116421,938.742372729519
2025-01-08 08:00:00,96493.26898907204,97063.5129175647,96240.9066512201,96389.02121924817,837.1311595490238
2025-01-08 12:00:00,96709.47937309033,97210.88326714723,95028.16474406303,96628.71328655853,1156.247258884503
2025-01-08 16:00:00,95621.42255383372,95952.56006440944,94765.73717536453,95890.25708791902,850.1213202144073
2025-01-08 20:00:00,96170.19262444697,98065.28643544843,94580.61519265981,96029.2682913124,1002.3968494771352
2025-01-09 00:00:00,94172.15141139463,96189.69524152006,93763.52059061253,94357.81957110435,1148.8265589196972
2025-01-09 04:00:00,95432.20672089391,96757.64333559106,94406.36554025022,95894.8056075637,938.437742180975
2025-01-09 08:00:00,96053.4161975278,97135.93016089794,95947.36709052265,96000.5235253047,925.2624749164171
2025-01-09 12:00:00,96450.09838880911,98349.7709421275,94902.29068668507,96695.13782708989,1186.0929937393644
2025-01-09 16:00:00,94857.33265590186,95381.52031994774,93339.59490986598,95130.16514853928,1122.2675397278217
2025-01-09 20:00:00,95045.79108121042,95748.80240756128,94620.39165377959,95367.70688430149,1046.2614346129033
2025-01-10 00:00:00,94829.77592096555,96392.03232283547,94767.88277769333,95077.76005257934,1027.6385381684725
2025-01-10 04:00:00,95352.93598064093,97216.72862113276,94982.90950797529,95438.98328811162,864.2416838848693
2025-01-10 08:00:00,95420.7477132632,97042.46861427573,93961.02070980944,95147.24380596066,1016.7046346598056
2025-01-10 12:00:00,96656.81476813927,97763.73796221438,95630.02053517882,96867.61226158371,1083.9560345636562
2025-01-10 16:00:00,94422.4187674625,95328.8994119348,93310.57363542002,94551.6518293498,1117.0437349106326
2025-01-10 20:00:00,94826.62721093623,94875.41380743773,93277.09792852843,94455.34576144874,1186.7849665803774
2025-01-11 00:00:00,94552.65412771112,95187.29526884767,92724.84754705793,94760.91059776382,1195.2282898776486
2025-01-11 04:00:00,94506.98338688925,94951.3258902553,93431.43073489175,94808.44396495736,1173.4830273772393
2025-01-11 08:00:00,94355.27847728638,94642.6463252435,93005.70457573723,94414.3167327851,858.8932388561161
2025-01-11 12:00:00,95387.04220564754,96501.84978031876,93549.29189943128,94965.24154581787,1126.7183557787855
2025-01-11 16:00:00,95450.43746372039,96639.64271558153,93564.4701616321,95277.45035065542,1186.3675283388563
2025-01-11 20:00:00,94631.13062334927,96272.92450007456,93695.50862020385,94206.7587165264,829.913026738579
2025-01-12 00:00:00,95310.130241626,95733.63426405878,95049.11773503141,95209.83878471417,827.7531691530738
2025-01-12 04:00:00,94378.95259648004,95373.45147764997,92836.23878483148,94523.05207585456,1183.0719161825677
2025-01-12 08:00:00,96030.30769657438,96957.47056461437,94927.25404111376,96352.13770829966,1143.127947632476
2025-01-12 12:00:00,96091.08466453418,96855.1939201149,95427.59818688774,96180.28444686213,1091.6407089073577
2025-01-12 16:00:00,94684.45839650746,95674.9536425265,93121.92975299133,94697.50720189659,810.9867586623321
2025-01-12 20:00:00,94826.48382402725,96479.6394230707,94168.7991635369,95216.31089254859,1183.1936743461426
2025-01-13 00:00:00,95800.77871090689,96950.74522886048,95189.58635087796,96191.97576493873,1014.3563095158981
2025-01-13 04:00:00,95735.53731937075,96473.08817748631,94568.4604079235,95493.7482286246,854.4998478114926
2025-01-13 08:00:00,95633.78069622272,97377.62261894709,94321.11324569378,95893.71778258773,1023.7170908868663
2025-01-13 12:00:00,96962.98861198011,97895.74187280872,95089.24186556136,96754.09030825154,923.4339125608576
2025-01-13 16:00:00,95975.2250811643,98103.40058997046,95539.9954824168,96306.93456121744,1008.1794261452536
2025-01-13 20:00:00,95677.82438018736,96575.50592175935,94714.40490536769,95603.99610550115,1128.6726371673112
2025-01-14 00:00:00,94912.24684131907,95928.22901486758,93524.61231613603,95296.63583069768,985.1478883326013
2025-01-14 04:00:00,94677.68346878057,96090.16457669293,94011.74558906282,94860.85459134467,1178.1596017751153
2025-01-14 08:00:00,96410.12201168065,97493.80179222654,95992.17279643325,96170.91137258835,1048.2396992237636
2025-01-14 12:00:00,95597.46878663795,95802.29130265342,95159.94501872112,95762.12693110229,833.5079092065872
2025-01-14 16:00:00,96424.3146005677,97843.94047179905,94676.94762013048,96640.78874262568,986.914747809407
2025-01-14 20:00:00,94920.42414386249,97135.1923587283,93666.7529241797,95289.61428989681,819.7559559512939
2025-01-15 00:00:00,96251.67980011608,96873.66652232995,96044.97876347888,96493.8753159846,933.6090967445734
2025-01-15 04:00:00,96648.62485866112,97710.5635514411,96405.34445382505,97084.65403184599,830.266399200027
2025-01-15 08:00:00,96097.91914355282,97809.61613409598,95815.94285720628,96375.78278513532,1015.6487132908763
2025-01-15 12:00:00,94660.98030912204,96441.3117014564,94323.00888744196,94621.95222230376,936.443647572087
2025-01-15 16:00:00,95666.33313934976,96531.79368452358,95178.04416149954,95492.56525339052,889.2263527607923
2025-01-15 20:00:00,95722.85246494484,95883.06209466912,95375.40095070546,95720.5110805434,874.2293009218107
2025-01-16 00:00:00,96664.8219954926,97781.11394621707,96353.71678783526,96464.652567127,874.8449754425441
2025-01-16 04:00:00,96630.40181432024,97866.25522976418,96198.67699136109,97047.36436919912,1099.1106755278947
2025-01-16 08:00:00,96157.14763652984,96359.3920112582,94796.73745892229,96076.00223900308,809.7843095002065
2025-01-16 12:00:00,96472.71191523015,97235.70903384073,94236.87497435097,96068.28178542331,845.9609395694494
2025-01-16 16:00:00,94907.83165959649,96635.85918273855,92761.49780328941,94584.918963168,954.3365364858847
2025-01-16 20:00:00,94547.2709259897,96039.82520473292,93308.50038632157,94760.16595248441,1147.5066686053408
2025-01-17 00:00:00,97277.83253637681,97904.51116989917,95586.91160609081,97350.80215130527,936.8174171764821
2025-01-17 04:00:00,94622.59709892163,95098.42528475003,93338.76497568382,94535.3810447053,978.2881088602728
2025-01-17 08:00:00,96075.47718243639,96720.09938051601,95710.06055456596,96200.43027146606,1008.8204515403223
2025-01-17 12:00:00,96148.43577731251,96879.23469144909,95394.53005019345,95733.52053569729,877.1019863316208
2025-01-17 16:00:00,95304.30113212584,95715.34199533642,93169.04155979147,94995.59932853442,1172.2570704455366
2025-01-17 20:00:00,96323.22511483371,96884.63083775058,94561.12053923262,96156.19724434045,1008.1294571562721
2025-01-18 00:00:00,96201.49641255065,97976.0150673385,95036.477807667,96485.74136695749,1166.3186216986735
2025-01-18 04:00:00,96027.09626604102,96930.5273798654,94745.55419292173,96150.75160456175,806.4649778932476
2025-01-18 08:00:00,95520.69148314778,96956.80657715093,94364.69599442446,95245.6173497046,945.7359884917095
2025-01-18 12:00:00,94796.60036044843,96295.74380923125,93321.21533935856,94989.0959081464,1197.7114842412661
2025-01-18 16:00:00,97085.01370815202,97872.90496150425,96099.28814046265,97175.18641266666,1050.5722588753877
2025-01-18 20:00:00,94787.68225688097,96435.96635559767,93615.75324053476,95057.02960535807,1016.7985932606061
2025-01-19 00:00:00,97117.0611980815,97991.0535351039,96240.16117851029,97000.73538027909,873.6879537746131
2025-01-19 04:00:00,95798.52684582086,95943.61130874547,95629.3537353204,95788.94768916373,979.7275901322971
2025-01-19 08:00:00,96828.32766603089,97301.59752235297,95352.85748675911,96761.78121512973,965.0186731633924
2025-01-19 12:00:00,95616.52392860247,96980.0169730443,94065.27151816324,95625.9806871968,882.2789101586665
2025-01-19 16:00:00,95696.83164318475,96983.72804809349,94627.88434957681,95553.52497047374,981.0524865795785
2025-01-19 20:00:00,97137.2801531469,97867.33457315105,96627.52458602266,96946.51705260467,1144.1491204088343
2025-01-20 00:00:00,97244.45022269768,97649.8174620651,96397.00307538423,97096.05363687381,1144.9760739666488
2025-01-20 04:00:00,96703.81652828715,98237.91915197037,96211.86415331895,97185.0967858691,996.3971714670632
2025-01-20 08:00:00,96958.08737216727,98537.45411023269,95222.8831730669,96986.25967251135,975.2885970853054
2025-01-20 12:00:00,96883.47154046,97698.47499229679,95917.06084071605,97184.4542549625,985.4891182276285
2025-01-20 16:00:00,96593.89051999834,98064.12616823937,95923.07183295244,96328.08794300901,1088.4798512622247
2025-01-20 20:00:00,96120.17430571058,97801.25997557388,95555.99618541231,96484.53109876438,1183.3152668569253
2025-01-21 00:00:00,96618.13575361088,98182.65664595334,95390.26486683189,96393.10444390113,1141.078282674196
2025-01-21 04:00:00,95510.2576112654,97281.05644574377,93788.14527675362,95336.36389093584,977.2599794626938
2025-01-21 08:00:00,96280.15487705539,97943.83977030881,95637.38586930386,96719.91047278127,1004.2915202826888
2025-01-21 12:00:00,96248.2652852554,97996.9824789186,94873.59449735307,96569.5847028688,1030.206232591864
2025-01-21 16:00:00,95290.99698324857,96994.37023847234,93471.34764461835,94920.4121744898,963.4651220480343
2025-01-21 20:00:00,94891.61579525475,95262.83541252674,93899.67447090155,94964.06634275208,906.1606785641311
2025-01-22 00:00:00,96805.41600392855,97016.79440098107,96148.70016353726,96354.7205743121,1146.573763070618
2025-01-22 04:00:00,96477.0095435638,97030.34163103875,96282.65199937436,96691.96069650883,1137.649949866409
2025-01-22 08:00:00,94986.33491459688,95600.38696553858,94359.32276863021,95363.88685236672,924.1941034119038
2025-01-22 12:00:00,95304.70261726924,95838.89714753976,93925.64581485408,95747.84226046917,983.1205113981841
2025-01-22 16:00:00,96343.26962060972,98340.15678724497,95140.73330384644,96697.05978982155,1046.6754272575074
2025-01-22 20:00:00,95972.82728241375,96438.18850960843,95630.7101989008,96317.34808638656,1095.142712626919
2025-01-23 00:00:00,97605.73100726049,98018.80287540873,97235.25298156138,97500.9090650152,873.0612828987917
2025-01-23 04:00:00,97861.89142404567,99442.43504620633,96193.14488785533,97572.40525800145,1175.628226812537
2025-01-23 08:00:00,96999.49415196496,97391.52215985666,95214.8806506184,97229.73983563507,906.1208697935606
2025-01-23 12:00:00,95572.3071666323,96681.1199028999,94543.64145042666,95312.78777618975,884.4688361423426
2025-01-23 16:00:00,97330.23615469535,99111.9509699593,95743.5305136257,97298.59686372672,1185.0821338103544
2025-01-23 20:00:00,96872.81571972735,96900.69746904491,96816.89091421355,96828.07031594389,1032.9153045800604
2025-01-24 00:00:00,96023.96770064316,97685.35452737482,94984.27379182534,95892.11525450229,1173.1006711104346
2025-01-24 04:00:00,97136.4938031541,99072.99392440966,96845.75230069685,97144.60196109243,1145.8856330536032
2025-01-24 08:00:00,96774.15963390045,97433.12663199456,96170.94023790327,96494.26933478694,887.6025043896192
2025-01-24 12:00:00,95643.67589407344,97324.76199231517,95202.89238054445,95582.38197910508,856.843794406002
2025-01-24 16:00:00,96030.30215444005,96197.73466050759,95664.3051790125,95855.1862551687,1036.1865330421786
2025-01-24 20:00:00,96438.53788155294,96989.86455228989,95812.94251304847,96186.23967729593,931.3801520216742
2025-01-25 00:00:00,96174.8671319366,96589.63461915005,95303.61766113206,95862.22580968721,1112.7684107051068
2025-01-25 04:00:00,94695.25483926885,96295.56623739147,92936.2971829252,95121.4546755994,894.3341107204099
2025-01-25 08:00:00,94869.36943867742,96028.03291302559,94369.92736052423,95127.70209994914,837.6601142811134
2025-01-25 12:00:00,95540.50478773279,96448.04682937887,95034.3952773479,95390.92416950097,1141.8583722003532
2025-01-25 16:00:00,97652.24212962302,99502.84205337905,97544.44505471074,97733.02306549081,932.4464891761365
2025-01-25 20:00:00,96605.08968175533,98242.67225028391,94623.72124757497,96405.95857394823,1057.410020379098
2025-01-26 00:00:00,97794.2906542828,99025.73348652481,96493.50225181953,97551.31107930701,813.6050053424752
2025-01-26 04:00:00,94774.79899390576,95760.57489519034,93530.21511913257,95191.59657818644,885.6363637708653
2025-01-26 08:00:00,95596.55091839297,96223.24933237929,94819.84452230576,95386.04830464422,1018.2551079595864
2025-01-26 12:00:00,97246.00471629859,97653.25297850189,97037.55084117995,97590.41061956601,1019.0304392615312
2025-01-26 16:00:00,97660.10931325697,99370.9412685655,96417.73624343044,97208.14028473325,1176.7195443136522
2025-01-26 20:00:00,96904.51118826786,97244.69726785473,96272.62840544504,96460.44667330007,973.8695294878329
2025-01-27 00:00:00,95219.51828722584,96246.34659371711,93614.11105268728,95380.79505980418,1143.72389534525
2025-01-27 04:00:00,97368.26909745751,99787.80271487741,96777.13614934987,97844.31467846349,1138.4881083975272
2025-01-27 08:00:00,96433.93571565545,97299.17909907505,95941.74650705988,96880.5722455531,1163.9061143146732
2025-01-27 12:00:00,95453.363673613,97236.29882017257,94488.00273981784,95624.81274305603,1035.7661434188674
2025-01-27 16:00:00,97133.65892107383,97586.8845416409,95398.60775953508,96772.24968724367,1021.0437441834538
2025-01-27 20:00:00,95169.8772997599,95693.80940640412,94208.98140926556,95055.72786243622,1098.7348392255878
2025-01-28 00:00:00,97089.90585854891,98313.76210442948,95874.0858201081,97432.69569399819,1011.9342491608824
2025-01-28 04:00:00,96446.49142213576,97348.80836438054,95548.1711748574,96076.61206699509,1097.0026823520584
2025-01-28 08:00:00,96151.31673244352,97569.43758948814,95419.98906562947,95985.27932667856,807.1414959886301
2025-01-28 12:00:00,96320.56361386066,98156.21835806433,95687.25844760882,96584.71227374379,1139.8397223930708
2025-01-28 16:00:00,96854.72503543651,98625.57276436852,95428.70662471355,96522.8041037182,1005.1272359220769
2025-01-28 20:00:00,97284.1456454359,97492.04444698826,96338.88239182836,97280.33342793732,1192.4299708395756
2025-01-29 00:00:00,98476.1846928362,99382.07709710355,97007.06956398352,98029.86178560425,897.0196245639168
2025-01-29 04:00:00,95584.16495053872,96505.83627885378,94779.82566630539,95471.28784852085,927.2396693653156
2025-01-29 08:00:00,95756.96671516167,96678.32013635185,94381.84751747381,95985.097823906,1148.7514690223475
2025-01-29 12:00:00,95072.5565936099,95672.07788339758,93925.00783736871,95209.28457308255,1164.1315679233546
2025-01-29 16:00:00,97378.03780988118,99596.5395946389,95880.68752821018,97673.8454026796,1106.3514120959383
2025-01-29 20:00:00,96213.95171150035,98016.86652301457,94501.46545908574,95805.48277806521,1004.5338636502505
2025-01-30 00:00:00,96123.22582047987,97716.36128003389,95063.47105543746,96432.7946119105,921.9273928765873
2025-01-30 04:00:00,95129.22273364679,96788.18969580988,94937.930636447,95505.51225603302,999.5463205485225
2025-01-30 08:00:00,97349.68863726227,98747.97598962413,95740.3144572099,97409.45268100844,1109.2984733229896
2025-01-30 12:00:00,96395.269913234,97834.13530641487,95434.21408406983,96730.66125406521,1030.4485863019747
2025-01-30 16:00:00,97616.97054480642,99628.04572783057,97226.69044337585,97679.15480759185,1041.074743384678
2025-01-30 20:00:00,96651.52376409397,98554.05490540851,94787.09712804153,96533.70246124064,806.7906506155251
2025-01-31 00:00:00,95722.43315869919,96964.4410548992,95670.25876836634,96020.67157789164,857.3019621594295
2025-01-31 04:00:00,97320.04656127845,99016.81732170799,96262.38962680464,97080.84385888293,853.7126910858824
2025-01-31 08:00:00,97711.17189947031,99102.32671839735,96494.33720975585,97773.65211773534,994.8776158618806
2025-01-31 12:00:00,96061.5764292501,96344.13251154183,94857.72375958416,96155.5190578664,1018.80624007293
2025-01-31 16:00:00,97170.46549278763,97672.66827151812,95381.29126814987,96897.3963720126,1038.9931821356313
2025-01-31 20:00:00,97837.57833829398,98543.79796485684,97146.80647667237,97538.76407276664,1071.1507048488077
2025-02-01 00:00:00,95389.25221023065,95670.12597676576,93669.53014794925,95634.638886965,860.0373269956322
2025-02-01 04:00:00,97808.49264110283,99698.69194897053,97511.69471942593,97600.71504015714,1062.6719277348295
2025-02-01 08:00:00,98141.66524087667,98669.16336684287,97456.3900820212,98156.88217312728,812.2020706014471
2025-02-01 12:00:00,95513.01022063309,96250.873622725,95481.61631211909,95872.76240165342,807.3065821274749
2025-02-01 16:00:00,95458.80738937322,96246.81113873335,93831.05478753663,95817.69014036251,813.806589424248
2025-02-01 20:00:00,97549.92584188702,99393.99203275777,96281.57295782545,97494.23565961208,919.8075166538295
2025-02-02 00:00:00,97745.41033015703,98427.46677241662,96765.32387600429,97447.70383233106,1072.92978273371
2025-02-02 04:00:00,95905.58270911989,96633.08254128623,95095.06679869218,95721.17840479888,910.6454183232936
2025-02-02 08:00:00,96137.07145778059,97514.32036546074,94545.80982890436,95792.43593675367,1138.886698540663
2025-02-02 12:00:00,95844.41499747998,96709.25258837064,94262.03818478402,96217.3025082844,800.7835368377381
2025-02-02 16:00:00,97012.50321222268,98367.59003817558,95865.75420298599,97378.84198002944,910.5422798284106
2025-02-02 20:00:00,97929.93799450998,98525.59475660126,96490.3357392234,98104.12780490627,935.4364327983026
2025-02-03 00:00:00,96743.46989747084,97647.85025486247,96386.81374323709,97034.14729735217,1012.9150307877088
2025-02-03 04:00:00,97392.58812602634,99406.53914759049,96337.29287114946,97647.22128613567,1152.363639789448
2025-02-03 08:00:00,96593.76307280887,97020.79103425387,94877.57433197605,96886.26629631617,1061.3507180413071
2025-02-03 12:00:00,98056.30598530862,99418.84212934707,95923.90136065274,97711.95976156683,1140.5331633226037
2025-02-03 16:00:00,97056.04548435824,99002.17261716466,96394.8499568138,97483.84099556999,1081.0597496715448
2025-02-03 20:00:00,98199.5511017986,99324.40082353982,97622.48841397857,97774.24095034123,1042.4953585012056
2025-02-04 00:00:00,97648.5220035259,99342.93296309796,96600.00080801568,97465.41474482598,843.7049535930196
2025-02-04 04:00:00,95778.7347771103,96650.8071826349,95675.77282132457,95714.50027569343,1105.7615498386165
2025-02-04 08:00:00,96509.35793342875,97324.48041603547,94633.25225953985,96232.98520987848,1035.5314582658075
2025-02-04 12:00:00,95601.80483482215,96022.069858339,95434.32919056418,95931.50888679552,1126.1005435132024
2025-02-04 16:00:00,97650.73755874445,98202.69667739076,96327.57781123069,97284.53699633048,1105.379354524397
2025-02-04 20:00:00,97211.0043520281,97550.86009821715,96551.58215719917,97026.98003776582,1024.299744906767
2025-02-05 00:00:00,98624.1777610947,99633.05627800204,96975.29897602012,98447.3983111586,1186.8628062117114
2025-02-05 04:00:00,97596.51251333504,98258.97549590537,96871.4186953132,97222.95949513192,1059.9154558316104
2025-02-05 08:00:00,97462.26322474933,99351.06339628427,97368.73854744135,97659.16421452194,991.2213439270081
2025-02-05 12:00:00,97848.59216318067,98360.38766556604,97308.06142769587,97614.13235135816,998.282132073934
2025-02-05 16:00:00,98651.58700649426,99684.40162225021,98201.63062470134,98379.73830504472,1093.6629591105154
2025-02-05 20:00:00,96866.50622185558,98525.08781051758,95873.40250852404,96958.79591317986,1057.5129551237183
2025-02-06 00:00:00,97958.2268609104,98979.89691052119,97170.81441405436,98403.02246132497,1068.7101239917208
2025-02-06 04:00:00,96194.28662091821,97250.09539556927,95414.69165677561,96360.1419677218,1043.416397890534
2025-02-06 08:00:00,98327.1377431987,99772.8596446189,96178.49498851597,97918.57213691251,1061.8140853239756
2025-02-06 12:00:00,98443.78598395127,98750.43338957801,97851.60742191302,98416.44880981396,1177.0376220882417
2025-02-06 16:00:00,96187.0452444778,97822.28492247652,94631.11319648173,95864.52239053269,1036.366603755457
2025-02-06 20:00:00,97348.16607598324,97542.23470480692,95826.64613378955,96987.39481607778,826.6740326210634
2025-02-07 00:00:00,97667.92666062564,99723.7434571681,97391.45436261481,97880.84150927598,806.6938967142687
2025-02-07 04:00:00,97820.16716368982,99631.6760134924,97228.55628533867,97672.2096559296,1111.386956034185
2025-02-07 08:00:00,97946.14907396685,98754.32241875761,97375.94524964759,98184.33183906732,905.4893958216287
2025-02-07 12:00:00,97851.88889844212,98350.02143499484,97094.37254378763,98297.8270012405,949.1805897617594
2025-02-07 16:00:00,98026.30785325188,99125.48633685407,96716.30269167175,98163.1148029798,969.1283279200285
2025-02-07 20:00:00,97458.99639289679,99223.73036226266,96611.35156862474,97247.5175271693,1110.8292996705334
2025-02-08 00:00:00,97798.78130092609,98683.27210814455,95422.96009492638,97345.93103796472,819.0466329589369
2025-02-08 04:00:00,98165.5098642177,98211.27519833956,97670.4901342278,97878.46060566192,1165.9390476318808
2025-02-08 08:00:00,98456.08134507312,99054.88467174512,96975.90456683605,98084.21724440187,1080.4909463253982
2025-02-08 12:00:00,96700.5142676911,97528.29180372402,96425.77329437318,96717.03302768091,943.7053287593535
2025-02-08 16:00:00,96198.54325906187,98118.25929536528,94653.41217818938,95788.99649459145,996.1236413824491
2025-02-08 20:00:00,96226.11832207798,96470.13350898436,95389.57531784712,95988.40753226832,1185.1768073831272
2025-02-09 00:00:00,96198.16118447998,96290.56416265763,95142.2801288916,95958.18736734964,888.8704429260947
2025-02-09 04:00:00,97357.94968263271,98303.30616153279,96867.84581822425,97192.69290338912,1056.748470677219
2025-02-09 08:00:00,97685.92949681515,97966.9202665354,97296.5366505182,97664.82982104021,801.4484382941089
2025-02-09 12:00:00,96097.46396811501,97733.01613142103,95819.22951205543,96400.7181771682,953.0795145745586
2025-02-09 16:00:00,97028.34485947607,97575.15127955249,96308.81076736037,97198.08753178566,888.6163573252026
2025-02-09 20:00:00,98660.92307973154,100341.48399390177,97344.208274483,98656.63762463811,947.8983581892998
2025-02-10 00:00:00,98962.11202740078,100495.1283706349,98421.28945922852,98504.3323202121,1036.1866533776645
2025-02-10 04:00:00,97475.88671540185,97833.66538425654,97324.9702089792,97832.83488651567,943.8740305375004
2025-02-10 08:00:00,97297.18503581334,99314.27889044181,95589.39759456493,97694.9843483829,1171.8951503171934
2025-02-10 12:00:00,98527.2804418966,100461.98252466394,96633.42183477922,98271.57297102858,835.2582944157423
2025-02-10 16:00:00,97710.68893143177,98392.21666850572,96973.72950917146,97924.299516418,1085.0390003765333
2025-02-10 20:00:00,95945.0043229955,97262.9283511561,94843.75507731491,96364.4983702438,1104.6693142697711
2025-02-11 00:00:00,97616.87150853405,99852.87959669819,97608.65727301635,97906.92947811198,864.3300383060838
2025-02-11 04:00:00,96816.62351845537,97936.62064885086,96069.51420073104,96971.23677882653,1148.7739578367625
2025-02-11 08:00:00,97347.63881585741,98911.70762422855,96737.035706352,97355.5277597351,828.9119893865026
2025-02-11 12:00:00,97021.93000846305,97047.07910529124,95924.37558322544,96599.27744073869,819.2018379200821
2025-02-11 16:00:00,98010.75552244416,99837.26191099276,96894.94926598301,97728.87300814378,1085.9188238313263
2025-02-11 20:00:00,96827.35628196217,97619.75390239697,96232.04635811494,96924.71798266219,879.5368632328624
2025-02-12 00:00:00,96255.57668297837,97627.27020879147,94884.44946299397,96108.71454574802,835.5953999012004
2025-02-12 04:00:00,96735.6796378819,98317.56473825737,95084.35530528762,96672.1866646624,1016.7397480926531
2025-02-12 08:00:00,98590.36496447,99368.36721970477,97248.07715327936,98178.23468630062,1156.7733866933977
2025-02-12 12:00:00,98047.86293883658,99218.32952311689,96989.61396118967,97668.36399870779,971.194347974774
2025-02-12 16:00:00,98694.02963432045,99697.6867825494,98467.64096758391,98583.00216370115,994.5176096424
2025-02-12 20:00:00,98460.50203442934,98626.83946396773,97347.63899568038,98214.77295246226,915.094156622723
2025-02-13 00:00:00,98030.35365517346,98598.6636966351,96499.73128827735,97710.20252399438,850.18092461916
2025-02-13 04:00:00,98247.68742614478,98893.49411715087,96807.23730089808,97909.79748930079,861.7903569413118
2025-02-13 08:00:00,99218.37070726287,99801.13450409671,98021.19442197532,98885.23012281061,1032.7184995728335
2025-02-13 12:00:00,97943.33376186005,98127.3259861076,97466.42741895079,97623.25357835456,927.2602332541289
2025-02-13 16:00:00,95731.67753476076,97653.98799104485,95267.2638630514,96186.67637840565,861.4094376304935
2025-02-13 20:00:00,96332.9559197581,97742.14138710233,94866.13083118583,96346.3514202528,806.0350224705411
2025-02-14 00:00:00,97641.08552822121,98317.18961843303,97139.17643906556,97473.55071809026,932.7350653860756
2025-02-14 04:00:00,96324.70469186996,97302.18909810722,94349.860200732,96173.72956611181,1173.3570524490285
2025-02-14 08:00:00,96473.46590035697,98088.75538940866,96203.89476441526,96398.65505094286,1050.8787218858074
2025-02-14 12:00:00,98171.31466218388,100124.27207878114,97589.56753115966,98142.71690386816,1112.2556797073682
2025-02-14 16:00:00,97799.40579056511,99302.12937834981,96703.507190102,97488.12673132778,1080.0224491505537
2025-02-14 20:00:00,96354.54403194187,98459.53139794283,96168.30699610373,96726.3610935694,823.510975577481
2025-02-15 00:00:00,97021.16614468096,98748.02379728017,95981.35900311897,96705.46985651851,1013.9477125017215
2025-02-15 04:00:00,96391.29793998462,97612.44164172502,94729.71964714809,96685.21342233443,1140.4832156083696
2025-02-15 08:00:00,96631.41355959348,98121.95086708831,94727.7963202956,96582.827027527,977.3229893940323
2025-02-15 12:00:00,96917.19579006032,98067.30088899085,96005.41208041852,97035.54175952745,1103.6682842836149
2025-02-15 16:00:00,96523.00038326228,98401.90323517653,94910.8151418725,96123.43323504736,894.7023211048997
2025-02-15 20:00:00,98340.6801114144,98449.19155965462,96147.26744491534,98043.10126104868,984.0162734139444
2025-02-16 00:00:00,98101.84909528996,99345.35250139177,96649.88587142061,98481.19623258595,999.2740692312465
2025-02-16 04:00:00,98622.6397155391,100586.5965721609,98222.84739632657,98619.60146187402,993.2883500413659
2025-02-16 08:00:00,96311.59676210416,97318.77461389541,95587.80102761404,96363.03929781086,1195.805345698016
2025-02-16 12:00:00,97956.062655419,98684.40648706719,97163.00899915767,98286.0758903356,1023.6066443356215
2025-02-16 16:00:00,98682.45369911249,99855.87887771975,97126.9664915097,98734.69347412685,935.8791092254733
2025-02-16 20:00:00,97083.31337360006,98345.72822641935,96312.67023744465,97346.52705070256,1048.5203670327808
2025-02-17 00:00:00,96076.10642806483,97947.43239430213,94247.70954826313,96225.21458040226,1069.7238217528154
2025-02-17 04:00:00,96245.20079894006,98157.21900973101,95109.9299062782,96609.72733368467,899.5156939745912
2025-02-17 08:00:00,96377.27255136009,97853.64969679464,95327.81258863486,96847.13230493355,1114.4745395326427
2025-02-17 12:00:00,99050.38435655746,100671.52621283209,98491.83658467093,98964.76734693523,1096.9998794944836
2025-02-17 16:00:00,97848.93072276005,99328.50768682899,96184.40833055378,97595.10532793972,1152.2267789358552
2025-02-17 20:00:00,97985.63653268355,99702.38164106151,96161.67058090745,97706.95746165344,1014.5410067265649
2025-02-18 00:00:00,99370.91295252557,100056.63879921194,97970.42606550334,98905.7074396661,972.3231760444983
2025-02-18 04:00:00,97599.76592344616,97638.5963056181,97150.77374538333,97170.42965108462,839.7629638623998
2025-02-18 08:00:00,97680.8154270522,99447.01127680685,96652.54546055636,97682.81954910886,1155.4599527083003
2025-02-18 12:00:00,96862.76247087664,96934.07951543524,94919.0248364058,96619.4934963269,818.4557640393649
2025-02-18 16:00:00,97710.68328245997,99425.50630541009,96095.88966672744,97484.71222151109,1100.0841963319317
2025-02-18 20:00:00,98713.63999927335,99893.82574711232,98663.75503769096,98713.81546484884,1085.9516685940807
2025-02-19 00:00:00,98818.57425708728,100785.07757997785,98154.22612968141,98580.96027036029,1087.5240358512021
2025-02-19 04:00:00,96931.62864224824,96984.32256429906,96346.30870467423,96863.85571450162,1168.5762931017825
2025-02-19 08:00:00,98449.04872973733,100034.789256112,98261.86104074879,98902.84038384471,1128.9166104555313
2025-02-19 12:00:00,99342.17263145825,100376.2484598694,97575.5141495493,98863.53001316493,1058.7049443145293
2025-02-19 16:00:00,97808.02794538639,99913.9397996622,97083.25636378926,98210.05889038723,1097.7757072999389
2025-02-19 20:00:00,96723.979096889,97644.00854724945,94628.10198539773,96357.89751085428,833.6195226608785
2025-02-20 00:00:00,97991.97058315076,100143.57934515984,96372.09629878918,98405.24964228473,1086.2269259996642
2025-02-20 04:00:00,97461.08720393185,98890.03409825008,95582.22729220742,97837.73364565155,1159.7180324876008
2025-02-20 08:00:00,97328.57666872423,98910.49306078837,97098.89202931209,97369.19072388735,906.4771807457057
2025-02-20 12:00:00,96624.05643252676,96813.85120262431,96327.37347961767,96481.57730250739,1127.7359981991574
2025-02-20 16:00:00,98319.23110102073,98688.62079464197,97018.9753226137,97989.82024682032,1051.9280314122893
2025-02-20 20:00:00,97004.12770560967,98448.92010761016,96854.32520427785,97156.23576122207,1177.781184867758
2025-02-21 00:00:00,98781.60022763122,100308.5734932227,98115.64412489197,99069.40868720398,839.8384358863883
2025-02-21 04:00:00,98506.6712853893,99278.00870624378,97650.51689850444,98581.69440628786,876.4922206333765
2025-02-21 08:00:00,99504.19598955433,99508.03060977581,99040.92687151168,99157.92815707499,812.4328077642668
2025-02-21 12:00:00,96767.19058115578,98895.98067731273,96641.76925516961,96977.29940206931,1173.0843276919786
2025-02-21 16:00:00,98326.85293693311,100042.28602443369,97251.32982758741,98656.96609339079,1118.9931244635152
2025-02-21 20:00:00,98798.23533840248,100257.1099086627,98011.38149733217,99086.17440339977,979.3114672639477
2025-02-22 00:00:00,98762.57346753246,100331.75504051024,97212.85851210538,99224.92050384694,826.9541920585247
2025-02-22 04:00:00,97007.23975018045,99075.55006836694,96511.46993951617,97151.344644128,1136.1648400053905
2025-02-22 08:00:00,96891.82248994688,98542.84712692918,94681.13736518456,96566.53248827308,1053.9876981158648
2025-02-22 12:00:00,96808.13610219149,97736.55075415368,95024.77637964864,97112.91944961579,961.4383520234406
2025-02-22 16:00:00,96986.32765650589,97499.65630543661,95573.10439944835,97343.36388478286,888.962651111233
2025-02-22 20:00:00,98302.9042394101,99633.46945988966,97013.27842897396,98251.92053135193,1055.5577865467028
2025-02-23 00:00:00,98736.41223313453,100147.34655016978,98160.1575760615,98345.64550656897,943.4690549698064
2025-02-23 04:00:00,98071.50929300637,99679.66188040124,96764.30762251098,97594.64980013488,1039.6960428764019
2025-02-23 08:00:00,99169.91698245496,100644.28008594146,98469.30786612497,98799.62248157122,927.9733686830103
2025-02-23 12:00:00,97356.53619086504,97854.93348977165,95967.83557091038,97178.6798242791,1182.218725986324
2025-02-23 16:00:00,97368.43501738492,98576.40011227819,95566.67347890713,97796.36439399995,1045.0898037805923
2025-02-23 20:00:00,97896.72000304365,99682.85865421411,97553.29864943158,98032.49421355985,1119.4270712463879
2025-02-24 00:00:00,99331.48165344723,100126.96559643163,99324.0080253871,99493.2340771791,1002.9016751682873
2025-02-24 04:00:00,97665.56141399064,98762.83874110068,96791.94009487628,97949.20333058735,1105.0780918131031
2025-02-24 08:00:00,99275.08803123985,99480.30988734671,98775.59046907905,98800.8918285842,897.6463674951317
2025-02-24 12:00:00,97509.6411330645,97911.253672035,96902.53412604566,97841.95408270025,886.1905830534973
2025-02-24 16:00:00,96722.78588267582,97644.24378183419,95900.1697080734,97187.63837468749,1190.2004222854123
2025-02-24 20:00:00,98948.14350110239,100507.412539734,98476.97036604975,98985.062800313,1004.5383895258447
2025-02-25 00:00:00,97752.48304680205,99019.57965127131,96022.97673139212,97296.24531975127,932.3572398641786
2025-02-25 04:00:00,97499.07313804116,99234.54040940065,96700.67190799899,97443.11969634086,981.3685006720441
2025-02-25 08:00:00,98036.76709450477,100203.35918116936,98033.34611842663,98443.66908840054,814.928915315724
2025-02-25 12:00:00,98576.15865155819,99094.33648132504,96831.18551425761,98945.03236979421,862.5176428180447
2025-02-25 16:00:00,99274.4143249803,100690.85607705942,98305.92138287368,99528.23637883013,827.3769866668372
2025-02-25 20:00:00,97800.45308310892,98021.5415662795,97101.44882076161,97676.1807680853,820.7744681381255
2025-02-26 00:00:00,99552.81133599704,100675.85111449358,98860.79909429548,99318.23327776363,915.8579545880386
2025-02-26 04:00:00,97945.17965805915,98594.87093335872,96341.55969286436,98153.14235908417,1089.905368892303
2025-02-26 08:00:00,98104.10246141034,98709.52004238155,97082.79594000238,97945.27909068257,1035.5355706419173
2025-02-26 12:00:00,97374.1033763886,99191.87646744314,97209.81964737826,97428.80994107788,901.5342472342196
2025-02-26 16:00:00,97403.66936382532,98255.0146035199,96376.55421673425,97763.28183480774,1107.339800399015
2025-02-26 20:00:00,98267.6172045483,99890.72540377108,96498.29551415786,98323.1156270348,927.3205290235885
2025-02-27 00:00:00,98245.18200243928,98409.6428257033,98218.92536078749,98269.63445217026,950.0468839771311
2025-02-27 04:00:00,98889.34678848191,100024.21014630845,97775.60455220962,99061.99052432601,1167.299330676341
2025-02-27 08:00:00,99061.57557383167,100034.86811240335,97812.42882467044,98710.90073046407,1026.2848115100571
2025-02-27 12:00:00,98643.0195170697,98841.20925671933,98260.60604826664,98369.82322678422,1099.4586372095248
2025-02-27 16:00:00,98605.47478927467,99079.5431307895,97427.65853875717,98403.98861126819,1086.4980100605183
2025-02-27 20:00:00,97468.60554507769,99328.73601385589,96219.5711449441,97843.77970116869,889.6846079796414
2025-02-28 00:00:00,97082.19803981605,98063.07921175032,96177.73150958697,96893.59867698091,1145.124098449443
2025-02-28 04:00:00,98096.46273055961,98815.1583670557,96668.57814433849,97694.98420772397,941.2168708116903
2025-02-28 08:00:00,96929.06885043618,97260.43421734971,95020.24490378652,97000.24951513867,1087.9171227006914
2025-02-28 12:00:00,98856.78677495889,99922.49089321126,97247.97219285129,99118.4556772861,1028.7774813726828
2025-02-28 16:00:00,99011.1834028377,101381.99872133756,98566.00515978162,99491.6374347202,980.3487930961314
2025-02-28 20:00:00,99450.65343817355,101067.98181876281,98899.18242183105,99201.4928097516,1049.2480838174392
2025-03-01 00:00:00,98740.26601686582,100024.86634003412,97910.88539044763,98989.02684067316,912.2456578674207
2025-03-01 04:00:00,99472.94625447819,100883.06926780364,99248.97660516307,99561.7558967064,1138.5843807395854
2025-03-01 08:00:00,97896.79149818113,98373.84203898713,97554.42487113705,98064.2953565584,984.2793746797892
2025-03-01 12:00:00,99757.73189979048,101043.88361143041,98010.22807242884,99493.79699055632,830.5335459364561
2025-03-01 16:00:00,99202.60279912896,100708.50182162315,97408.72561644446,99398.24138768006,968.260930649947
2025-03-01 20:00:00,97669.7257827656,99695.35979664112,96860.9709252284,98158.2568150394,900.8829684742007
2025-03-02 00:00:00,98457.49563550233,100128.26661196428,98147.3226451502,98238.11604212239,1002.8636241206534
2025-03-02 04:00:00,97797.90086612117,98182.44608552622,97784.30043112025,97871.69821557419,875.5071770034526
2025-03-02 08:00:00,99960.63910525099,100335.84218566383,98952.85205095849,99737.24215156389,1079.2732715945372
2025-03-02 12:00:00,98196.9812298195,98928.14714175876,96675.34130260962,97903.12859006673,1068.5493045820058
2025-03-02 16:00:00,98826.18711093425,100582.97443145195,96983.73354571393,98514.04141584827,1131.2377972107063
2025-03-02 20:00:00,99209.10232516233,100069.82893519127,97008.83154436888,98835.2878781221,941.405134978504
2025-03-03 00:00:00,98726.56183110674,100599.92881567458,98474.86862317777,98703.71414411068,1143.703966125656
2025-03-03 04:00:00,98248.1068794715,98779.10775047261,97484.28068944278,98108.06674896492,1004.6048213182555
2025-03-03 08:00:00,97791.92765969103,99348.07121472612,96983.50912891729,98124.06421294443,916.6132081065095
2025-03-03 12:00:00,98522.51053936171,98628.4295417281,96851.14052392117,98257.67220740531,924.4086968276252
2025-03-03 16:00:00,98382.56667939926,99659.63733725861,97778.84009081518,97978.7001164849,1142.0616110789867
2025-03-03 20:00:00,98596.1358242855,98927.47161265345,97606.0944049459,98169.4597078649,976.0326900825389
2025-03-04 00:00:00,97068.9991166856,98404.72293030791,96194.0601669341,97371.55061300014,872.0721785115694
2025-03-04 04:00:00,98588.8787044768,100133.40686121429,97793.14308885508,98228.88371149823,1161.3794446868278
2025-03-04 08:00:00,99411.39152702937,101140.3251963837,98026.75689950775,99644.85067866629,904.201466994392
2025-03-04 12:00:00,97598.21900976998,98784.95573879544,96889.88903496339,97603.9095490108,1160.485587952263
2025-03-04 16:00:00,99116.79011191727,100448.93145499943,97589.13822201623,99502.37879902861,1044.709382287694
2025-03-04 20:00:00,98127.50728768713,98841.49231508412,96517.30531808831,98549.91402070306,1068.8499058539246
2025-03-05 00:00:00,99454.10700123601,100627.71306498004,98502.19183449945,99274.09846995462,1047.8241749839954
2025-03-05 04:00:00,98490.34180043718,99880.76796745494,96380.26665420539,98277.04940214955,1133.561033614344
2025-03-05 08:00:00,98309.12012304203,99580.23204773788,97874.22032059293,98277.56831735946,949.0935240908935
2025-03-05 12:00:00,99912.43582373294,101553.87221974075,98635.87358266578,99868.41114364215,866.7072611786434
2025-03-05 16:00:00,100499.75266461632,101180.25056445829,98890.62425588354,100005.10330343152,998.1460470137933
2025-03-05 20:00:00,97749.9557381499,98326.18881487638,97638.52886726214,97895.060808411,1124.543552122023
2025-03-06 00:00:00,98259.21566826745,99506.05745299619,97695.95707352397,97789.72786649391,1161.7333188708194
2025-03-06 04:00:00,98316.82402806221,99914.37913016006,97108.62399831584,98569.69453084026,1057.697041193367
2025-03-06 08:00:00,99749.53299637424,101029.52318784533,99422.66506825123,99714.26465656763,1195.6883701064044
2025-03-06 12:00:00,99483.01514854706,99531.07678187208,97214.06041772544,99024.42746234614,1146.6584706580556
2025-03-06 16:00:00,98130.791989528,98946.45019735128,96496.31132809272,97654.99098074627,1066.8746422798508
2025-03-06 20:00:00,97851.21857687473,99338.68334834617,96494.20134684702,97899.73007323535,880.1017153836235
2025-03-07 00:00:00,98416.89624507871,99897.42910932393,97168.82286259337,98698.25861767979,1104.3922325533854
2025-03-07 04:00:00,97959.34478893143,98463.72251203624,96742.26420723849,98006.38187927361,993.6133450607142
2025-03-07 08:00:00,99178.77708414092,100026.67609361067,97208.55646352281,99327.05610884703,978.9479857733389
2025-03-07 12:00:00,97574.01941754961,99760.98020275743,96851.89853530623,98009.24629382326,1024.6457053133845
2025-03-07 16:00:00,99097.98064528611,100053.59622772978,98077.00704212068,99371.41829143539,1065.0666513815831
2025-03-07 20:00:00,99560.85824184507,101629.95050859412,98663.44966901404,99671.86365588859,974.376356473502
2025-03-08 00:00:00,98891.54174320133,100687.12982605278,98006.08469517838,98449.92903900443,935.5031673275201
2025-03-08 04:00:00,100158.55576966547,101796.05059734953,98893.13342187171,100002.33669853128,880.7167747110518
2025-03-08 08:00:00,98894.19253766502,100452.1867562719,97306.24827538512,98560.42478342514,948.4571354769583
2025-03-08 12:00:00,97197.26901884197,97759.95156324391,96186.96483563259,97407.54906367396,1071.1734745690828
2025-03-08 16:00:00,98789.8030340294,98954.22468674282,97480.7800846585,98561.80281758754,1192.1011426616822
2025-03-08 20:00:00,96897.9962202458,98602.97323124034,95936.78419536106,97295.25644530161,935.6861870562954
2025-03-09 00:00:00,98245.38257790817,99326.73849218016,96239.97732938066,98065.03750818984,1004.6598358456555
2025-03-09 04:00:00,99082.71982921628,99348.08013015504,97605.03056206345,98693.47372050899,1039.8763050983073
2025-03-09 08:00:00,98689.20919161003,98918.35376729988,98072.87344350129,98530.46080640382,953.4323085192857
2025-03-09 12:00:00,99931.14766143143,100664.22594992015,99618.35289893686,100076.18898938608,915.4772877503467
2025-03-09 16:00:00,100043.28120788846,100099.05988201799,99022.02120848108,99630.7608293138,875.8998188382582
2025-03-09 20:00:00,97885.8996348801,98462.23603234167,96599.17872753766,98005.36709681326,986.1569631468707
2025-03-10 00:00:00,98518.8443823243,99788.44259862849,97407.97725971021,98930.50577031357,1062.2699649282881
2025-03-10 04:00:00,100319.5477641666,102231.514879644,98525.47643121723,99887.04929362515,905.3463273974738
2025-03-10 08:00:00,99761.33907164074,101806.56448507596,98719.62991987051,99963.64068691654,1052.1406888287795
2025-03-10 12:00:00,98374.16887553406,98500.45398408704,97290.72292791771,98213.35090880496,1072.7771070398787
2025-03-10 16:00:00,98383.84874315608,100205.25000547829,97932.99267148781,98571.2822095483,1137.0493721941175
2025-03-10 20:00:00,98303.84500705604,99339.77110493384,97384.65417395796,98423.42322873138,991.191894048213
2025-03-11 00:00:00,97560.68073791548,99272.85701662797,97420.75502894259,97872.21710366002,1045.9966443548492
2025-03-11 04:00:00,100184.37969567193,101562.61974413447,99393.60741378389,100176.95590779842,1143.1575910544766
2025-03-11 08:00:00,97216.39256785189,98504.78884554363,96312.53078439498,97641.46439674734,853.7205141806229
2025-03-11 12:00:00,98459.19913335635,99315.16227337478,97160.99270206683,98354.92399865379,844.5174313141924
2025-03-11 16:00:00,100175.23056832288,101843.70650849596,98620.82642961532,100032.73050978871,1187.6176670222628
2025-03-11 20:00:00,98191.08462730654,98395.69422785511,97154.10855357171,97784.17795049035,1116.861461210514
2025-03-12 00:00:00,99812.75141399374,99978.55066352381,99347.39660378297,99718.21234896734,903.1105223572484
2025-03-12 04:00:00,98518.17303681944,98982.49045104632,96917.61686557249,98321.87758466396,903.8083486438748
2025-03-12 08:00:00,98483.76860889672,100221.46755655894,98225.43487465302,98673.91732816413,862.5830313107052
2025-03-12 12:00:00,98075.19203643285,98241.24151734723,96638.38819122555,97840.66781416762,1016.2706939624951
2025-03-12 16:00:00,99914.17011900524,100563.05973074147,97776.30206057554,99595.18019827362,947.5111723472398
2025-03-12 20:00:00,99194.18076546676,101258.62063249032,98332.85749595393,99555.90575706188,1065.4055927203453
2025-03-13 00:00:00,98536.51475854761,99562.41002439219,97536.22768353464,98690.27894840932,805.9683829881835
2025-03-13 04:00:00,99338.08350505363,99907.3112174314,98452.85838581857,98939.43304022153,890.9086240732714
2025-03-13 08:00:00,99106.03904288572,101265.66902789914,97731.03461544574,99363.21215353563,1105.1290846608545
2025-03-13 12:00:00,98011.073598008,99418.3170258847,96656.20114746057,98443.54728704045,924.3957830168188
2025-03-13 16:00:00,98049.06786930816,98599.86868376895,97426.1270018199,97852.17232009208,860.3132773182963
2025-03-13 20:00:00,98879.10871770259,100604.93195880785,96754.62505401751,98576.53121126468,1073.2434584191142
2025-03-14 00:00:00,98584.54382306428,100818.79170635027,98115.52989984458,98944.15395679785,1187.6195140027858
2025-03-14 04:00:00,97846.51183796019,99287.74921272632,97155.12305759315,97794.5848458795,1115.472033324596
2025-03-14 08:00:00,100380.46417632935,101888.25251346987,99445.60506665,100553.35052846256,1102.7581935293083
2025-03-14 12:00:00,99726.51287087522,101728.88603416705,98072.29805085958,99998.55368675929,1103.528042349143
2025-03-14 16:00:00,98893.93985049857,99277.9005726189,97213.91962375269,98651.09019893366,1140.7897154880188
2025-03-14 20:00:00,99397.69113194561,100813.75066632338,99270.35960753696,99480.65702535032,958.9425915893826
2025-03-15 00:00:00,100532.94808604878,100534.98772571814,98625.67000776986,100130.06519414758,998.7321368543033
2025-03-15 04:00:00,98471.24090363545,100335.22631017213,97108.9190707889,98424.65480699585,863.0355089265086
2025-03-15 08:00:00,98101.36390504424,99702.54510946872,97911.38088681099,98375.37893262807,1191.6056367079018
2025-03-15 12:00:00,99120.61196121655,100417.99819907367,97972.85562824212,99102.8944656117,970.0080834064802
2025-03-15 16:00:00,98620.8581004406,100830.07225055578,97993.90635165502,98959.31082808113,1041.60395026011
2025-03-15 20:00:00,100150.00249819686,101436.0112719014,99967.30219107681,100217.10823062394,888.2715976980533
2025-03-16 00:00:00,100313.38442847585,102001.47106357393,100189.24143787709,100438.22428509199,890.8558988641228
2025-03-16 04:00:00,99109.99959213173,101247.18778754756,97849.88539635338,99477.57295017586,814.8455214078908
2025-03-16 08:00:00,98520.06066730671,99741.5390728464,96795.82253902919,98091.53163684919,1170.3253459259774
2025-03-16 12:00:00,99280.89432868031,99884.87326089118,99150.55567526925,99530.25645686444,1123.1364920111741
2025-03-16 16:00:00,99857.08367799704,101517.45673311695,98037.17381590682,99534.22009642365,894.1316305545607
2025-03-16 20:00:00,98910.39409770997,100285.9903188964,97233.02476593162,98652.29318097582,833.942284336767
2025-03-17 00:00:00,98131.5054830396,99731.91225656589,97400.33352288052,98092.70965208282,1170.155853985771
2025-03-17 04:00:00,98784.24922234491,99206.33762177598,97247.58693076237,98568.4369322773,950.1428096303508
2025-03-17 08:00:00,99796.4248431282,101488.91119632874,98556.17316053149,99413.66662306948,1172.4991962457293
2025-03-17 12:00:00,100627.91576049838,101008.14792241371,98807.41810794853,100132.51092117958,1037.3400764800426
2025-03-17 16:00:00,97802.75536530097,98645.0977841295,97423.74527828307,97830.56438760777,1055.3188361581056
2025-03-17 20:00:00,98263.54685783944,99090.88023698947,96938.52112969682,98611.30555162358,1020.8339994741046
2025-03-18 00:00:00,98764.62392694749,98948.8602998021,97977.00244785282,98679.75522196156,1052.1949386929484
2025-03-18 04:00:00,97605.76940274784,98556.91134231981,97458.6426646648,98083.09094132419,1169.1775144426265
2025-03-18 08:00:00,99762.91548186484,99974.37455628168,98685.05008998359,99458.93567231407,958.9736894336993
2025-03-18 12:00:00,98160.19165346456,99370.07919898478,97317.39258113403,98226.2330356739,1113.9248829411836
2025-03-18 16:00:00,100138.65301397626,100740.26348142313,99072.34146981912,100524.5932094166,982.8436724339099
2025-03-18 20:00:00,98436.70364689536,99892.64097960162,96734.78455155856,98377.59879903101,859.7827053788939
2025-03-19 00:00:00,98485.46902408663,99565.25738548857,97216.97090592216,98169.43445561363,855.3479536845266
2025-03-19 04:00:00,101030.38254313853,101889.75341914086,100629.09726198447,100742.1234272725,953.9584874049149
2025-03-19 08:00:00,98718.85908655051,99950.79898442524,96601.32693066336,98406.37490912598,1192.1602428201245
2025-03-19 12:00:00,98316.43431695904,99011.79427570246,98161.12351520122,98727.1771672341,1011.434010395588
2025-03-19 16:00:00,99779.83411159136,101547.27522839523,99162.4359804609,99441.70139149504,964.6657436498488
2025-03-19 20:00:00,100323.23333252575,100727.2992906569,98718.11061850087,100324.87759054442,804.7651397520765
2025-03-20 00:00:00,99221.63721499126,101434.43885953825,99021.01000969094,99447.16791553845,800.0094238633621
2025-03-20 04:00:00,100794.44393450879,101082.34079303013,99117.34279336518,100914.93607635578,986.1337385291681
2025-03-20 08:00:00,100816.8798477627,101226.82353654748,98715.8319525436,100632.90260442966,982.8319232326788
2025-03-20 12:00:00,100771.19331363583,102545.15678979743,99099.05901269113,100475.35118522741,941.0640907489104
2025-03-20 16:00:00,100334.9656905934,101618.39873421656,99101.62301935299,100782.42686410966,1168.2286726364237
2025-03-20 20:00:00,98183.00543473511,98813.59309000541,97068.45139480112,98541.6085484969,872.6292518579803
2025-03-21 00:00:00,100506.78998937987,102289.06284734892,99405.51874439993,100818.70863495705,1020.3933869667867
2025-03-21 04:00:00,99107.0768918089,100236.25252855018,98616.75201685933,99084.09292512396,1087.9198209440137
2025-03-21 08:00:00,100004.7225509796,101363.14603920518,98391.80267499122,99744.88111031854,1145.9614299890786
2025-03-21 12:00:00,99372.55969858014,101131.70516178959,97462.2991563183,99141.1705797294,1120.2617557720687
2025-03-21 16:00:00,99936.53804914848,101545.37043364072,98122.95329869211,100411.27125995241,914.5646093774332
2025-03-21 20:00:00,99250.73228824169,100187.59608493821,98464.4932139663,99310.69178290096,1097.0049473524514
2025-03-22 00:00:00,100021.33606507424,102080.67587898142,98952.71409361146,100137.53149084568,1094.2715953610455
2025-03-22 04:00:00,98472.04240329462,99501.29663214336,97347.85980253185,98249.76795314945,1175.3640781356837
2025-03-22 08:00:00,98386.44127373326,98710.54075178037,97246.13511830452,98286.58104644707,1097.7479129807748
2025-03-22 12:00:00,99040.61944631302,100906.84431256159,97178.99674114955,99478.27880014319,911.9496287205701
2025-03-22 16:00:00,100115.31784935691,101189.55653568236,98156.05061346566,99962.59204394797,1135.6568043849252
2025-03-22 20:00:00,100015.31020504046,101232.38077832952,98967.80711314279,100384.22278453725,1023.3490639075571
2025-03-23 00:00:00,100258.93856417143,102143.7516568289,98804.61278462986,100053.3006789868,932.352017053219
2025-03-23 04:00:00,98415.52036673362,99377.39982359094,98175.58694561443,98307.16060397516,1081.7840992533609
2025-03-23 08:00:00,98659.46158901847,99897.79994300337,98293.50652643359,98961.46050769275,837.0622973364252
2025-03-23 12:00:00,101437.6993352679,103337.64527931984,100597.2660265243,100984.49826003792,1051.4414832071466
2025-03-23 16:00:00,100217.13022514476,100957.8315798909,99395.05810481828,100432.41833625542,1155.5697988460488
2025-03-23 20:00:00,99249.42710763807,100078.52489743014,97413.67400294461,98906.34829633264,821.1758681667241
2025-03-24 00:00:00,100752.35413289584,101940.86187960976,100088.2717152474,100346.88771237418,892.0364549675892
2025-03-24 04:00:00,99100.08803231471,99550.69096062404,97431.494216627,98799.5458817897,1010.7109577942898
2025-03-24 08:00:00,100100.03052931781,101038.4691694188,98573.28538158367,100500.73783856514,969.5791924548649
2025-03-24 12:00:00,98700.22165228042,100638.93582015508,97767.25197559726,98621.85428702936,1062.531817509588
2025-03-24 16:00:00,99691.7102011633,99784.27655621414,97386.0430979603,99215.80428168636,1126.5953153622218
2025-03-24 20:00:00,99165.60217791212,100595.4605971713,97374.59135749014,98824.04414723859,836.5491546510152
2025-03-25 00:00:00,100814.21014161171,102510.44942663172,100086.37767980534,100336.7707185252,1142.0655661119827
2025-03-25 04:00:00,99634.75219874788,100337.99958590175,98970.59363594232,100020.43347360642,1149.051030027365
2025-03-25 08:00:00,99292.63580496577,99854.07794121964,98577.84980739093,99479.66209365848,970.3347720733416
2025-03-25 12:00:00,98908.97772213437,99735.86035953165,98692.92900250929,99170.12703770718,989.2435139905574
2025-03-25 16:00:00,99262.58664536617,99505.1703410307,98782.57650507834,99431.51135197106,925.3271809502215
2025-03-25 20:00:00,98869.11878929852,100603.50607115267,97576.6095390316,99095.00603158958,1178.5928722766077
2025-03-26 00:00:00,100667.46043947629,101978.0138010964,99916.96161340954,100541.13043711545,896.6539130680003
2025-03-26 04:00:00,99336.30271610037,100020.39919326371,99299.78960332656,99570.89665862588,867.7194104249232
2025-03-26 08:00:00,99155.67667235948,100539.46568566874,97541.11245622294,99649.04017247775,901.6786971584971
2025-03-26 12:00:00,101429.44571521244,103310.27015316127,100814.29732585492,101283.86401648424,1015.1652923645473
2025-03-26 16:00:00,101079.4609653236,102376.45240008162,100595.54162902443,100992.16564626693,1018.4626643051274
2025-03-26 20:00:00,100502.85734956803,101923.40380289684,99198.07832576973,100485.46765480987,1196.7117703333433
2025-03-27 00:00:00,99710.58194090992,100380.6959626633,97599.35996549058,99304.30032648449,814.7697698859371
2025-03-27 04:00:00,98413.32875087166,99239.0942990994,97914.8378458011,98562.58245085042,940.9876719706244
2025-03-27 08:00:00,99054.92607765074,100481.67717379484,98811.05172229704,99265.9374410616,1042.507087172131
2025-03-27 12:00:00,101374.48408076202,103337.3645513476,99349.66778826485,101156.46315673123,813.0624541106503
2025-03-27 16:00:00,100750.75687611294,102592.9849647752,99435.84530543818,100446.13176837385,1153.5963234244791
2025-03-27 20:00:00,98895.63224535192,100752.3135494869,97891.49464705912,98921.48108287109,1057.0111378356955
2025-03-28 00:00:00,101351.67043287407,102901.4587090474,101262.74590186615,101329.72976289617,907.4033768710764
2025-03-28 04:00:00,100137.66679096338,100718.49535691357,98907.37936088431,99956.80018543915,808.7745114798755
2025-03-28 08:00:00,100928.68056612313,101241.51057547041,100615.6678510557,100737.56135393678,942.1457386393405
2025-03-28 12:00:00,98896.94835343308,100259.87334771444,97531.91401054617,98845.51496945992,1115.395226620832
2025-03-28 16:00:00,99340.6083276306,100937.69814705933,97684.49700433853,99676.46107376103,1023.3732215231562
2025-03-28 20:00:00,99353.36380969024,100000.82315685693,98476.56800357235,99175.83130654936,974.067491450611
2025-03-29 00:00:00,99749.0667543832,101557.93576856247,98413.50158592511,99880.1909506671,816.8323326017667
2025-03-29 04:00:00,101310.78091289873,101827.1308472244,100869.62798688163,101215.94534893286,1040.1162034140377
2025-03-29 08:00:00,100245.63086592563,101300.01933380823,99014.08455851892,100493.23734911453,1014.3399003329642
2025-03-29 12:00:00,99770.4325651113,101759.3626560934,98977.8747825876,99920.79799261209,956.8277760883045
2025-03-29 16:00:00,101459.41108969336,101947.64204668977,100785.06793007514,101433.23518192739,1106.3515839919646
2025-03-29 20:00:00,98967.5693707848,99577.15037866383,98086.76902680717,99390.68844271294,943.2834927134331
2025-03-30 00:00:00,100617.5079126438,101868.6858650715,99189.3969118141,100224.65855476621,810.2226294531182
2025-03-30 04:00:00,99846.85418533417,100324.87683043211,98577.96535452505,100317.06535567285,1071.6594723212902
2025-03-30 08:00:00,99672.2623944227,100684.57464341889,98977.87565410214,99663.9607748914,1145.1018166723968
2025-03-30 12:00:00,99528.84939824417,99891.56884657466,97973.64591929753,99248.30470121693,1069.9620414156655
2025-03-30 16:00:00,99326.2851050864,100866.07474784614,99273.85921682927,99793.76157998605,828.7872189552976
2025-03-30 20:00:00,101053.67901293798,102324.55889405611,100750.64446790521,101481.54656128181,818.2395962104861
2025-03-31 00:00:00,101143.95831394257,101617.8137556895,100166.079612581,101082.4865542184,1087.0058903844324
2025-03-31 04:00:00,101032.5027839188,101537.98434324069,99862.0335148924,100566.88220301099,1185.395498260265
2025-03-31 08:00:00,100629.92284260443,101608.00482945463,98777.73762397692,100280.50513822581,908.3557983946009
2025-03-31 12:00:00,99044.34766208955,101147.73166646303,98515.75594495123,99509.87842329271,972.9980028640288
2025-03-31 16:00:00,101056.89076606176,101963.54114319522,99779.16369337593,101039.43392421931,889.0999144429949
2025-03-31 20:00:00,101158.7555619779,103013.92769813557,99088.63359314244,100702.03406369376,1170.3294180606322
2025-04-01 00:00:00,98367.10309477859,99496.99616370862,97571.21715274602,98841.41266755712,810.3315801090877
2025-04-01 04:00:00,99410.58570623965,99923.6322278457,97694.70661515587,98944.8747107546,853.2305066271535
2025-04-01 08:00:00,100619.06570014702,100823.90945233456,99307.46484499708,100239.72590756249,1050.6142164044595
2025-04-01 12:00:00,100716.75827541373,102010.26642137083,100267.21037457167,100644.62107453392,935.2127651599119
2025-04-01 16:00:00,100786.49917395842,102533.8462651705,99904.53483557951,100421.51813395809,909.901341404008
2025-04-01 20:00:00,100289.54726881578,101499.3992715781,100135.45437687598,100773.62294714949,946.9665213180494
2025-04-02 00:00:00,99713.04102582742,100318.07567458093,99158.96639286693,99457.85009699706,878.2496104336423
2025-04-02 04:00:00,99329.59797898347,99850.80241866317,99277.7676504283,99432.67610512486,895.3634091177443
2025-04-02 08:00:00,101402.97331558212,102921.81135493379,100830.35276359058,100983.79629168249,933.5469665346659
2025-04-02 12:00:00,101238.99864717864,101637.89622574959,100592.67744372677,101206.78615896366,1167.603748743833
2025-04-02 16:00:00,98883.87149043332,100029.53799534724,97243.67194097371,99213.63598278583,888.943935036571
2025-04-02 20:00:00,101370.60024595202,102797.7962629414,99398.31226176213,100882.11634751443,1008.3198531386852
2025-04-03 00:00:00,100064.2478199714,101376.8941445234,98123.30325354318,99976.23236155086,1113.9259340206117
2025-04-03 04:00:00,100555.72970602234,101739.42025896769,100004.56549567205,101030.85133540057,867.2073994272256
2025-04-03 08:00:00,100327.25120179106,101724.00161253139,98150.86245946168,99936.88550323738,988.165659979152
2025-04-03 12:00:00,100220.69681427248,102363.21388217881,98842.83566066997,100625.78222093976,960.6296260331749
2025-04-03 16:00:00,100431.67823214873,100861.03211828714,99880.78724439698,100512.57405472628,1155.4877844255916
2025-04-03 20:00:00,100250.74443674035,101552.6612164579,99708.0286121014,100671.64800536007,1140.441920801642
2025-04-04 00:00:00,100592.67552421862,101609.13618164689,99865.38865182591,100984.34549195602,927.5003403865373
2025-04-04 04:00:00,100786.30491005743,101542.12140510051,98781.54487196908,100530.21152015585,839.4330126790779
2025-04-04 08:00:00,100448.06600007822,102134.4423772913,99696.4014998217,100474.71602341297,1161.7524815078502
2025-04-04 12:00:00,100070.06145925916,100263.45030181968,98239.56414305358,99677.6248683955,935.7439837061763
2025-04-04 16:00:00,98960.98663824308,100829.28895381122,97483.53492145687,99004.69806946589,1147.3329257613464
2025-04-04 20:00:00,98987.12854766626,99697.18846423579,97125.57936116941,98858.45503867268,1122.4468182781102
2025-04-05 00:00:00,99780.0015097488,101714.1055132978,97883.86697677651,100263.87379700271,961.855677854895
2025-04-05 04:00:00,99398.20239833929,101055.8789236543,99148.16208732485,99733.79580557854,1190.115269312007
2025-04-05 08:00:00,100529.16331318059,102375.77475050099,100043.30865101653,100276.46155196168,1165.892253733055
2025-04-05 12:00:00,99756.44636141366,101631.88355016631,97887.72927382667,100151.02783679015,894.7316160324356
2025-04-05 16:00:00,99946.92516212101,100866.57498875211,98085.69947818003,100408.15585811147,1180.3160835620504
2025-04-05 20:00:00,100590.38484189434,102673.58242910914,98832.27888916536,101089.6271094426,1092.824429867722
2025-04-06 00:00:00,100950.48298290797,102925.36941706193,99784.7891539828,101269.50336120819,1195.6334246757879
2025-04-06 04:00:00,101076.088290718,102782.19697738039,99076.88376653122,101268.02816575264,920.6044575924174
2025-04-06 08:00:00,100867.77850447719,101881.53804986249,99843.46592451487,100726.16901969559,800.1767643573243
2025-04-06 12:00:00,101070.12682204582,101481.29486658552,100619.04769145927,100690.97489809306,1056.3880264056397
2025-04-06 16:00:00,99440.56592908561,101000.78042727642,98401.91212510901,99576.51406981377,857.9273015427965
2025-04-06 20:00:00,99913.21918188446,100147.7638538413,98757.8828874711,100022.47380226219,1029.6121433929509
2025-04-07 00:00:00,101544.45372294796,102362.3241553325,100066.0504858598,101161.23241066892,1003.7152143197708
2025-04-07 04:00:00,99637.41444164373,100270.3301087081,98455.85161659712,99341.74321403922,1090.5578745610685
2025-04-07 08:00:00,101774.54437034327,103943.53420956786,101395.62220638971,101971.12542004432,1108.5400791020293
2025-04-07 12:00:00,101777.81687042846,102770.27235272352,101066.18058587104,101805.22485127217,836.4969006982357
2025-04-07 16:00:00,101353.0973255014,102582.73280771825,100438.11947033585,101606.62373466976,965.7562744021436
2025-04-07 20:00:00,101018.36253573014,102224.45852870378,100146.76738254326,101454.68491542347,1008.7476440962766
2025-04-08 00:00:00,100320.70181490987,100512.22652673734,98435.55442114492,99893.88278287232,904.1189118667796
2025-04-08 04:00:00,101178.65542857305,103164.15668042899,100352.34949439068,101513.01811483075,837.3095108917074
2025-04-08 08:00:00,101202.02891151463,101937.84882467904,100162.90629860983,101043.68061310016,1024.3433441728362
2025-04-08 12:00:00,99459.70559157607,100131.49477664215,97697.36092053604,99178.67042034339,1054.8941273643693
2025-04-08 16:00:00,100922.68352893846,101619.31929986643,99274.75065334862,101293.83626842487,1156.8676284429614
2025-04-08 20:00:00,99368.83141490586,101165.29211599844,98592.92597194987,99579.87727686205,873.7188798790919
2025-04-09 00:00:00,101008.91806600249,101442.64490416001,100439.87931956683,101295.71555884725,1187.6538394633067
2025-04-09 04:00:00,100970.68329557615,103326.14798903839,100417.85529191788,101394.558735072,1074.2990292608513
2025-04-09 08:00:00,101798.05206666102,102682.87104623036,99695.29520167124,101548.50620506129,1197.5038951418278
2025-04-09 12:00:00,99458.03385457551,99494.18173160024,99179.89821031441,99480.9864017493,910.4475226195334
2025-04-09 16:00:00,100129.45553683095,100320.06217821669,99864.44285856327,100258.19515471978,1037.737690928603
2025-04-09 20:00:00,99616.54844875803,100990.0007547993,98454.65049443376,99768.92511998944,857.7653390300591
2025-04-10 00:00:00,101158.60484124398,102531.77936870712,101123.02527223615,101477.16853988332,980.4674092018791
2025-04-10 04:00:00,100046.10246215017,101211.37656469688,98746.98662046454,100284.01584094891,1108.1113354853119
2025-04-10 08:00:00,99893.2235112721,100903.84266998048,99834.0211286396,100019.7713979453,1159.0984468948016
2025-04-10 12:00:00,101240.08559723863,102807.10264747497,98758.13324090342,100750.55687713383,811.6676884012742
2025-04-10 16:00:00,101298.73854367092,102165.11033976242,99408.46610540352,100995.91214897699,1134.0110117532731
2025-04-10 20:00:00,99951.56366542181,100916.19564325378,99861.6996985795,100422.42729698139,1034.5288881965557
2025-04-11 00:00:00,99230.91518612082,99438.61468596788,98711.16001304289,99430.63042170789,861.0782889587873
2025-04-11 04:00:00,99999.45513476591,100228.06579860946,98004.65741630756,99956.79543063692,834.8291764546086
2025-04-11 08:00:00,100970.79793369562,101807.85243144911,100735.85332245429,100961.79481902982,958.4742496143948
2025-04-11 12:00:00,99839.7897114025,100858.71959847788,99337.14319915604,99784.85757736595,804.8696419226303
2025-04-11 16:00:00,102235.97631728227,103063.89242895994,100085.53680695342,101980.38518327478,856.8227432685585
2025-04-11 20:00:00,99863.4587420389,101480.17806534245,98179.56633103675,99423.61793621535,1059.9665316024734
2025-04-12 00:00:00,101311.70900657169,101666.26304586878,100964.7585790759,101240.6782350236,1121.4436750690263
2025-04-12 04:00:00,100939.5947929772,101204.277713285,100929.30946533232,100961.89499472006,872.3054429885401
2025-04-12 08:00:00,101083.14788777886,101217.44791151705,99887.70927610791,100640.31308808729,925.5672701216407
2025-04-12 12:00:00,101822.13143509107,102307.8872803024,100081.70207017794,102230.94478009362,1067.348772416829
2025-04-12 16:00:00,99706.16715916136,99891.97929967081,98115.56399221682,99428.52934472964,1154.3779170547127
2025-04-12 20:00:00,100709.9650902831,101010.63364077613,100189.9328115374,100337.9099316945,981.653087689356
2025-04-13 00:00:00,99263.86571003238,100191.34290785882,97565.04452817884,99361.95619979824,1159.8136273295017
2025-04-13 04:00:00,101071.94521058202,102613.3856427224,98980.83484576111,100699.4257843251,819.3719617114211
2025-04-13 08:00:00,100155.28026736868,101804.46889200844,100012.7750859649,100080.22004428007,831.0443353156672
2025-04-13 12:00:00,99208.71696571587,100125.41892743617,97474.95542116193,99595.53660440604,1055.8783368548407
2025-04-13 16:00:00,99296.1269111987,100372.2695449104,97408.4144700972,99460.71599906417,888.4721594370708
2025-04-13 20:00:00,101897.1337171818,102798.47088434822,101544.0522557237,102098.08483008301,1013.192264977715
2025-04-14 00:00:00,100521.91967572119,100776.39023038172,98879.24703350158,100299.80914419651,953.4977406673472
2025-04-14 04:00:00,99798.74992715848,101086.40105921811,98722.93065664313,100053.63308145352,963.6724553130407
2025-04-14 08:00:00,99768.36390934467,101182.74814313407,97938.71435883958,99988.5085615611,1141.4243443252617
2025-04-14 12:00:00,101864.08697514457,103676.48548697008,101791.49552953041,102281.91339264273,1178.2471211464117
2025-04-14 16:00:00,99852.90416295028,102194.57027317992,98795.24799715064,100209.13633837568,858.392822107941
2025-04-14 20:00:00,102586.31145399554,102806.87368437398,100337.48280022982,102368.33420937542,866.0612453470254
2025-04-15 00:00:00,100151.29439463626,101735.55636600453,98385.25438210888,100374.53654648003,920.439733659818
2025-04-15 04:00:00,101156.32004811568,101191.71609056676,100915.02140021509,101180.78270529704,973.049200459331
2025-04-15 08:00:00,99917.82891474476,101171.38292553497,98269.62815717068,99796.59691890208,1176.273482303651
2025-04-15 12:00:00,100130.30343728216,100733.94497378507,98449.71977262075,100289.29383593131,802.639983939555
2025-04-15 16:00:00,102644.38230504868,103955.51107680268,101481.47223062666,102147.46335557052,986.1620456352227
2025-04-15 20:00:00,99734.20297900197,101918.00094071786,98636.42017280892,100025.64605858178,1157.0518065653837
2025-04-16 00:00:00,101910.34665921443,103240.7316300663,100722.86218251927,101906.1722984924,1154.665620325602
2025-04-16 04:00:00,100003.46090897331,101595.82767278451,99350.28722565716,99535.07213035878,1184.6108096140722
2025-04-16 08:00:00,101857.345728189,103553.98071323104,99762.53515793414,101718.0049483589,1053.429703861183
2025-04-16 12:00:00,100720.8294330875,101235.78499498969,98441.2770836707,100336.12866040552,957.3802447707463
2025-04-16 16:00:00,100258.53897058373,100869.5760962085,98640.47523740586,100036.21872164511,900.0844033281835
2025-04-16 20:00:00,101250.88353589486,102970.8281035873,100997.20387072314,101183.75113227565,970.7673458697309
2025-04-17 00:00:00,101088.2193377388,102868.79321586638,100901.41814611813,101133.18975315455,1100.5780350567552
2025-04-17 04:00:00,101287.29044927875,102666.09472454085,100715.45424710237,100968.1497844843,1076.5385672178102
2025-04-17 08:00:00,102133.22540633185,102927.1279832042,101011.96589137572,101784.70018852265,830.0430699993778
2025-04-17 12:00:00,99981.20285860993,100686.8197776133,98416.38860898951,100288.78076308328,938.532771788643
2025-04-17 16:00:00,100844.6401012801,102835.48335960522,100496.72801640125,101011.97309517705,957.5802235742324
2025-04-17 20:00:00,99810.3261812816,100821.59101255435,98558.6484366384,100255.72826775155,1173.2705458801272
2025-04-18 00:00:00,99728.94789477516,100558.27790454705,97874.40403087676,100118.51072730668,1193.2663892109572
2025-04-18 04:00:00,100994.08111463148,101888.66951062549,99280.21197283737,101400.04166467211,928.1282419904827
2025-04-18 08:00:00,100108.5779275481,100873.27205736276,98842.43992363792,100191.61086903556,1188.3811449358777
2025-04-18 12:00:00,101377.69744802394,101813.35037554464,100390.97325835565,101266.83993156868,1176.6878597084956
2025-04-18 16:00:00,100624.76618437254,100691.31210940152,100453.62970586501,100465.76734789422,1058.7422957599413
2025-04-18 20:00:00,101573.21500778596,103384.40161976151,100836.71386725293,102080.19270717424,1097.8429332785581
2025-04-19 00:00:00,101075.77271750428,102105.88930232133,99729.03523984745,101246.99855940032,955.3283734660268
2025-04-19 04:00:00,102641.05562136407,104140.21954359436,101859.14705281441,102169.32443130456,851.6052071248118
2025-04-19 08:00:00,100257.04151263974,101168.75120739729,99492.81443340599,100647.89662323304,1138.7851160213363
2025-04-19 12:00:00,100036.41255708189,101903.9605287658,98404.11665068955,100087.72324431926,1075.5324241666335
2025-04-19 16:00:00,101865.91931616962,103155.17290316605,100757.2317750218,101794.40210729993,1074.889032344775
2025-04-19 20:00:00,102436.98009243734,103097.21078089705,101084.25905392272,102182.50241358532,1085.1735352560047
2025-04-20 00:00:00,100341.19284999458,101246.87733122389,98915.094041375,100093.14211806988,986.9115950017499
2025-04-20 04:00:00,101836.6934816311,103069.68756230535,99933.37056915139,102071.28796453973,857.4076795977355
2025-04-20 08:00:00,100708.31285959759,102276.7303210623,99988.2348918633,100681.90649313033,908.8990585753768
2025-04-20 12:00:00,101042.35155825707,102466.84721388212,99810.26783793935,101111.55370385927,1107.0878106707323
2025-04-20 16:00:00,100611.56806813017,101944.81274069767,99932.11525144105,100117.20673410424,1037.7713673627443
2025-04-20 20:00:00,100957.49820193813,102950.77801029089,99771.5028342735,100634.15498560511,1051.288823483775
2025-04-21 00:00:00,100486.88642271007,100957.27956382802,98619.9384999837,100309.82777315438,933.7416136839961
2025-04-21 04:00:00,101796.50538889249,103380.70714240224,100722.79506490052,102061.41136389137,1166.2016800310855
2025-04-21 08:00:00,101748.55238869785,103638.93063701228,100242.52059559838,102257.25471847632,931.2986145029648
2025-04-21 12:00:00,102649.07392501531,104320.6076878105,100707.77482660612,102638.00383416457,1189.3378536318319
2025-04-21 16:00:00,102993.35574796604,103739.51153337087,102089.24536470149,102738.2815934444,1043.1799212521312
2025-04-21 20:00:00,101405.67652188176,102515.2554706719,100408.55498827554,101682.44305836935,1126.8296086959676
2025-04-22 00:00:00,101041.95322105369,102592.16205253592,99087.98360891873,101368.15931177404,1081.2817718432607
2025-04-22 04:00:00,100454.87484485784,101304.17549786677,99585.71550170568,100135.51817576821,1040.198616916814
2025-04-22 08:00:00,102065.49486252255,103194.25413269653,101670.44435334575,102403.73471668451,1007.742165380432
2025-04-22 12:00:00,100361.9475643231,101876.3667599296,99389.09429606712,100550.06960216833,831.3879289677088
2025-04-22 16:00:00,100564.73958119945,102600.98855407762,98932.32517603715,100893.3448603947,1083.675462655101
2025-04-22 20:00:00,100415.08936309481,102377.78564916032,98525.719011531,100772.31709024106,826.6423139880918
2025-04-23 00:00:00,102362.73365043217,104358.08406700371,100658.33201906404,102215.6726937702,893.3449359903851
2025-04-23 04:00:00,101314.36913332906,103073.1040687883,99826.81130915927,101421.02916646608,1028.9524512092767
2025-04-23 08:00:00,99735.94937053989,101494.60286685546,98395.65239232124,100040.67294517053,938.3282131442243
2025-04-23 12:00:00,101378.70457501238,102540.74768152632,101370.16414699702,101743.7780932321,840.7726914308096
2025-04-23 16:00:00,102015.61380332838,104026.83399540733,100727.95405495334,101530.77668645474,1094.2717997313466
2025-04-23 20:00:00,102051.95753458161,102624.90212925705,101550.72645022026,101969.94901428283,978.820444651751
2025-04-24 00:00:00,100725.03517848796,103200.16688856047,99395.66010963437,101229.76337187593,1112.8411688543429
2025-04-24 04:00:00,99813.3400496458,100456.71553355758,99290.41819490906,99960.91612567667,823.1202764198158
2025-04-24 08:00:00,101621.36719887871,102074.20926813841,100197.33210297504,101910.98366678797,1132.8937982833795
2025-04-24 12:00:00,102776.82458541615,104787.40107160043,100852.9131434762,102928.91344968237,1013.8847764694763
2025-04-24 16:00:00,101572.367601331,103149.74205046924,100218.92041592418,101293.06911454399,841.1785450185124
2025-04-24 20:00:00,102941.65353698889,103077.98509061676,102289.27160547,102879.71909683807,960.3245726225326
2025-04-25 00:00:00,100949.22566280063,101836.3129088192,98808.31235748928,100583.1332356546,982.915079526122
2025-04-25 04:00:00,101934.48246203816,102824.17134687165,100418.03787258083,101678.5380715278,835.771040690982
2025-04-25 08:00:00,102153.32020907123,103461.13235211,101819.28734503132,101927.05459052007,1037.232697888902
2025-04-25 12:00:00,101232.39316411239,102187.71156402565,98843.60593208477,100853.9562252573,982.3511590870007
2025-04-25 16:00:00,100886.45083999669,102248.82492535273,100753.27448966396,101329.38722973851,865.1352771994915
2025-04-25 20:00:00,103430.52139043513,103818.3975730686,102591.03685554555,102921.71429594641,907.5093229501358
2025-04-26 00:00:00,101588.92457115998,103058.50058217258,99811.05638468785,101172.30485633417,1145.8823036812728
2025-04-26 04:00:00,100556.14162245102,101829.95150115872,98633.28598711701,101015.33035045268,978.5933168847155
2025-04-26 08:00:00,103183.49280967553,104600.40627494652,102036.09274894619,102849.28327453179,1027.2203841949859
2025-04-26 12:00:00,100609.7974462477,101595.25771226578,100390.02730250121,100821.3213088914,878.7749619154507
2025-04-26 16:00:00,101080.54805485767,103170.32322503548,99949.08696444423,101210.76613486103,1124.2729705860452
2025-04-26 20:00:00,101564.98331450352,103084.14910373001,100275.05097240901,101288.27225715441,910.331785713122
2025-04-27 00:00:00,103076.74545829822,103206.56420150785,101028.1708068258,102926.62102475042,1183.605602305071
2025-04-27 04:00:00,101971.94739725182,102382.31601563947,100412.75080565561,102360.9060450174,998.3379313002565
2025-04-27 08:00:00,100022.76608089241,100897.28828852242,98215.61346838792,100319.18022921782,971.368135151607
2025-04-27 12:00:00,101443.4590825871,101764.52038972842,99481.73826272116,101722.18419650273,1084.0876045972889
2025-04-27 16:00:00,102452.05064337866,103211.34416040048,101013.57730267128,102954.86345562259,862.4781285522445
2025-04-27 20:00:00,102285.36417978513,102358.07664769297,101992.20631570941,102147.81803520583,882.7250014181234
2025-04-28 00:00:00,100762.3212659052,102931.04749247116,100003.11993053753,101038.14086966464,1004.5559201375977
2025-04-28 04:00:00,102495.8930614321,103044.88528373824,100991.89993087399,102320.3263868281,1147.3436653796211
2025-04-28 08:00:00,102886.04875642336,102946.56066464183,101528.21256321835,102933.51412785602,876.828500257993
2025-04-28 12:00:00,102211.83200682144,102583.97071971411,101956.88597326523,102247.66960302125,1035.1475625932298
2025-04-28 16:00:00,100299.0283179088,101903.0436627627,99925.74654555591,100792.61738303793,814.8061827362778
2025-04-28 20:00:00,102603.0777148973,104674.48206362284,101059.84406523641,102807.68008934797,906.762849351648
2025-04-29 00:00:00,102751.11893749295,103759.68794895914,100572.7409631065,102502.65591495259,1087.0255363322601
2025-04-29 04:00:00,102971.95431477157,104754.57030914792,101380.1954412356,103093.0909409544,1192.6809209403593
2025-04-29 08:00:00,102251.25841026749,103236.51959260712,100730.48174212968,102726.78988825131,928.0326853800054
2025-04-29 12:00:00,102796.08661610188,104239.41013581173,100933.94432704947,102513.57163424345,1064.7410603187345
2025-04-29 16:00:00,102529.8042181451,104478.10775805694,101915.67121620527,102819.02542400268,1095.1835585359597
2025-04-29 20:00:00,100847.54526282758,101784.0570805237,100520.76980936121,101297.27335497316,843.1388279441302
2025-04-30 00:00:00,101943.9422536476,102352.17462514914,100571.77342239847,101899.15667728204,837.0472024394311
2025-04-30 04:00:00,101894.45359617511,102777.34801602285,101578.24966438736,102081.28797836014,1019.114406018597
2025-04-30 08:00:00,103021.19519669852,103229.89043910819,101919.53516789965,103108.61386614712,934.8802796455757
2025-04-30 12:00:00,101672.76969905997,102429.93991141873,100650.61619879436,101691.53046581318,1181.8012313052868
2025-04-30 16:00:00,102276.15613698831,102987.48229247681,100795.6817798708,102074.21659031391,1000.8821856411503
2025-04-30 20:00:00,101286.75255619297,102752.88721468557,100848.53731077544,101202.674758916,1174.86787065985
2025-05-01 00:00:00,102503.38544898972,103953.00033112406,100498.83017989356,102362.92517068154,853.3513430508032
2025-05-01 04:00:00,102208.63621996166,103097.32698027557,102050.58937426639,102635.52697297759,1128.4676663073687
2025-05-01 08:00:00,100566.07286022312,101550.67347622957,99640.04469836586,100899.58987930781,865.6728499475325
2025-05-01 12:00:00,103343.34212736887,104934.51812827085,101578.97772014023,102837.97795402887,1095.790784511885
2025-05-01 16:00:00,102413.35143806467,104766.53323572826,100555.53922577936,102792.65109718966,922.8411777472626
2025-05-01 20:00:00,101103.4293784198,101402.62562351703,100343.90644348197,100725.32701983169,1013.0819165083586
2025-05-02 00:00:00,101250.20790859588,102007.68922452147,100174.53651644969,101659.56788359751,1109.754964257927
2025-05-02 04:00:00,101038.20639190628,101909.03696963587,100764.56707229631,100790.52621880357,858.9892204072439
2025-05-02 08:00:00,101194.13585000437,102727.32083176535,99426.56214765082,100695.39401648854,939.1245825384674
2025-05-02 12:00:00,102203.81482010634,102751.96608977119,100751.87494622575,102434.22537728737,1112.8518913247544
2025-05-02 16:00:00,100593.01842571057,102019.31001111158,98685.65542154896,100578.53903113284,1105.6847053290708
2025-05-02 20:00:00,100833.18132682236,102140.18964532,99184.55921716007,101144.36859265398,1174.134963078312
2025-05-03 00:00:00,100910.82192679464,102397.53961592983,99840.39173965165,100614.56950541337,1027.7939172637787
2025-05-03 04:00:00,100292.66468546707,101947.88153263232,98371.70397335073,100560.59334269076,1074.4024339564644
2025-05-03 08:00:00,100949.03367630242,102030.2589377284,100329.36747223923,100653.030414883,957.271729568888
2025-05-03 12:00:00,103811.16473634707,105337.64580841584,101598.68741522766,103373.8098963893,1151.8758615030795
2025-05-03 16:00:00,102285.67185544355,103520.08025387136,101139.95342644013,102160.64088776452,802.3940800062837
2025-05-03 20:00:00,100407.56894377533,101274.44430995383,99452.06321385529,100535.29751936762,851.128574031414
2025-05-04 00:00:00,102591.20941182562,102997.46983371465,100811.77941080667,102992.25701242102,935.1762277998793
2025-05-04 04:00:00,102124.07254112078,103858.34418847614,102008.80341533531,102260.46187073078,1014.6916153634234
2025-05-04 08:00:00,101216.23948067121,103203.65754134186,99529.63148740033,100940.26969929184,1102.769062787485
2025-05-04 12:00:00,101470.29669428768,102973.69756192662,99326.21599719053,101081.17187022738,981.9621217030406
2025-05-04 16:00:00,101589.85422989947,103340.95721313635,101134.91752094337,101983.24483066706,1065.4493368084359
2025-05-04 20:00:00,103257.44091185613,105037.0868720693,102567.95735851265,103072.97232356048,958.6305683468772
2025-05-05 00:00:00,101255.59707648621,101518.15782854568,100102.76444254098,101347.52108703752,1104.4299469507566
2025-05-05 04:00:00,102020.89730183246,103071.0299343477,100963.44002179084,101762.89242302779,895.361112873438
2025-05-05 08:00:00,102331.76435273142,102857.15101978667,102218.5801736142,102845.66877680815,863.1058585653565
2025-05-05 12:00:00,102118.08125709664,102830.24618395542,99633.23698348337,101663.61885839913,1160.0298743971712
2025-05-05 16:00:00,101597.45781833524,103712.69014613803,100988.22228261772,101747.2730796505,978.5848401741705
2025-05-05 20:00:00,101612.23061054044,103310.7371001746,100673.72173909297,101411.59070849078,913.8286899611392
2025-05-06 00:00:00,102100.30350693243,102456.84340809428,102080.21815094452,102088.09240863711,906.8857175037949
2025-05-06 04:00:00,101133.63829939986,101699.87863257357,99957.97038832547,100730.45153705074,815.0799814114466
2025-05-06 08:00:00,101523.13372095047,102769.9610020189,99589.52158727768,101616.5198402006,1179.7062786145962
2025-05-06 12:00:00,100714.31638959344,101592.91127750509,98765.84543386131,100630.01057934474,1006.1164900501112
2025-05-06 16:00:00,102842.21642004824,104016.27088056834,102585.28172411845,102844.01030293909,1167.7757827814735
2025-05-06 20:00:00,103111.37534213225,103163.83055982669,102583.73002997726,102809.33952306896,905.3379799945219
2025-05-07 00:00:00,103157.55910616543,103610.86350900613,101094.7567468523,103149.15297363588,1049.7411454785934
2025-05-07 04:00:00,103486.74185358323,105019.74071401107,101510.15188509978,103624.95450398691,1051.4409787529512
2025-05-07 08:00:00,101894.00794299155,101944.319157305,99907.2591619817,101720.83885302578,957.2998152918951
2025-05-07 12:00:00,102036.70563090799,103098.31791239447,100784.94616669673,102233.2674379165,978.1490604940614
2025-05-07 16:00:00,101127.84958512228,102648.95332183957,99222.60631403323,101285.99570040853,1191.850141931477
2025-05-07 20:00:00,103625.98674990055,105692.513839541,102402.23100550393,103684.97524298237,1111.085396852896
2025-05-08 00:00:00,101114.28255219726,103068.08534558277,100343.02073985076,101539.56227533323,900.0607565371731
2025-05-08 04:00:00,101927.52550218209,103726.5574914883,100531.3307938528,102320.75111138105,867.1134308493454
2025-05-08 08:00:00,103440.18144019623,105508.29465827165,102803.42492834305,103520.87340292601,1154.861640379493
2025-05-08 12:00:00,101691.45496485126,102621.95184005429,99754.69318293451,101467.17809375408,868.5387541221055
2025-05-08 16:00:00,102300.03083987371,103100.05884693518,101912.60075430578,102301.85471549121,850.4690064391497
2025-05-08 20:00:00,103668.8380990333,105203.55405166042,101270.87924408798,103305.81721910958,1079.6493572302297
2025-05-09 00:00:00,101349.4693646104,102309.17894335501,100260.79069176354,101330.68760437168,1028.1776681718216
2025-05-09 04:00:00,102197.25743462102,103260.78186934306,100072.96397923153,102048.53949043428,1007.2371211967471
2025-05-09 08:00:00,101862.82121902677,103106.10779714242,101546.8188642123,102243.97732849428,1095.3329678779196
2025-05-09 12:00:00,100889.21094165018,102176.48970340179,100070.66328169496,101200.39948721917,900.2011446322243
2025-05-09 16:00:00,100883.1058007768,103034.09610080645,100829.1192344683,101336.69658114178,814.4508201153326
2025-05-09 20:00:00,102553.10676873254,103183.6092838475,101602.01270076707,102877.06462452003,883.2021640384036
2025-05-10 00:00:00,103402.11699348326,104599.44023814167,101424.49069544776,103611.1307446147,1155.3943187720158
2025-05-10 04:00:00,102437.37228971209,104546.43633806142,101074.85894713044,102666.5142071398,953.3775001910371
2025-05-10 08:00:00,101048.54472818972,102642.17083261361,99139.02380662394,101437.97265756282,1169.2184423164804
2025-05-10 12:00:00,103154.3917242468,103850.56311163327,101086.37686811945,102734.05010676711,841.2545054312594
2025-05-10 16:00:00,103316.0112026326,105044.63917481186,101314.41302450697,103314.43163431372,1186.93474366174
2025-05-10 20:00:00,100345.6166924896,101364.5068885495,99364.45909502423,100842.88545687859,888.9821231118046
2025-05-11 00:00:00,103234.80133610303,104774.06236754142,101756.29863848569,103471.35712326145,983.0626335923049
2025-05-11 04:00:00,102786.23795265901,103000.41011886536,102006.78388508299,102318.2002579931,1012.4162700412371
2025-05-11 08:00:00,101764.12682735123,101819.51305514447,100864.07748557134,101398.34158827366,922.9339748730346
2025-05-11 12:00:00,101241.57058090463,102252.87287125066,99701.86864762487,101380.44556714276,1026.5744929624107
2025-05-11 16:00:00,102374.1280696246,104496.25920104157,100460.25758649295,102796.77745100626,1140.3786248444205
2025-05-11 20:00:00,103076.56231845244,104429.9068326435,102321.84341301178,102984.55150630063,896.7206427265725
2025-05-12 00:00:00,103168.08758844165,105310.44904624727,102176.9416797299,103625.2388201383,1196.5771372250504
2025-05-12 04:00:00,102133.76619819459,103534.43621143168,101372.03289285941,102282.1597202639,980.391673737224
2025-05-12 08:00:00,101139.11386018203,102765.91480925005,100596.44447348818,101085.35272067871,955.4490185478746
2025-05-12 12:00:00,103305.3018564354,103594.28428548461,102073.715007525,103309.34180024893,973.263436309256
2025-05-12 16:00:00,102732.09636901587,104070.77833758827,101659.57663541795,102960.77130792443,1181.5528201652946
2025-05-12 20:00:00,101470.52680035832,102120.2659724053,100689.26598421196,100972.24254727349,1030.5187679617216
2025-05-13 00:00:00,101340.12167440182,102873.93026765694,99837.67985760375,101505.40447246449,1075.813629991749
2025-05-13 04:00:00,103810.34034147054,104662.30008396793,102911.2510624883,103420.1983921112,933.9894865945553
2025-05-13 08:00:00,102387.68172868666,103709.5152475506,100176.64487484195,102191.2522267345,1029.973525316095
2025-05-13 12:00:00,101298.11472592878,103063.78773886121,100644.2421567397,101049.94218458021,993.2605451864728
2025-05-13 16:00:00,102787.25132516927,104074.7805715434,100848.05383524657,102896.85368669637,863.1373114588272
2025-05-13 20:00:00,102553.97868472594,104221.41933729741,101715.31190692756,102355.12447335359,1166.8647168263315
2025-05-14 00:00:00,103760.51515765133,103920.38203241433,101764.47874523727,103590.99648474512,1117.564424183276
2025-05-14 04:00:00,100872.74727109045,101767.81354861146,100672.57834930543,101149.61678211705,818.7681525997821
2025-05-14 08:00:00,101640.7336290711,101863.83535431276,99613.61939432495,101200.38436370167,1172.118346698794
2025-05-14 12:00:00,103154.79927185256,103204.05514926274,102003.42822273493,102833.11671832355,918.2619098941025
2025-05-14 16:00:00,100882.34989794303,102107.62749942549,99779.70658814033,101322.67957092069,1041.0699420964897
2025-05-14 20:00:00,103935.85793779507,104706.53606380259,103490.16319078892,103562.54534479036,1126.5572244607833
2025-05-15 00:00:00,101843.51395107513,103225.68344299479,100171.99353753113,101573.62009623926,1145.0293887562493
2025-05-15 04:00:00,103074.67569167457,103924.48816582431,102114.18202017873,102982.82190807707,1199.6039985529987
2025-05-15 08:00:00,102389.39491544629,104731.85115440568,102113.86033366215,102793.55058979028,1154.982510494578
2025-05-15 12:00:00,101931.32337844427,102886.13645631254,100851.5293354626,102369.9046491774,1180.559921854258
2025-05-15 16:00:00,103749.95956018489,104205.68136240225,102057.67100122113,103253.52994478036,854.7625972414907
2025-05-15 20:00:00,101083.17731381241,103099.9560711171,99149.73337936585,101450.75289725223,927.0918389726692
2025-05-16 00:00:00,102307.56927099077,103505.92918832904,101298.29818658378,102613.40109169736,922.6157018252899
2025-05-16 04:00:00,102096.39580865548,102317.61135482432,101795.36748326027,102225.19440014935,884.7719019419873
2025-05-16 08:00:00,101737.04453553152,103552.29715995873,101447.95974638534,101513.47109028818,923.1679856862436
2025-05-16 12:00:00,101645.2310882286,102283.48123921419,101575.91728311761,102045.17952532633,1101.1572137261264
2025-05-16 16:00:00,104134.99872703465,105052.53314474282,103297.4746524603,103849.66606069008,1176.2625847241018
2025-05-16 20:00:00,103068.60105743611,103473.55551267037,102167.7484902859,103153.62853826626,1157.0006339145607
2025-05-17 00:00:00,101748.65445403203,103211.11734563393,100657.56229972902,101900.0597517258,895.839228149856
2025-05-17 04:00:00,102348.52546147557,103933.29091060896,100993.86774457939,102781.35483997544,1055.56582347398
2025-05-17 08:00:00,102892.1020389818,103563.15221093208,101518.8350592224,103193.3574888222,1173.1979972275549
2025-05-17 12:00:00,102133.85241153259,102334.68343297309,100327.27667364957,101666.89191428157,1102.0381762788104
2025-05-17 16:00:00,101978.78598163991,102275.18031742156,101320.11952194067,101809.16959425439,1078.3506506472474
2025-05-17 20:00:00,102438.42955290961,102905.00398883721,102348.15955830485,102564.7396340893,1109.5277957781886
2025-05-18 00:00:00,103329.55052028557,104687.41775529772,102256.01920653651,103165.83517875538,840.884762437336
2025-05-18 04:00:00,102384.80091531955,103158.78407030266,101498.26530352348,102717.3793382982,885.3285804109869
2025-05-18 08:00:00,102248.98207920199,103745.09744276978,100980.61313765914,102548.14929446788,1102.0697003867012
2025-05-18 12:00:00,103581.47767893822,103807.27224132017,102159.71391449583,103143.6442738405,961.8446397881528
2025-05-18 16:00:00,103944.37499976154,106158.51806240594,102884.65919704223,104089.96077071836,848.6007662369269
2025-05-18 20:00:00,102042.95364221153,102684.77915462859,100676.01950645028,101828.43457341303,889.2528706460854
2025-05-19 00:00:00,102511.13043658582,103966.00342795262,101855.59625591693,102109.62615787584,927.9455920532739
2025-05-19 04:00:00,102781.73841275001,102944.95300452955,101856.22743792033,102416.51681309695,838.40195849258
2025-05-19 08:00:00,101299.72454753291,102147.47293862271,100635.66638676633,101513.87459811887,1028.292246493897
2025-05-19 12:00:00,103678.83038528929,104141.38673673519,103371.82761178144,104119.45207939243,1072.601581564078
2025-05-19 16:00:00,104551.7278686126,105816.16669486948,102539.3622875435,104207.82268319973,1132.9217103151875
2025-05-19 20:00:00,104068.53427881861,104510.51401328659,103762.23707690444,103882.98086173565,1007.818339978133
2025-05-20 00:00:00,103563.89185549664,104249.3383211589,101449.3643346451,103075.62138145367,1136.191968173522
2025-05-20 04:00:00,102000.92568828998,102361.25199420264,100170.3807790004,101837.34146532908,1122.4132891763113
2025-05-20 08:00:00,104113.19030908601,106090.28377573512,102573.18368636112,103860.02812871,1066.7432374007394
2025-05-20 12:00:00,103462.92689068287,105233.55401008944,102083.26957717098,103094.08520500876,1076.4467420583967
2025-05-20 16:00:00,103429.57986914799,105193.01993800707,101994.55081803176,103183.13278137265,998.3340235101489
2025-05-20 20:00:00,102371.43297321023,104179.22312598197,101601.65244014924,102839.23895567196,1083.154564318579
2025-05-21 00:00:00,104039.53277555565,104774.5292655656,103844.03636828957,104000.20173387346,1035.5320297560322
2025-05-21 04:00:00,104806.80140718717,106890.88819031796,103487.86721052107,104394.04995700164,1094.002149325735
2025-05-21 08:00:00,102827.0585404851,104870.85550835491,101803.69993098905,103248.54069634971,1126.2647194760207
2025-05-21 12:00:00,102725.46593859827,103939.85112564352,102075.4864070941,102846.26732268737,1151.3267898633724
2025-05-21 16:00:00,102432.45633850228,102580.80788418745,101334.76999289042,102042.04340798246,1086.0356751298991
2025-05-21 20:00:00,101527.87209621428,103592.05535756708,100758.70106202974,101725.59869828125,920.6859367906928
2025-05-22 00:00:00,102612.62821540785,103041.44506907531,102183.68208639219,102324.79828893163,1116.1268862345569
2025-05-22 04:00:00,102798.32894109715,104014.41413386528,101202.05825788421,102437.65850511772,884.0897734925336
2025-05-22 08:00:00,104370.1058556236,105500.11611020024,103617.83600317762,104549.89880336596,947.8118558146066
2025-05-22 12:00:00,102581.7472472333,102835.9269597956,100928.43995228238,102389.89586664998,1019.7916264868107
2025-05-22 16:00:00,102107.97925960599,102458.13787211425,100584.77163024941,102424.61099484765,1085.305131321971
2025-05-22 20:00:00,101721.57863137478,103591.1456053104,101032.35345462075,101571.64004437333,916.753781488396
2025-05-23 00:00:00,102805.10836395202,103387.58114667138,100696.6140336828,102575.18961404942,1118.2273565190817
2025-05-23 04:00:00,104492.03123393375,105743.0439950862,102988.26129705239,104478.82547664919,1157.6406939915869
2025-05-23 08:00:00,103732.83547168577,103848.53742173777,101695.59790807276,103774.05304358658,998.4994250750739
2025-05-23 12:00:00,103539.88918153805,104347.91381399712,103429.65586951711,103683.67105409132,1018.7977302071585
2025-05-23 16:00:00,104329.1126898049,104521.36817118671,103090.23079825811,103876.8142481438,976.9717076278503
2025-05-23 20:00:00,102115.8192561327,103700.24963809017,101053.89076500502,102173.82993495541,1063.2826837979583
2025-05-24 00:00:00,102928.96141397301,104363.16597570709,102421.01940125148,102636.54332652388,1105.966596021593
2025-05-24 04:00:00,102641.6508146677,103184.13952116959,101603.70136566882,102135.6797612593,1066.2647410769086
2025-05-24 08:00:00,102161.83538104247,104327.54697234347,100140.18322464584,102415.32237197376,1022.9449258860541
2025-05-24 12:00:00,104676.14728727093,106495.29907869913,102588.70050679517,104487.43109834549,1174.7316051896871
2025-05-24 16:00:00,103652.33982959318,104299.44254062722,103143.41221608856,103397.32878790144,1063.865877066817
2025-05-24 20:00:00,103482.47169192036,104764.57218004484,101389.02264166363,103332.87355405925,984.2525166543202
2025-05-25 00:00:00,103262.1277175636,104812.25966673245,101589.18397879339,103196.02120316299,1192.405676276098
2025-05-25 04:00:00,102417.2993872988,103856.58882228952,101579.44038590087,102616.51480558257,1090.6128203971239
2025-05-25 08:00:00,104540.42501634093,105198.06912347562,104427.1806760664,104759.92662715199,1021.2207750200238
2025-05-25 12:00:00,102666.8993546017,103739.04383429403,101538.5467778783,102798.58308352559,1061.0649815789227
2025-05-25 16:00:00,102330.32173784227,103035.81175055316,101031.08415391545,102570.13504102806,881.1673387893284
2025-05-25 20:00:00,103040.11954706699,103895.21525534661,101733.77997628802,102738.03621141685,1143.5409199548335
2025-05-26 00:00:00,103590.50017884956,104408.35362776463,101672.22916682823,103939.73479897076,984.5428024612212
2025-05-26 04:00:00,104933.8902172822,105380.03044877682,103938.064086827,104620.57200706538,1019.5488439880177
2025-05-26 08:00:00,103207.3140533874,104852.3823305795,101249.05598474693,103110.71946096295,910.1704255847476
2025-05-26 12:00:00,104201.20626685016,105334.40222425482,103664.55303948928,104472.6485353776,1189.14909867388
2025-05-26 16:00:00,104130.05861643663,105923.60736236155,102068.001968282,104201.42644047774,1168.206624454454
2025-05-26 20:00:00,102451.26662286054,103046.0224691234,100406.44023769104,102825.29419931733,958.2660514921542
2025-05-27 00:00:00,104526.58896376229,105608.20733481468,102502.41448462194,104491.42089854032,1106.668046895904
2025-05-27 04:00:00,104351.23393716416,105979.63009980413,103459.28820368482,104722.98553631116,1040.324587562247
2025-05-27 08:00:00,102447.18661537643,102642.72067954128,100443.47344820498,102105.54578959092,1036.1473053821069
2025-05-27 12:00:00,104114.98806955188,105268.52409539197,104008.49856683798,104551.40342296612,933.1199147899979
2025-05-27 16:00:00,102294.00665798383,102895.24870348803,101430.13618139709,102471.44705506772,1047.4315466359499
2025-05-27 20:00:00,104539.70030326062,104631.03675163488,102902.14729943404,104374.02483041465,1141.0636705957168
2025-05-28 00:00:00,101777.58187809782,103334.27274180159,100044.348755171,102132.29435423833,960.6425277650295
2025-05-28 04:00:00,103068.55854296738,105143.26289348591,101920.84528380327,103445.39991887895,1031.100314638585
2025-05-28 08:00:00,103759.36031417218,105029.5766214382,102378.37912971966,103884.71189313807,870.6112127559495
2025-05-28 12:00:00,104665.85160808184,105630.27095383822,103786.73317572342,104592.81431883568,1049.1695988999115
2025-05-28 16:00:00,102771.93148661662,103311.77678031396,101074.99417910073,102924.66208096092,952.0580379510933
2025-05-28 20:00:00,103754.94514900418,104141.33349978323,103620.1465890074,103648.24208715567,876.4119842864172
2025-05-29 00:00:00,104496.10056450132,104644.05239190058,103240.67727022937,104491.19947689667,1095.528477984211
2025-05-29 04:00:00,105224.28108394766,106637.64076389631,104414.74429909002,104838.73872926245,995.7384933899971
2025-05-29 08:00:00,104052.69886937151,104121.00545087161,103340.9649827984,103960.85824997292,883.1476665900965
2025-05-29 12:00:00,103290.92964087115,104310.05363734413,102971.59271493235,103457.80726125285,948.9107475020305
2025-05-29 16:00:00,102597.35331173697,104334.91768761327,102425.97514008802,102603.22348816825,994.6483996581782
2025-05-29 20:00:00,104206.07313282338,106156.02281107394,102340.66553537338,103943.9240687126,945.6329718678062
2025-05-30 00:00:00,104060.13214568858,105548.61490422182,102060.5790187353,104018.77229433121,1195.9398127232535
2025-05-30 04:00:00,102669.56937048663,103395.16690846975,102340.16521764232,103029.12408253072,994.5291601117664
2025-05-30 08:00:00,104412.94927573096,106073.26935374482,102682.89836532589,104928.67205205183,807.3616966259881
2025-05-30 12:00:00,102902.93324021353,104307.30160798706,100934.09174203029,102924.7269289526,1148.7328885570766
2025-05-30 16:00:00,104223.56745946752,105848.43675720239,104199.79225116123,104317.3569072462,873.7505882274924
2025-05-30 20:00:00,102418.2725223391,102694.94515882955,100538.82735817316,102161.50209075521,995.1523463250436
2025-05-31 00:00:00,102510.18619498264,104085.62103063862,102473.25888621897,102722.06001803276,1084.2543038755707
2025-05-31 04:00:00,103420.65455252661,105563.66906995844,103077.61427034825,103627.29188384331,805.2955976384177
2025-05-31 08:00:00,104959.17074399239,106777.40434074608,104244.19380057184,104984.43197500121,999.7520805503224
2025-05-31 12:00:00,103259.57031840684,105150.60147942974,103046.0742950113,103258.8502769416,1011.283843375114
2025-05-31 16:00:00,104639.83825266745,105395.411914178,102433.30779519003,104521.54376100015,1068.7469171914
2025-05-31 20:00:00,102766.56418836745,104648.83217286323,100721.21850424887,102405.21902337665,1106.404725427661
2025-06-01 00:00:00,104568.99356519313,105159.55000425791,103496.3549835773,104202.36146698068,937.3054104057252
2025-06-01 04:00:00,104806.09233354573,106236.91693185526,103725.07720151378,104832.91884780189,803.4935981229133
2025-06-01 08:00:00,104234.2276035953,104760.52157898036,102150.77515904195,104614.6377799576,928.7110882333379
2025-06-01 12:00:00,103548.80274138215,105866.91805859991,101897.35674190795,103985.05460947446,810.2493127066483
2025-06-01 16:00:00,104323.15936010983,105064.10260051083,102635.15193682004,104501.96531459971,943.0258765376029
2025-06-01 20:00:00,102515.40454248228,103829.18433129163,101097.06176723591,102417.20114225155,1033.4435082251032
2025-06-02 00:00:00,102627.08493945266,103840.66075526754,101954.01666068523,102397.1613052974,914.073705849137
2025-06-02 04:00:00,104003.84576341957,104865.74238543057,103753.27625083111,104351.06498394083,886.4875220385123
2025-06-02 08:00:00,103414.41329524235,104595.97008846427,102298.41593027786,103257.81389209721,1174.4067862426923
2025-06-02 12:00:00,104742.46445289772,105550.95408014422,103050.92864039827,105002.17865696418,1050.3333863560629
2025-06-02 16:00:00,104832.70534277656,106682.95983879265,103858.70106366607,104983.4232733879,1192.745749762613
2025-06-02 20:00:00,104034.94686513083,104660.09514865086,102630.50619941716,104538.72258360004,1162.8755001753436
2025-06-03 00:00:00,103667.1188604514,104024.8509167209,101650.14757222231,103674.56246076427,812.9747124160118
2025-06-03 04:00:00,102390.36945680768,103468.42330837996,100735.34604617741,102254.89098624393,971.3253630343111
2025-06-03 08:00:00,102532.55375859761,103823.34659687076,101827.87156642364,102445.95591849314,1059.6755554398217
2025-06-03 12:00:00,103075.71732392619,104247.9557181518,102555.56802427226,102951.49153975118,1004.751636753623
2025-06-03 16:00:00,104397.36590350125,105113.60059395622,102935.92266848519,104082.91795685155,1169.958589033126
2025-06-03 20:00:00,104144.99413453172,105503.73640720105,103646.61582506794,104005.11460218778,973.1620797299618
2025-06-04 00:00:00,104547.30238464967,105024.23199952235,103493.19624442543,104611.64081394412,989.6986809333539
2025-06-04 04:00:00,102992.77341795206,104043.81683250611,102152.04840612673,102906.39715108369,951.1474630337157
2025-06-04 08:00:00,105388.02100344235,107271.2895998128,102840.48599097421,104892.70010265066,1119.9604686129016
2025-06-04 12:00:00,103665.00367919821,104774.3201820477,102891.37234688082,103829.8047099214,964.2179958699644
2025-06-04 16:00:00,102777.5116569288,103860.18464235023,102535.49941167026,102759.93396833197,968.21043509819
2025-06-04 20:00:00,104639.90128584598,105800.59632530749,104264.85784652614,105108.42902172297,906.9058305918933
2025-06-05 00:00:00,103830.99906881298,105289.90133496643,102713.42540147288,103445.41358089063,1009.495502784398
2025-06-05 04:00:00,103473.94045084286,105359.8412009414,102743.85660968146,103971.46315362515,900.0270033437149
2025-06-05 08:00:00,102735.87021496288,103589.66120610085,100730.98959057138,102834.03198980994,932.8361086117214
2025-06-05 12:00:00,104604.56064306902,106298.39888799211,102598.9166413688,104266.91413219494,1072.0161406165569
2025-06-05 16:00:00,103878.65049963219,104507.81671955361,102507.16138380485,103962.54327508045,910.3783306425696
2025-06-05 20:00:00,103195.35869833865,104015.59459981782,103099.42683964272,103485.49729124266,931.8280349296615
2025-06-06 00:00:00,102359.18814498546,103129.71140493042,100634.3245933843,102466.70279140638,935.7187266856064
2025-06-06 04:00:00,103809.45545170132,104394.1852427123,102362.07049481565,103823.56387165564,1105.6639538097088
2025-06-06 08:00:00,102739.2646445267,104368.5387624531,102039.98823317402,102430.78919008285,984.7247345813588
2025-06-06 12:00:00,102626.51021080899,103295.82280280389,100690.89988601311,102941.15883934469,1016.7003172762301
2025-06-06 16:00:00,104243.98731602596,105473.2953723345,103734.83820713969,104241.19964102774,991.2027090073888
2025-06-06 20:00:00,105064.18279383174,105752.74786431338,104798.11632616799,105078.25379403561,1060.7193641022927
2025-06-07 00:00:00,105038.29070377757,106475.54834777839,103472.95276054904,105273.61969943182,1193.563113161864
2025-06-07 04:00:00,105390.0531623479,107473.280811003,104313.44867285699,104935.8590446432,995.9507633633498
2025-06-07 08:00:00,102679.41213629289,105004.62988501065,101866.17474040182,103019.41347594955,818.0794525352859
2025-06-07 12:00:00,103311.5019387992,105357.46209955623,102132.46032416724,103381.85266722245,804.7705333589042
2025-06-07 16:00:00,103620.19364706603,104713.94465400916,102745.6790823176,103220.9863150553,1131.6998478328871
2025-06-07 20:00:00,104508.8047158921,105164.12612431822,102962.46085866351,104634.71516535601,955.599627116944
2025-06-08 00:00:00,103655.87247231124,104651.48315473988,103124.60401844834,103404.8574630212,876.4497861042806
2025-06-08 04:00:00,103432.90734282724,104107.52524218685,102138.99675514046,103160.44575895157,964.6014623271748
2025-06-08 08:00:00,104036.48313782604,106267.87637550947,102403.66260306402,104467.54336916549,1183.4230328292688
2025-06-08 12:00:00,102545.7299060378,104047.09779272038,102274.79737044129,103025.47926909519,1080.1552106045397
2025-06-08 16:00:00,104747.27948551392,106586.12786586376,104427.00587688845,104652.54945083808,1152.001037262878
2025-06-08 20:00:00,105978.45359184853,107785.25654926315,104807.21841325503,105539.82070570749,957.5634192972906
2025-06-09 00:00:00,105132.22920510739,105735.81586329523,103870.89722830424,104868.81064215132,1148.3921997050775
2025-06-09 04:00:00,105592.47240138323,105953.46397510161,103567.36906846882,105452.21391696799,998.5058084926167
2025-06-09 08:00:00,102925.13294218716,104346.18043553055,100568.69126559597,102573.03864903997,959.2458619202206
2025-06-09 12:00:00,103484.05466298069,104408.85169684465,102314.41504422567,103124.24055881583,818.5116052812731
2025-06-09 16:00:00,105059.15402462798,106255.9914886988,103992.78512953492,104964.89655800886,823.736124393848
2025-06-09 20:00:00,102442.80334795723,104175.82062708965,101027.75587987542,102529.32241253316,990.9853104933973
2025-06-10 00:00:00,103765.16730253813,104102.77495834991,103002.47772140165,104050.8618331867,1057.5410849937296
2025-06-10 04:00:00,104473.28919057238,105468.02226777782,103609.55621415439,104267.79880842708,952.7897649056342
2025-06-10 08:00:00,102746.26270442965,104327.72353350639,101011.84137898652,102611.15019157877,974.4312686088804
2025-06-10 12:00:00,105580.36493392516,107557.86888939267,104691.62676920007,105646.28334993686,854.5040898544294
2025-06-10 16:00:00,103842.25588504183,105251.7311872184,101918.17843905876,103447.57929917795,1109.978655009072
2025-06-10 20:00:00,105287.65027521196,106541.96058911223,103973.6406413783,105069.32980412658,862.4568334001841
2025-06-11 00:00:00,103279.9678930308,105640.33111115245,103235.71198083904,103592.46776455936,1054.0466752560583
2025-06-11 04:00:00,105590.07310509394,106358.49369996908,104729.95184882348,105684.38720706693,930.081532820055
2025-06-11 08:00:00,104784.7259227303,106537.01276866137,103456.77077743025,104423.04140426523,1150.6224031218867
2025-06-11 12:00:00,105772.04283736469,105857.40104036711,103587.82135593059,105523.9232631418,833.1219896635904
2025-06-11 16:00:00,102504.87897275265,104451.97391664534,100908.50744416374,102637.43081884563,1116.251808276645
2025-06-11 20:00:00,104486.13125070132,106621.69520672999,102773.34102186143,104560.15492820666,1052.8913765740742
2025-06-12 00:00:00,105855.45236276092,107096.24801833095,103470.81793590065,105442.62641418792,1195.1739397191534
2025-06-12 04:00:00,103097.08395585645,104955.08468777443,101971.63854297923,103162.25444090173,872.0354389568042
2025-06-12 08:00:00,104366.52102347593,106708.27827178712,102337.87801630415,104724.08824745845,1145.9134866614165
2025-06-12 12:00:00,103996.36694726151,104085.32024938046,101957.25690589368,103595.45896601026,815.4056961688999
2025-06-12 16:00:00,104355.76942871402,104632.31565094662,103875.35769384481,104592.96210681474,964.4518558019012
2025-06-12 20:00:00,105189.81468515893,106474.74298959144,103480.12217306842,105242.85269978558,873.0866701799157
2025-06-13 00:00:00,105737.21416632057,106226.92339222587,104821.24897787876,105659.86456833857,816.3825848453681
2025-06-13 04:00:00,103319.66652859373,104651.7911621858,101377.57611226394,103632.07576333542,1174.169601076832
2025-06-13 08:00:00,104556.52769238234,105661.10985433773,103669.5573116339,104204.2370330157,1086.145988270931
2025-06-13 12:00:00,104242.60039488321,105664.18688208496,103016.56854083519,104143.52435748935,976.4032066926655
2025-06-13 16:00:00,103891.17880955886,104089.023627431,103346.67257109054,104036.38860885095,1012.1070454301511
2025-06-13 20:00:00,104878.38315923988,105914.62469457375,102951.36846731642,104707.97323706049,821.2939420337759
2025-06-14 00:00:00,103337.19000905598,105352.87835720899,103018.86127754491,103510.10933496225,880.9009967159877
2025-06-14 04:00:00,105502.46147713318,107820.74326406601,104328.67358111955,105802.64779129128,986.529761917443
2025-06-14 08:00:00,104641.1062286972,105743.69259681551,103345.85383094042,105053.96491418332,1036.451948133586
2025-06-14 12:00:00,104722.65702374914,105044.25366224437,103894.61923122009,104385.95547294607,1002.6854280329892
2025-06-14 16:00:00,104921.12581383159,107409.90717231166,103942.30056278764,105327.50833993642,855.3805696141135
2025-06-14 20:00:00,105577.32686015073,107636.36785471723,105132.1805728398,105306.53441820848,897.5740561201421
2025-06-15 00:00:00,105591.06713931398,107441.91007252212,103552.57914135669,105765.32904392247,894.9992467819525
2025-06-15 04:00:00,105976.6126771829,106368.78257785358,104475.04562362649,105795.37690383944,921.8883045848656
2025-06-15 08:00:00,103998.37104514995,104372.27868728357,103266.65354207205,104315.03576747669,800.6241289741752
2025-06-15 12:00:00,104654.53063786733,104857.49532908727,104297.4451210251,104658.7383024421,1173.1726411858986
2025-06-15 16:00:00,104789.4254918449,105902.59409783396,104404.56317114331,104429.20451169276,1054.5261534160995
2025-06-15 20:00:00,103248.76884537496,104054.07910610219,101970.82560585577,103225.68362003283,1173.3553458983392
2025-06-16 00:00:00,103640.14083286983,105665.31763848334,101536.15812859348,103573.21992164048,980.8506510791311
2025-06-16 04:00:00,104152.11236257298,105765.6429531643,102156.75870966201,104192.84226582335,840.5745267534762
2025-06-16 08:00:00,105734.43214630014,107566.78809973365,103802.77195988887,105419.61232310224,1137.0128792786368
2025-06-16 12:00:00,104692.39351895773,105235.26545185153,104172.46409760193,104257.78062138036,1127.5054422477922
2025-06-16 16:00:00,102889.40552777558,104610.42252693276,101495.71484055248,103052.54332087176,939.3313487758467
2025-06-16 20:00:00,103896.18052443693,104945.61658044632,101978.42555669503,103982.55851993772,879.1032858001025
2025-06-17 00:00:00,103842.30327211312,103959.23134291184,103623.26878588303,103947.49957657327,915.1669591742896
2025-06-17 04:00:00,105657.43855102724,105878.8997074405,104156.12637591908,105684.98534791694,958.6976878790039
2025-06-17 08:00:00,103320.53710297307,105581.82131018894,103173.83872928146,103779.32479855233,1128.4425442790152
2025-06-17 12:00:00,103621.1172740468,105213.82211375369,102050.43556062819,103963.6755025853,1110.4789588917542
2025-06-17 16:00:00,105249.23177808433,105682.35153452899,104165.16365374088,105660.0979457788,1160.3431699898272
2025-06-17 20:00:00,103523.9096626638,105649.46563208239,103110.6439366584,104008.92514131818,848.4811430974066
2025-06-18 00:00:00,105025.20366596317,106456.44075014062,102944.48196670685,104564.85091582296,847.6360648563831
2025-06-18 04:00:00,106107.35976138465,107798.78581698694,105330.92556018959,105713.26177713707,1091.3773805646777
2025-06-18 08:00:00,105350.53847634462,107470.78766933984,104001.19197372757,105697.25043641533,958.8100559780484
2025-06-18 12:00:00,103499.783354955,104248.37109771266,101998.83263615936,103445.6844588127,1111.0653767490062
2025-06-18 16:00:00,103114.30009106526,104522.95259442156,101174.14790481808,103207.47997951634,880.7225914191574
2025-06-18 20:00:00,103930.55228084745,104398.77242153378,102845.1651652238,104350.47195720396,1161.5259178223127
2025-06-19 00:00:00,105877.51443965861,106575.21573492367,104169.84305713476,105750.98572486495,1056.3225570408545
2025-06-19 04:00:00,104095.30323616309,105044.4703448754,103694.67903700448,104597.0514340219,1194.472061126538
2025-06-19 08:00:00,104334.17490559453,106442.09157699715,104039.67712567913,104587.7424232346,1035.684068959026
2025-06-19 12:00:00,103773.16221627056,103793.69119716743,102240.80387786475,103269.38912327308,923.6067187076337
2025-06-19 16:00:00,103788.10155752233,103926.25714897146,102269.58381722058,103446.28061935707,800.0740592521262
2025-06-19 20:00:00,103671.7782035452,105523.19143330802,103066.90566841063,103616.5167653786,910.1030697718581
2025-06-20 00:00:00,103083.17724272737,105236.43293894974,102479.42783401208,103437.8079091201,874.9867942985918
2025-06-20 04:00:00,102957.2024040898,104615.35760562739,102554.23948184469,103270.11438782222,878.786533275086
2025-06-20 08:00:00,105484.13207656461,106897.18099415432,105008.90590073245,105274.97085934879,1075.0137516642978
2025-06-20 12:00:00,106498.81058539088,107231.53896470583,104651.95595680983,106197.52621210516,1036.316572035053
2025-06-20 16:00:00,103892.40257223872,105126.59057115743,103505.10442785487,104317.59411316113,1045.2722659386018
2025-06-20 20:00:00,106268.81592478075,106278.8252552462,104272.58698758492,106238.10899324641,1133.396271989243
2025-06-21 00:00:00,104684.28165222131,106546.37212922508,103771.962246343,105126.28826882504,1162.151947033265
2025-06-21 04:00:00,105172.23470511024,105970.54807779763,103369.97264305559,105301.20333262054,1053.2731994744922
2025-06-21 08:00:00,103564.6047132769,104599.54028354066,102596.17484352064,104023.08282133577,840.0052664832931
2025-06-21 12:00:00,103698.78162623127,103790.75378408947,102200.98261540005,103343.0749835843,1128.9766418940153
2025-06-21 16:00:00,103423.2203527979,103825.33622977963,102101.7819467095,103750.9944009738,1188.2370534947268
2025-06-21 20:00:00,105245.41679110243,107300.41638777556,103638.61043720893,105304.47011976765,940.1203403676213
2025-06-22 00:00:00,104629.75936367811,106703.427142089,104588.27576117333,104798.16958540078,1123.3378289462814
2025-06-22 04:00:00,104032.00395712673,105024.04469471873,101777.16329478404,103762.24561102463,1151.385069973138
2025-06-22 08:00:00,105350.47504638156,107256.88255157374,103509.8838978308,105495.64150833712,1044.9405029199115
2025-06-22 12:00:00,103690.74898264212,104626.83869028838,102989.08499652869,104140.73102137899,1162.578442271669
2025-06-22 16:00:00,104911.94943281154,105766.39960067328,102676.02922294941,104478.53993015629,968.0396405659037
2025-06-22 20:00:00,106295.80317469058,107889.22042048273,105511.48059542628,105943.82601012842,1178.0949367702485
2025-06-23 00:00:00,104897.28624304452,105378.98433765967,104324.63385557014,105274.03309350047,922.0287273435231
2025-06-23 04:00:00,104504.94934220897,105924.5554942043,103385.68939262122,104106.06235212124,1188.367617303675
2025-06-23 08:00:00,104402.63911171236,105056.490437765,103200.15355223978,104699.98952683466,918.0359130732597
2025-06-23 12:00:00,103778.68354183261,104784.29456299152,102939.69161467493,103453.56962757773,1013.591579740427
2025-06-23 16:00:00,104725.53069973715,105650.30304864873,104116.46542465538,104887.5264578845,1019.8875179023602
2025-06-23 20:00:00,105567.03877395764,107288.3305817765,104659.12661107485,105741.13540381851,830.8504699624624
2025-06-24 00:00:00,105259.9232405955,105671.47261357427,104995.47778281843,105562.91923719447,841.2302037358767
2025-06-24 04:00:00,103145.99639523878,105194.09878929344,102939.36758378815,103417.00188279072,836.9399756793572
2025-06-24 08:00:00,104735.14637673853,105270.05876764387,102896.72201821767,105054.67401613115,1095.0878879242546
2025-06-24 12:00:00,105624.23779373565,107543.53703075055,104107.29001232101,105738.14086152638,1061.2118863500555
2025-06-24 16:00:00,105417.71307757897,107402.14757367289,105007.8449560496,105654.51906018956,1175.6807736564483
2025-06-24 20:00:00,104521.05435358114,105082.06490316764,102423.75483130146,104336.39276941153,855.9022481165501
2025-06-25 00:00:00,104096.37185924384,104584.97203405654,102340.4264564494,103834.45622055534,897.588127577153
2025-06-25 04:00:00,104517.0625690192,104942.73369460531,103759.14353097165,104031.76513097477,1165.6763772868678
2025-06-25 08:00:00,104101.6649852011,105536.7414653798,102938.7882438054,104081.46714587146,868.4129900502643
2025-06-25 12:00:00,105486.54687363195,107543.09234280605,103108.62243728334,104977.99318917928,1170.5854615799688
2025-06-25 16:00:00,103460.03581963106,104419.65079820059,103372.92879713602,103461.43345697327,802.8758906205702
2025-06-25 20:00:00,104799.20164637174,105672.58661415469,103374.40014674547,105244.04652636264,1131.1318804657622
2025-06-26 00:00:00,105191.08427428153,107491.400372053,103223.2232922844,105598.03778095578,820.1510590283822
2025-06-26 04:00:00,106068.04145775734,107909.34203395311,104800.5954741804,105776.09983303296,1179.9164408171973
2025-06-26 08:00:00,104652.75315785012,106904.74695499192,103439.55272736948,105074.52340785772,1040.444824128395
2025-06-26 12:00:00,104698.8905886196,105729.49791196687,103427.3664966174,104810.09273882573,874.6034855731723
2025-06-26 16:00:00,105738.9908867862,107206.75494675362,104249.95579830784,105341.19791266698,1096.3279916425452
2025-06-26 20:00:00,105691.41070961603,106965.10853847976,103844.55628102846,105769.93991808285,921.478996838637
2025-06-27 00:00:00,105802.08919207953,106701.71024750514,105037.3737127107,106123.87219905209,974.1467739689929
2025-06-27 04:00:00,104175.1402859986,104826.51258265451,102612.82110546526,103900.30481449817,804.0946738326745
2025-06-27 08:00:00,105547.9876861136,106350.9243590517,105069.70287008742,105946.73781404711,1011.1017173191661
2025-06-27 12:00:00,107004.88918857985,108108.12954268795,106448.32993440895,106491.90202155864,873.0738535107289
2025-06-27 16:00:00,103603.6516917839,105867.74987869007,103014.77775985203,103892.0905411138,1172.5561702661166
2025-06-27 20:00:00,104472.06582308839,104598.87743965755,102322.62029622766,104011.05924212288,1056.4014055567586
2025-06-28 00:00:00,107171.2687636447,109043.20280983917,104823.62621872107,106638.27052627612,894.0054912480479
2025-06-28 04:00:00,104550.64186758346,106570.43315746213,104389.31469829033,104526.41867388124,992.6106876690574
2025-06-28 08:00:00,104134.11271758127,106418.32696421068,102459.39768105447,104481.03379744798,801.8506611891881
2025-06-28 12:00:00,105375.50474779251,106436.0215871973,104941.52252500891,105059.11641512279,858.0609514145204
2025-06-28 16:00:00,104624.69716861504,107088.26000444143,104067.36845655914,105031.76531536641,907.8541207251828
2025-06-28 20:00:00,105978.62144372,106250.39211425596,105318.75443064261,105483.74093940134,1169.2577145169207
2025-06-29 00:00:00,106276.34829220969,107908.30467883199,105651.11249075053,106588.73835315474,923.205087032225
2025-06-29 04:00:00,106295.48298536827,108001.61725314693,105782.5470082769,105917.64107151034,1159.109600283014
2025-06-29 08:00:00,106077.75094412213,107624.89496212895,105414.15752784023,105771.78362497117,932.7704214809357
2025-06-29 12:00:00,106907.5571922965,106973.58156039203,105900.8856033776,106609.99594926542,920.5119726200124
2025-06-29 16:00:00,106462.65095133372,108207.04020475449,105305.33068756474,106316.28918715417,980.0688173960674
2025-06-29 20:00:00,106964.86756241125,108686.84683522115,105541.12990456496,106454.93338991665,1010.0256173299953
2025-06-30 00:00:00,106873.56966060161,108200.96274037799,105051.43136408312,106375.93037003432,940.9539082472658
2025-06-30 04:00:00,105563.65280499119,106411.67461331165,103498.5515471459,105465.74984511209,1077.9334297063751
2025-06-30 08:00:00,106419.38701981524,108636.0635475287,105809.80675779682,106701.38639266259,1091.6555109125088
2025-06-30 12:00:00,105856.1719233204,106697.25816884376,105702.79530650572,106147.47183526169,1153.0091092500793
2025-06-30 16:00:00,106413.39779752908,106417.97431539888,105143.65589821199,106394.8540122764,1001.2000677794011
2025-06-30 20:00:00,104491.28329864975,105551.04058312379,104052.73207231374,104303.11914696213,967.006390715486
2025-07-01 00:00:00,106839.38180798934,107886.29977771635,105200.15333972794,106598.90705037744,1009.5823801930215
2025-07-01 04:00:00,105244.07541261587,107382.94550787857,103606.07251803462,105495.94670211172,1145.0021095669501
2025-07-01 08:00:00,106632.70212963574,107653.54006663452,105911.79487971957,106444.83386416284,1162.1544454236378
2025-07-01 12:00:00,103720.92374052081,104475.05994405164,103513.74051195919,104026.49765980904,905.3579410845049
2025-07-01 16:00:00,106158.5497441676,107258.72405863488,104863.18738405107,106282.69470129893,1134.5354935214955
2025-07-01 20:00:00,106893.60172604336,108799.83923761846,106375.23413437606,106731.96561994396,938.1663650472423
2025-07-02 00:00:00,104096.81737283833,105911.48890525832,103538.21280217814,104468.39986817942,983.3633226117006
2025-07-02 04:00:00,104122.97510441943,105540.2973711444,103403.0741606355,103891.59791763361,967.5058831754162
2025-07-02 08:00:00,105029.50689359881,106607.58603887178,102973.65140348669,104740.66448623914,1074.295987393768
2025-07-02 12:00:00,106107.66781445136,107811.49990453773,104135.29716618577,106220.65541352467,1086.474664258979
2025-07-02 16:00:00,107123.89106815416,107436.10345955731,106457.89000725221,106609.65025409719,1056.0012559522258
2025-07-02 20:00:00,106119.79203426174,107447.98528486193,104247.90804441393,106111.27606194624,1088.064373265753
2025-07-03 00:00:00,104886.15741190934,107193.4824862094,104745.48028048465,105100.11568133875,1043.8836660270185
2025-07-03 04:00:00,105172.93365434784,106265.25370472776,104029.54466677984,104684.67712927202,1102.8946379011718
2025-07-03 08:00:00,105863.64375093843,106525.63893267133,104786.79697111537,105671.96787814681,1078.812774189812
2025-07-03 12:00:00,106274.85030923886,107983.33377637345,105269.28832214054,105806.85234297565,1079.0293762949061
2025-07-03 16:00:00,105565.579877823,106464.1361797099,104360.55127127968,105796.97433934658,1096.4265053821107
2025-07-03 20:00:00,106409.36125826834,107751.73681991891,106343.76737308623,106869.83811043375,1038.298119850145
2025-07-04 00:00:00,106098.14251485448,107749.65498635352,105199.46532090238,106025.06092014279,880.3585161658691
2025-07-04 04:00:00,105082.70471759416,106140.99046189417,103115.14634249527,105131.80195371328,1032.1251869877442
2025-07-04 08:00:00,104296.72826279036,105631.99425494742,102710.99357321906,103992.95630129597,1035.6226867559767
2025-07-04 12:00:00,103471.99658320974,105724.26298913494,102022.44494417356,103971.4315901933,1054.9407412164692
2025-07-04 16:00:00,105644.69656139445,107262.12914666865,105262.20328542679,105719.04293252027,1052.7357143979366
2025-07-04 20:00:00,104389.66108301794,106073.93416666171,103115.86582662493,104292.26990515924,1158.8088385423964
2025-07-05 00:00:00,104637.34347934902,105015.41894931278,103127.7223933309,104949.55860154265,1165.8432658019487
2025-07-05 04:00:00,104988.87152889039,106155.49462972909,104285.79875142165,104656.9274873566,875.4090158327504
2025-07-05 08:00:00,104187.42017069132,105869.22635495914,103023.27982580414,104426.31610233481,1143.642052410729
2025-07-05 12:00:00,105982.74321021195,108500.75893472986,105016.77454923006,106440.5956528466,827.7980879101844
2025-07-05 16:00:00,106979.14622258814,107725.85135586753,106308.92543405612,107039.27018301074,1137.601359272853
2025-07-05 20:00:00,106204.9331563152,107712.22437188575,105516.43091277915,106173.1855328645,935.6553368349198
2025-07-06 00:00:00,106922.58345434278,107120.0531249114,106004.11865967404,106492.96302509005,899.2052048374253
2025-07-06 04:00:00,105164.53481892413,105491.72149078138,104076.23990529349,104844.31057345285,1060.6449070294718
2025-07-06 08:00:00,105641.8121976109,106502.29000943432,104252.67709841038,105740.68720696408,918.4263526192241
2025-07-06 12:00:00,104029.79312098822,104435.04066500149,102293.99924449009,104348.6724690974,1140.7734245774823
2025-07-06 16:00:00,106295.15390949608,107531.24129333501,106017.24047534575,106270.75600488677,1062.3518971609394
2025-07-06 20:00:00,107516.30917843706,108817.14229404602,105404.56864521233,107189.34946836485,927.5075373169674
2025-07-07 00:00:00,106830.30921925542,108830.48193391242,105293.74717598145,106628.58421275491,808.0987397953422
2025-07-07 04:00:00,104085.0793401465,105298.53532728282,104083.8474244825,104114.50366143374,977.2372739763838
2025-07-07 08:00:00,104329.02204465913,104630.07083165427,103572.43150483114,104326.6373579611,855.6204776020711
2025-07-07 12:00:00,106525.63519410699,107949.51482947903,104473.71559291311,106462.55016404043,979.0409715898437
2025-07-07 16:00:00,105881.27367458981,107958.64817558041,105352.06711261853,106150.76248309865,812.326603965893
2025-07-07 20:00:00,106133.65578492187,107683.65141191732,105314.13158725221,105941.9432323872,875.7563190465936
2025-07-08 00:00:00,104171.06539809922,105556.24937571763,104068.44461591163,104445.68057591074,1054.9537270432252
2025-07-08 04:00:00,104641.60071573094,106869.77901400418,104019.22904384443,104929.04359224772,1151.9089046473057
2025-07-08 08:00:00,105105.73822688228,106860.39398102924,102651.24948554831,104655.12775392298,937.4817257288254
2025-07-08 12:00:00,105513.94540880674,107114.64735575902,104645.83117077248,105560.5582156658,1175.5828438136875
2025-07-08 16:00:00,106797.78345725739,107355.08214726918,105691.46350250077,107129.49922556274,809.4569395771503
2025-07-08 20:00:00,104401.51108508711,105291.78619361285,102525.6692001743,104648.88534136965,1012.4311202608259
2025-07-09 00:00:00,106987.20384257272,108204.80115610524,106614.85549596798,106734.32966132209,1133.0674967068394
2025-07-09 04:00:00,106346.75097452909,107194.75722947216,105722.76493708219,106341.59385958193,1139.819565775742
2025-07-09 08:00:00,104256.09420766424,106143.90340551236,102620.00695765791,104713.60589416484,815.0583418659861
2025-07-09 12:00:00,105983.40704541658,106263.77411203578,104043.88920373256,105955.35399500074,903.4361899280641
2025-07-09 16:00:00,104200.73322645419,105465.49387482442,102915.30019038552,104259.8216183592,919.9015217408071
2025-07-09 20:00:00,105185.49014784503,106148.5868255135,104511.1979610708,105053.1541600725,829.4834578055028
2025-07-10 00:00:00,107722.6230867066,109197.92504783829,106062.65280394534,107403.44334372567,827.7359362901865
2025-07-10 04:00:00,105039.8889787411,105825.13489726355,103837.805075619,104814.49632402179,1062.524453359239
2025-07-10 08:00:00,106062.81577633393,106630.56371953421,106015.03760584285,106105.64025908192,1107.9577599146044
2025-07-10 12:00:00,106867.06578447219,107577.75530391726,106764.79329707811,107320.74513721955,1028.3709219832824
2025-07-10 16:00:00,104907.80614571014,105561.7846331776,104620.96781072071,104725.80050518618,1098.1836033726634
2025-07-10 20:00:00,104862.2364903294,105994.54843181587,102868.79445779198,105342.56176839118,939.7235126532428
2025-07-11 00:00:00,104829.8574781191,106381.27471777776,103616.58808375603,104860.69391100534,808.2374472996477
2025-07-11 04:00:00,104499.3181266274,106609.54122135762,103908.53078522715,104839.23170770578,892.8668554158974
2025-07-11 08:00:00,104818.22573522557,106070.58470003407,103460.98046194222,104642.34949396127,812.2733223056214
2025-07-11 12:00:00,106141.84064065303,107490.34980780736,105012.3123883686,105911.45223792824,941.4593260704396
2025-07-11 16:00:00,105948.16093544083,106025.48943968286,105042.39532264599,105511.13330957112,883.4029474586662
2025-07-11 20:00:00,104051.87063651295,105776.19494382627,103026.81897907499,104370.61461958429,1104.3850514947658
2025-07-12 00:00:00,105421.7773238768,106041.85936783307,103576.4961123133,105743.21721801674,906.7349414244123
2025-07-12 04:00:00,105008.0733879808,107305.14166698513,104740.3303645477,105400.80827140153,882.6790068849738
2025-07-12 08:00:00,105067.58813476835,106290.29456853769,103570.85475081112,105531.40896932011,1154.1613772184023
2025-07-12 12:00:00,107752.49863526499,109787.16717623286,106339.2448454383,107495.7688103456,1066.7319023420716
2025-07-12 16:00:00,105017.38598460724,106649.96298813162,103991.92926963637,105335.88745040489,1146.8424787905687
2025-07-12 20:00:00,105445.65613426082,106360.54844278235,103817.80539274053,105498.51574976604,1134.91567972565
2025-07-13 00:00:00,106622.63250592432,107840.5972950462,104532.86638348227,106851.39256633079,845.9791470167123
2025-07-13 04:00:00,106551.65964859768,107588.31780135797,105542.92605080066,106273.32713986501,957.0107286140789
2025-07-13 08:00:00,105428.21810820597,106574.21599069618,104824.81066162865,105494.00216160786,1183.776941220206
2025-07-13 12:00:00,104919.72571208,105256.44880694742,103632.02594296738,105256.27839864005,829.1897338303319
2025-07-13 16:00:00,104704.17820806992,106497.20344315801,104337.80276251672,104789.40532770191,1146.6509506832217
2025-07-13 20:00:00,106222.3408539035,107323.26540556565,105261.09607425048,105863.12621217324,1104.4477691376724
2025-07-14 00:00:00,107518.73459476845,109189.1209313611,106396.58264201746,107175.58059717513,970.509395998142
2025-07-14 04:00:00,104292.98680648253,106112.21844675098,102437.00503746509,104716.58041168671,880.213489491493
2025-07-14 08:00:00,105647.8959127752,106703.24143553169,104372.55679386306,105616.64955996937,1114.2447113236635
2025-07-14 12:00:00,105930.39978885108,106911.42653426935,104171.45284471546,106158.41196525784,979.012333993637
2025-07-14 16:00:00,105400.72497003071,105954.02517396203,103477.29599523451,105499.60090062598,919.4805073233322
2025-07-14 20:00:00,106353.37668683048,108073.13724587932,104258.84224708045,106196.28155339701,1181.598600865458
2025-07-15 00:00:00,105494.08442162466,106222.86346520731,104511.712738684,105655.35677276427,859.1748655414144
2025-07-15 04:00:00,106912.46394654525,108678.23293272775,105003.80626753104,106574.72625271512,1175.2013454329413
2025-07-15 08:00:00,107972.7293197147,108276.43102047974,107090.3411617391,107466.10400138928,821.3020127584247
2025-07-15 12:00:00,104538.36232229312,105658.00299038136,103429.49229086867,104608.0720750246,814.3189139640177
2025-07-15 16:00:00,107798.29479769431,108905.58703562827,106015.98494780327,107284.37491549822,999.7443005383636
2025-07-15 20:00:00,105686.49590917343,106215.92672556768,105025.09331888138,105793.8187632108,875.5831507243444
2025-07-16 00:00:00,105085.9987838258,107070.64221398935,104822.0516597705,105420.0728989008,834.573011054995
2025-07-16 04:00:00,107072.03443186032,108918.61397882621,105373.03557612751,107389.30727081887,1141.8292638338812
2025-07-16 08:00:00,107460.49160421056,109083.88672048408,106333.69115605584,107105.06656392498,1137.8135482424357
2025-07-16 12:00:00,105771.29387893235,106030.6640479736,104916.21374192461,105858.52788169963,1134.3859517164833
2025-07-16 16:00:00,106277.88659177157,106848.18442571166,104332.55633690566,106232.56060044345,1169.2115182917555
2025-07-16 20:00:00,106660.15457639503,108150.45581840843,106070.92601001098,107112.59055704,1113.2744492526838
2025-07-17 00:00:00,107215.55398468512,108200.42518814886,106203.02794737989,106776.66601861009,818.7873559311212
2025-07-17 04:00:00,107381.1755183731,108353.34410506263,106122.25749489371,107096.3216570053,1096.4852604410487
2025-07-17 08:00:00,105932.46816978985,106913.20911744716,104678.90671701884,106280.92391494245,1101.398678850895
2025-07-17 12:00:00,105884.98809107873,108340.82681329308,105542.6406128729,106267.94343109707,878.3930739609388
2025-07-17 16:00:00,107346.54479827212,107584.06621366744,105405.34151054521,107128.37165554293,1005.266350026361
2025-07-17 20:00:00,107540.41831615953,108250.66436031043,106917.86898709994,107630.6398338502,1140.974940223196
2025-07-18 00:00:00,108036.32141742135,108471.4668045649,106829.00569185059,107793.46872324933,912.4995575110083
2025-07-18 04:00:00,105293.61958952366,106309.95125756881,104044.713922589,105373.77171850624,898.7682278701957
2025-07-18 08:00:00,104696.22838199667,106633.36734516996,104152.53119946153,104921.7313304265,936.6303322572302
2025-07-18 12:00:00,105368.70150162283,107396.89768871479,104914.13967797563,105028.27360321717,858.5709040369464
2025-07-18 16:00:00,107367.43687097442,108801.0725617314,105825.43511560049,107767.80840046784,1188.411349702667
2025-07-18 20:00:00,107349.72929044279,108288.83108423368,106554.87561864991,107217.04500107732,926.5038840091979
2025-07-19 00:00:00,105422.38760324221,106759.02359380393,105205.1017004605,105206.16903795973,921.2018351135107
2025-07-19 04:00:00,107271.01151330932,108038.53141039917,105802.20657167774,106801.80980751634,961.3872667062616
2025-07-19 08:00:00,106135.47875467021,108058.5631371295,105086.92324039848,106428.11572051578,1193.611206356784
2025-07-19 12:00:00,107020.16615224468,108024.07342941151,106142.56790911731,107512.73788293435,1129.6707783877837
2025-07-19 16:00:00,106565.97628609663,107311.82405888943,104133.26497673918,106191.72158107934,859.4833104322689
2025-07-19 20:00:00,105767.70869871003,107315.48296752259,103830.92359858974,105778.80862832781,1168.2243147248214
2025-07-20 00:00:00,107302.3577402373,108693.45391327512,106925.53936294024,107613.25993963382,939.318837446092
2025-07-20 04:00:00,107577.69697968187,108580.8646888006,106789.07472044343,107783.33950514234,1123.5126629917954
2025-07-20 08:00:00,105614.97211030789,106834.43039541793,103748.78176013645,105185.67464036509,926.7198869963032
2025-07-20 12:00:00,106930.22161943022,108997.33420299125,106306.05853939719,106902.02836996781,1089.1866954522802
2025-07-20 16:00:00,106993.33314986991,108349.60241587019,106250.01939736093,106566.47741128776,1112.811330235494
2025-07-20 20:00:00,106276.09164942885,107212.30745408456,104551.83223018271,106046.39678827433,1092.4478364340835
2025-07-21 00:00:00,106577.12058418279,108111.68707981994,104703.4217144366,106904.20338828726,1130.5895394223655
2025-07-21 04:00:00,104869.70308937631,105990.29222926247,104185.80494673434,105277.91956616075,854.7447798450106
2025-07-21 08:00:00,107229.52010148256,109057.74843642744,105343.23028218828,106871.97067421053,805.127750735736
2025-07-21 12:00:00,107447.88147379627,108393.18984308752,106642.01139972419,107324.47788816167,1034.0633992677629
2025-07-21 16:00:00,107625.46171279003,109467.41601083783,105799.68679717024,107810.34531943953,820.9922520059555
2025-07-21 20:00:00,105365.70946259901,106757.3925462734,103435.36832783751,105287.85105503646,952.3719195185264
2025-07-22 00:00:00,106643.92544547249,108610.872450612,104686.51602135626,106238.690177112,1183.495132756686
2025-07-22 04:00:00,105740.7803154099,106368.00393222945,103614.9781135168,105415.96767568319,884.2789115399478
2025-07-22 08:00:00,108026.25547460564,109020.42826722219,106197.65029661625,107884.85494765517,1113.7300976561633
2025-07-22 12:00:00,106615.3127637878,107578.3271157897,105471.19468663177,106439.06768056432,1075.3248005016212
2025-07-22 16:00:00,105795.67908640909,106767.28148003118,103960.38592650971,105639.29341764934,1115.3172741679195
2025-07-22 20:00:00,107030.46812293872,108606.26085966945,105219.07967739683,107269.24029157129,926.4718258881267
2025-07-23 00:00:00,108059.2200492352,108695.57401075066,105835.13755325126,107638.22521632789,872.3424364866637
2025-07-23 04:00:00,104495.25143681564,106153.28444879634,102577.45384948156,104990.5226848058,1075.851887618235
2025-07-23 08:00:00,104694.42701799124,105343.13697392179,102806.3334335203,105077.7930669868,857.0943601866385
2025-07-23 12:00:00,108509.87699419698,109725.55463819098,107007.9095800939,108110.77890724294,886.5223172754003
2025-07-23 16:00:00,105434.74115578482,106784.3544669036,104767.70173287018,105048.88075715101,989.5987003415414
2025-07-23 20:00:00,105349.85137200714,105659.53269164698,104611.11815027817,105490.22741751722,1098.413539003277
2025-07-24 00:00:00,106499.33324964983,107879.27806194793,105390.13321154733,106681.53636770784,951.4571666932179
2025-07-24 04:00:00,107297.1989108933,108543.37459829503,106759.86192305325,106779.26071397058,1034.9335906464676
2025-07-24 08:00:00,107589.83747862786,108001.5772870493,106195.84206341972,107974.91286917837,863.4988828396589
2025-07-24 12:00:00,108243.19766163529,110093.47766204567,105804.33349251367,107803.84162295698,809.8943831951751
2025-07-24 16:00:00,105578.83937273623,106400.06511001673,104499.95708767124,105622.83596352793,896.2572302406602
2025-07-24 20:00:00,107210.80791062828,109837.47636879423,107166.99762549877,107731.95808623651,918.6835733034245
2025-07-25 00:00:00,107002.12880508603,108451.43786688073,106940.85930116671,107172.37353245461,1053.4536693155771
2025-07-25 04:00:00,107139.89547870871,107725.35978569518,105825.14335724154,106622.53096620669,1088.2555560196076
2025-07-25 08:00:00,105192.07390255078,106362.59024013448,103599.15302711843,105498.03594469187,931.9815475179585
2025-07-25 12:00:00,107193.781522173,109183.57656655605,106410.32572389246,107408.11794392767,858.4933962284359
2025-07-25 16:00:00,105603.25228873048,107221.61383769847,104013.73321230916,105250.83276486205,1065.7887280326697
2025-07-25 20:00:00,105044.8383882426,106468.88019465063,104284.23829048271,105107.02537162979,890.6052726692391
2025-07-26 00:00:00,105785.69147944113,106980.87452911703,105506.51022803005,105749.72518048361,1178.7483997071736
2025-07-26 04:00:00,108424.61538315682,110442.63709353919,106038.80486729227,107941.51328337446,1148.3814364381783
2025-07-26 08:00:00,106006.88291221266,108025.7889243318,104096.5141958681,105916.44944959854,937.2669833832206
2025-07-26 12:00:00,108230.57148594518,109995.27148261496,108042.5532674014,108141.49419689996,1039.2494682869385
2025-07-26 16:00:00,105019.91901194995,105795.64684223224,103504.84817770931,105372.6031265287,984.7215483810056
2025-07-26 20:00:00,108230.62692956561,109511.49904053305,106303.39067463257,108061.82737205204,1130.5794368533036
2025-07-27 00:00:00,107442.5807895856,109144.63516747065,106883.30808796009,107975.33672627395,867.6940880953067
2025-07-27 04:00:00,104819.11418376399,105604.40960699163,102751.70745008548,105208.95724986437,917.9819162507242
2025-07-27 08:00:00,107797.91561436489,109442.56524139852,107499.06127021834,107872.06396567187,1024.3189772630321
2025-07-27 12:00:00,106156.10658743582,107682.7577489044,105065.67012254201,105723.43719936848,848.5216197425904
2025-07-27 16:00:00,105710.03391020001,105752.21092890295,105021.36746246017,105707.66263685969,1018.4174315133132
2025-07-27 20:00:00,107744.03210660903,109385.93623921147,106604.85912568371,107619.60303560141,864.27795606726
2025-07-28 00:00:00,107003.92133816889,107599.37506250669,104986.05783963388,107267.0493434135,840.8760396737954
2025-07-28 04:00:00,106992.40563267145,108679.7088815565,105089.68216985418,107177.63741961021,953.749380265474
2025-07-28 08:00:00,105631.84171174253,106606.72551006201,103497.9425767153,105340.91779450157,1119.1607721922705
2025-07-28 12:00:00,105556.34902624764,105873.096363001,103784.14422491411,105371.13828813193,1189.5792586689183
2025-07-28 16:00:00,106245.47613927163,107797.12294048144,104617.25382877083,106384.47683496815,817.0912818057174
2025-07-28 20:00:00,108376.52579140785,108561.04158779536,106576.63680980564,108283.79549005517,897.7471870430883
2025-07-29 00:00:00,108084.1674655135,109542.26150817686,106788.40084878595,108183.18435236151,1190.998620533848
2025-07-29 04:00:00,107259.6084352489,109434.32517522214,107258.26327067126,107586.028919043,895.6345012703022
2025-07-29 08:00:00,105071.03257460582,106281.63509473234,104356.01315842633,105342.17614554439,1155.4250003885265
2025-07-29 12:00:00,106083.19608606106,106736.23174515385,104655.34977594257,106419.48173698176,1146.8181616442807
2025-07-29 16:00:00,106502.96459592051,108041.6235751425,104599.06252285204,106081.39155475429,980.6908553145198
2025-07-29 20:00:00,105311.77819708269,105704.44952854142,105116.61580704924,105331.6571722888,805.2763865805133
2025-07-30 00:00:00,107685.7392118206,109401.2876576807,107388.91719422763,107986.71544283583,1140.6381619539802
2025-07-30 04:00:00,107810.45691255342,108974.35550180996,107460.95720710058,107961.61603501532,1176.4037098371728
2025-07-30 08:00:00,106735.326562045,108789.80757076012,106645.16202882117,106833.64644657834,1081.1248522738806
2025-07-30 12:00:00,107750.88244216856,109463.47334668186,105386.80376569211,107227.66469164293,1133.2616227816086
2025-07-30 16:00:00,107943.91073430113,110148.65213024222,107234.19959953906,108031.39453844726,1032.7417005080274
2025-07-30 20:00:00,107054.56571067192,107178.90310676004,104681.92251316713,106639.32051720764,1044.2950445885115
2025-07-31 00:00:00,108040.7697481842,110037.41315856094,106242.37167765253,107646.81819719808,998.4230351521909
2025-07-31 04:00:00,107223.71230416262,107756.04673908046,106345.86198587871,107086.24898750399,804.4194219875499
2025-07-31 08:00:00,105787.68780760423,107033.15294913857,104356.55336806974,105605.77003371633,897.9168748288995
2025-07-31 12:00:00,106913.2103435015,108758.64179669411,105508.77036961977,106499.10675090931,1002.4204988378755
2025-07-31 16:00:00,106943.48865922775,108717.8518859535,105939.25833254283,107137.73095108048,1036.448221969752
2025-07-31 20:00:00,106874.41109963396,107981.23779718812,105376.62453124023,107192.36243731387,933.5471782796516
2025-08-01 00:00:00,106167.80175544388,107864.68601579464,104696.02559922101,105771.43533619998,1185.8385380159277
2025-08-01 04:00:00,106893.23160922124,107674.30070834827,105364.29154979231,107204.8317867355,1198.441816603911
2025-08-01 08:00:00,106696.39776312621,107655.27620326578,105388.1030850952,106666.32367703726,1012.1456440411916
2025-08-01 12:00:00,107771.456752641,109396.63708993775,106138.55525811165,107857.10906756553,1020.6823702906215
2025-08-01 16:00:00,106790.4865499639,107597.95141009321,105074.75870824086,106762.12115935501,803.1498367731491
2025-08-01 20:00:00,106774.4578901573,107769.10813924804,104787.38654716802,107143.91008234728,917.9106688029207
2025-08-02 00:00:00,108746.5633798082,110463.3526295399,107740.51675303892,108683.00851423795,907.195808790634
2025-08-02 04:00:00,107619.15432038739,108788.26777093949,106755.37407124194,107214.160795059,976.115200660503
2025-08-02 08:00:00,106708.62459172291,108084.09652001262,106337.43921224303,106717.67218041317,1081.3029187762388
2025-08-02 12:00:00,107115.75291006031,108942.17452774677,106078.09969734258,106734.6950617872,991.3233879473162
2025-08-02 16:00:00,106217.02016875055,107539.83738936776,106017.85272593563,106655.94595384317,809.5875269278253
2025-08-02 20:00:00,105840.84535322942,107263.7757334966,103799.5380915167,105740.95289432336,1188.2129004516878
2025-08-03 00:00:00,106392.43894434502,106507.5099763434,104672.50898153547,106064.47914818506,802.3948464639894
2025-08-03 04:00:00,105670.93954963732,107509.76180690859,104273.04899199882,105759.89279401155,1023.0923027590508
2025-08-03 08:00:00,107323.18966023288,108847.19238592702,105086.53525148612,106840.3365564557,1003.7289830506784
2025-08-03 12:00:00,106369.34115953716,108401.54433603489,104950.67628968837,106695.37937251748,1140.1494872724525
2025-08-03 16:00:00,107992.5955565015,108684.6838597493,106186.64718885525,108099.6037668969,1020.5192916841454
2025-08-03 20:00:00,106986.35751285114,109125.18701422747,106227.0072681724,106464.20895496543,1063.2646590044958
2025-08-04 00:00:00,107267.0741466501,108869.59791340031,105517.31892342228,107160.2477847318,876.7599357256394
2025-08-04 04:00:00,106294.301451944,107255.77803985914,103917.48084408238,105969.22817733817,803.4230995818655
2025-08-04 08:00:00,106909.8123904472,108982.09367393058,105796.80177261724,106995.98768599721,1081.0031603265388
2025-08-04 12:00:00,106924.61377961506,108305.32813238818,105358.93511496877,106598.41129210463,800.9662452254003
2025-08-04 16:00:00,105791.70706928878,107423.84878509489,105112.78473040953,106157.58713318105,1082.50500777473
2025-08-04 20:00:00,107450.05279747903,109089.57221817126,107358.20958094286,107430.36018537547,811.9657956072755
2025-08-05 00:00:00,107551.21947643413,109709.79252453796,107413.81957600712,107737.84552239323,948.7238576285079
2025-08-05 04:00:00,106259.1949895249,106981.65049930311,105375.92902856851,106585.00879798528,1024.6242191382012
2025-08-05 08:00:00,106823.24398993724,107082.21314883635,105681.593858917,106775.80697576198,1080.2116230527654
2025-08-05 12:00:00,106364.15510375125,108665.95772457177,104914.65490620743,106876.10368586848,1024.8138223191959
2025-08-05 16:00:00,105991.62011995439,107742.55917751198,105192.3003887534,105724.9955357774,1156.4704196711589
2025-08-05 20:00:00,108240.33110395599,110125.42471613004,106337.00564149921,108318.52886271355,822.6662183824803
2025-08-06 00:00:00,108480.13993467393,109130.42624843733,106688.6210313838,108870.97869650836,1185.302091058098
2025-08-06 04:00:00,106192.82424490184,107306.51785152855,104676.71334851565,105988.7052531089,845.2680990936562
2025-08-06 08:00:00,108099.2685178973,109387.91138364158,106030.51260713059,108144.28069602745,1132.3997608935213
2025-08-06 12:00:00,108323.32226251002,109219.36535612326,106881.23854739816,107860.68231506599,956.6778909391528
2025-08-06 16:00:00,108759.55324678497,108885.25058667012,106821.3996194826,108583.4714196146,834.1032394826427
2025-08-06 20:00:00,107989.59417773991,110021.08906860284,106025.28619337149,107904.07740564665,1046.0343574155722
2025-08-07 00:00:00,106294.663436055,108190.58989066709,105363.92028351806,106598.18247479203,1107.0172963068283
2025-08-07 04:00:00,108277.41558303492,110218.24786526566,107625.62359700914,108448.8704368547,915.3194295319645
2025-08-07 08:00:00,108049.4377782981,108452.50758558208,107270.90328431364,108070.22371756085,1185.298420015085
2025-08-07 12:00:00,108981.93570695726,110431.91526935622,107753.98187435576,108866.25600345252,1170.2748879676788
2025-08-07 16:00:00,108338.97318341545,108735.6702493046,107719.40765083097,108508.05878414308,813.229340957437
2025-08-07 20:00:00,108130.94020651991,108712.49600389179,107150.38241526831,108377.91905834599,823.0247647892343
2025-08-08 00:00:00,105934.23932909608,107227.56521772074,105452.5611408032,106401.09463830148,1143.489565523112
2025-08-08 04:00:00,107211.97398293125,108904.17302720383,105750.72929994816,106945.87044096421,983.3740387374901
2025-08-08 08:00:00,107739.00151918062,109027.9623686393,107317.83686588079,107518.67868181504,841.4204990736378
2025-08-08 12:00:00,108152.06421399435,109825.34433252463,107349.07325403654,108275.21747738049,1004.3301313093715
2025-08-08 16:00:00,106957.21618797384,107029.61839742665,104856.93906323309,106529.50175857653,1113.4547892150367
2025-08-08 20:00:00,108244.30975276351,109150.69241513555,107151.88251694184,108508.32441628704,949.6311351943925
2025-08-09 00:00:00,108499.7289288013,109285.80526666685,108104.24994237076,108544.84750109474,930.6819941431825
2025-08-09 04:00:00,107854.63239969085,108019.18812789978,106015.03262294453,107961.37950304827,903.7607565745911
2025-08-09 08:00:00,109050.70234687607,110593.3636916282,108149.17715571183,108950.90900012707,1188.5894314086388
2025-08-09 12:00:00,107837.13122088832,108240.02338338869,107126.06946745154,107849.18902250961,979.0952557559552
2025-08-09 16:00:00,105742.11804251198,106599.5845926782,104214.11155003158,106047.52828231911,910.1819926865519
2025-08-09 20:00:00,108832.89797866764,109072.79336114545,106916.5863430244,108747.28333875778,1088.0350977371786
2025-08-10 00:00:00,105970.53159252685,108257.59884047258,105454.70164720545,106453.6301099975,1079.7592003351822
2025-08-10 04:00:00,107584.38277407386,108237.73891691345,106520.92492527209,107835.01795301943,1043.6718845832331
2025-08-10 08:00:00,106280.47098432604,107829.96170186477,105392.02002048741,106387.36449593097,818.9722780625593
2025-08-10 12:00:00,105984.64262656201,107545.1009414133,105982.50106384834,106073.20082941593,829.2326999222136
2025-08-10 16:00:00,108445.8568082086,110459.42873410846,106700.32531687187,108967.38388975018,1027.1404877368336
2025-08-10 20:00:00,108365.15094269313,109853.8777077191,107411.3194459645,108464.34469345641,949.7869937213516
2025-08-11 00:00:00,106554.00542316439,107772.45131482813,104832.07547397644,106497.35722863868,1101.2721225378373
2025-08-11 04:00:00,107542.15536329077,108177.27798103091,105407.22579760653,108064.58256492116,847.1813761979095
2025-08-11 08:00:00,107622.6779803986,109138.53482231215,106124.80344891698,107411.4628059166,1076.1110126031094
2025-08-11 12:00:00,107317.68268322152,107845.4439818614,106047.89865283128,107077.85592708377,929.7576948432304
2025-08-11 16:00:00,106571.39050479342,108118.24193434109,105396.82554763714,106542.30505706377,1182.5213568843703
2025-08-11 20:00:00,108329.42024295128,110465.93315864267,107590.77665690567,107800.07379701796,1119.4649277194235
2025-08-12 00:00:00,106647.06493533493,107088.78579030446,106453.84475117852,106638.80326412116,938.9262616318632
2025-08-12 04:00:00,107023.805721225,107847.52249981527,105895.52748800722,107203.02813801155,1186.1885868798865
2025-08-12 08:00:00,109221.61975233315,109381.5828168681,107170.06540714584,109306.38129827625,883.3543180064219
2025-08-12 12:00:00,108623.86945179035,109762.58976086535,106795.15318713135,109080.82495690056,873.2624687647831
2025-08-12 16:00:00,108643.08008265667,111243.88247114356,106689.16309803478,109126.28081478224,857.0554471509394
2025-08-12 20:00:00,108142.84414744501,109639.43296072641,106432.00372676714,108501.83864804998,988.5691090588642
2025-08-13 00:00:00,107246.05855624244,108605.54397070615,107144.24422101345,107323.86905880063,1109.987996773877
2025-08-13 04:00:00,108108.79304217848,108980.2774576253,107911.38829477424,107971.02005920725,1169.8056037931306
2025-08-13 08:00:00,107835.50871565423,108503.32260899965,106049.59619536172,107473.21967845914,1180.9547019560137
2025-08-13 12:00:00,108441.77563534079,109109.45983879922,107125.54550435147,108115.00325391302,1063.9447759288664
2025-08-13 16:00:00,108450.0495145465,109184.48261213479,106462.35460145053,108001.61869109013,918.6379669072559
2025-08-13 20:00:00,107467.94568536794,108345.1370668603,105574.4268811165,107451.12243463383,1003.9289133573363
2025-08-14 00:00:00,106702.38853407076,108216.36703958391,104712.2918070932,106730.28450485904,1113.4422655485125
2025-08-14 04:00:00,107416.79506578969,108906.36576348158,105969.99778462584,106884.72493104839,1072.990049812278
2025-08-14 08:00:00,106995.02502626015,108839.10770304025,106139.53099889537,107115.82233964046,847.8929904771311
2025-08-14 12:00:00,107459.16249090998,109235.14590391646,107193.84872523988,107382.43123515086,1142.1609670033124
2025-08-14 16:00:00,109074.37305673433,111172.22448018393,108058.2309464511,108908.68663966656,1086.6682057392368
2025-08-14 20:00:00,105824.9948019217,107908.87475998531,105402.68721829251,106227.37219988264,821.6560852177136
2025-08-15 00:00:00,109526.64764887959,110578.49375733221,108202.18709302174,109452.42817555647,1052.3656957759604
2025-08-15 04:00:00,107132.77651964214,108596.20068783501,105905.65132186614,107261.43742129562,996.0741059164918
2025-08-15 08:00:00,107294.57825519852,108072.02505281876,106540.26789322661,107784.28531922167,918.0897113884125
2025-08-15 12:00:00,105809.53275584964,106766.07094282632,105555.04261648671,106317.09538073186,1143.2362990341232
2025-08-15 16:00:00,106949.9965184526,108257.87410342312,105014.45021034258,106569.29732777715,824.2350214236222
2025-08-15 20:00:00,108135.3322810623,108856.05638263491,106037.33089933531,107893.985846398,1042.163246988027
2025-08-16 00:00:00,108239.9586306907,110770.72328542249,107511.67440670702,108711.17205887483,879.4993361112095
2025-08-16 04:00:00,108923.47853618131,110765.21518240763,106718.77685552927,108604.93256585821,1037.0224280700131
2025-08-16 08:00:00,107148.89716030337,108496.03697929227,106009.14990291442,107156.89122471277,1073.7311320599274
2025-08-16 12:00:00,108741.92252412466,110101.84236646573,108168.3611225617,108900.38682691277,1058.592988914622
2025-08-16 16:00:00,107033.29870380402,109088.61840684843,106588.26443272905,107241.85808671622,823.8621957827429
2025-08-16 20:00:00,107857.65535102447,109791.48605430013,107448.13290856648,107991.37971654125,993.1087993294816
2025-08-17 00:00:00,107525.69833134318,108005.45237821115,106217.40148272694,107149.91587933902,832.0620953555035
2025-08-17 04:00:00,107749.67294343634,107767.56159271223,105220.29208202407,107236.14626782373,1010.7012543645086
2025-08-17 08:00:00,109250.76371839453,109424.95988683714,107823.76767494583,108782.9315135206,951.4647958212594
2025-08-17 12:00:00,108946.97649099056,110646.00907352717,107736.44390220435,109358.34126170051,1025.8882035253798
2025-08-17 16:00:00,108315.53022612302,110063.3403563929,107289.16885320982,108270.48122255268,999.4336660367205
2025-08-17 20:00:00,106825.31432255958,109404.58190745272,104917.80249821639,107300.87480610886,891.181342761523
2025-08-18 00:00:00,109765.96158852859,109781.75000178225,107151.02959305159,109302.17555130838,869.0395840357264
2025-08-18 04:00:00,107504.56903364118,107702.25131841266,106614.73677197688,107401.52976830093,1149.9436913878112
2025-08-18 08:00:00,108284.8131022373,110219.52567589146,106839.0333052187,107869.89417554217,924.104342048234
2025-08-18 12:00:00,108736.68171565763,108807.88556558336,106866.09207258432,108453.80620725539,809.935680797957
2025-08-18 16:00:00,107315.94233553621,109383.58855353955,104805.3237111015,106847.52974517722,853.6226404283946
2025-08-18 20:00:00,106732.05488718535,108426.69489375455,105477.5232503073,106518.63974481945,935.6691970143227
2025-08-19 00:00:00,106577.40476139383,107515.56613315568,104847.78577080132,106755.93726244838,1058.3776110850088
2025-08-19 04:00:00,107840.93494350686,109254.83068292246,106045.56677368053,107770.69934019855,887.8755344663209
2025-08-19 08:00:00,108012.30374318078,109236.83658937411,107247.08808700167,108392.83448199698,1093.8447100219507
2025-08-19 12:00:00,107135.32812109088,108286.3880875319,105821.34130772606,107006.54350395173,851.7347003537301
2025-08-19 16:00:00,109026.79777040072,110476.85331279939,108311.33833510744,108909.62659109688,1122.8708632570495
2025-08-19 20:00:00,106318.21798662054,107184.44118464286,105239.65631447983,106681.11261227325,971.5081660282252
2025-08-20 00:00:00,108909.13974589464,111151.85567069199,106749.69248189466,108998.67062569619,1088.4827830784723
2025-08-20 04:00:00,107520.5095596932,107753.44066555613,106293.6011568584,107168.92367816396,918.7029708854516
2025-08-20 08:00:00,107670.94073232073,108642.72612333897,106360.64812428084,107836.81710424325,845.4729701901865
2025-08-20 12:00:00,107867.99327070126,108217.6292342263,106605.3700890906,107575.57638856221,1087.2479764295476
2025-08-20 16:00:00,109562.63074295012,111358.30153349634,108068.65988860898,109709.3657369503,867.5714681189469
2025-08-20 20:00:00,107731.5518743949,109191.27735630471,107351.79208556497,107988.29288951612,953.3372687396095
2025-08-21 00:00:00,106429.01510144828,107382.50653627054,106293.67516934924,106675.1566104489,960.9514921932112
2025-08-21 04:00:00,107469.36668749254,108895.46773808819,106634.01427046533,107980.81373916958,850.1035839473726
2025-08-21 08:00:00,107354.7028381284,108771.78703704958,105032.2979202294,107077.87896949562,1034.607372693239
2025-08-21 12:00:00,106793.29101133197,107639.07965224326,104638.15208271633,106643.49464526142,1159.2322848654906
2025-08-21 16:00:00,107486.86550012752,109023.4774268456,105291.81452594486,107150.59691627836,1106.9024142662038
2025-08-21 20:00:00,107020.68470948614,107869.9546677429,105568.37028813185,107318.93523517411,1139.8072814699176
2025-08-22 00:00:00,108953.46680535222,110592.8118730057,108333.86353687067,108765.47309737458,908.2191352289777
2025-08-22 04:00:00,109330.86168738536,109475.48813443718,108968.72029353623,109245.36423064285,934.9422198176919
2025-08-22 08:00:00,108347.16626610051,109825.4647938906,106509.35293351758,108240.67589908975,823.5720911516823
2025-08-22 12:00:00,108012.40009559879,108687.49583267578,106807.35242594889,107729.39959898814,1102.2307439016372
2025-08-22 16:00:00,107236.20176437468,108288.85727363102,106506.58319419228,107461.24287199226,1111.7112256706598
2025-08-22 20:00:00,107596.96554513044,108229.94409703722,105574.96841770757,107814.73682176786,966.0998328139551
2025-08-23 00:00:00,110366.51476712344,112157.40132005472,108425.9596621872,109820.44392486231,1092.4033607134652
2025-08-23 04:00:00,107287.86194038064,109285.94323881861,106195.77480638013,107437.59389211476,1185.5167677691547
2025-08-23 08:00:00,108277.38801008603,109188.4818384189,106737.52755937795,107785.02825181621,970.848609655853
2025-08-23 12:00:00,107786.95116664155,109121.23245414215,106265.85713864071,107865.959400369,848.0605266068794
2025-08-23 16:00:00,110261.09282534299,110796.40962155323,108671.70051184448,109934.01733314269,1129.669977914336
2025-08-23 20:00:00,109372.05311885371,110200.22530994176,109304.88762157007,109309.64278734488,1157.1434648378279
2025-08-24 00:00:00,108284.68640822159,110426.52426946511,106960.65616136612,107980.78597449907,1180.9734451134066
2025-08-24 04:00:00,107779.8864289428,108687.37350825999,107027.02619900093,107431.06269547087,1044.6555149489532
2025-08-24 08:00:00,108792.04917615572,110224.66810857508,107748.15551832406,108911.15626197282,1090.3919220296727
2025-08-24 12:00:00,107727.27289709935,108120.87876814172,105429.2773648051,107550.90880481181,912.5131412827603
2025-08-24 16:00:00,107240.29310102883,108464.64533120404,107096.09978280646,107679.24542575883,834.0032820219902
2025-08-24 20:00:00,109795.71885684432,111703.9042931021,108306.48204470956,109364.78974432521,1038.6703019491326
2025-08-25 00:00:00,107545.53667914258,107774.573871303,106678.87412498982,107208.0546032603,850.4492864915737
2025-08-25 04:00:00,109831.1936180593,110727.85557247892,109052.16145394213,109980.21854607984,1030.768796523956
2025-08-25 08:00:00,107240.2683618395,108165.98107575937,105688.6547561034,107479.15282430183,1165.1001918276424
2025-08-25 12:00:00,106910.66943357223,108682.9725357338,106293.74368855351,107035.99492481338,904.4023066366365
2025-08-25 16:00:00,108681.04794734764,110683.32973879467,107669.45254056963,109000.63777086067,961.7295073122311
2025-08-25 20:00:00,108135.8729573961,109205.56793846391,108106.62956222492,108176.81781137598,1069.0695218675148
2025-08-26 00:00:00,109248.36067543666,111443.76157995278,107345.4665819715,109436.25979387148,985.9000582113952
2025-08-26 04:00:00,110007.77594148861,111555.8382931544,109145.62830409098,109758.44207456581,1146.5387135754172
2025-08-26 08:00:00,107290.25462522183,109293.67703796609,105994.93076452825,107186.88596188869,967.7161167250774
2025-08-26 12:00:00,107437.49044315628,109959.48949576078,107125.89403116328,107875.74227168907,1082.5685069013907
2025-08-26 16:00:00,107255.55042628248,108367.87024135569,105328.64396138115,106918.26896386886,800.2563962224418
2025-08-26 20:00:00,107386.44536877456,107685.47785697275,106837.69551018263,107263.04228341227,946.3595395197983
2025-08-27 00:00:00,108090.23875513981,109779.3568405125,107630.1084573945,107810.27415264056,947.4295643280562
2025-08-27 04:00:00,108688.21775593501,109612.7034530645,108005.906367349,108585.02088308029,1013.1776918681824
2025-08-27 08:00:00,108696.06567353866,110215.07987267266,107702.62540265016,109160.67132882537,1150.2000720003653
2025-08-27 12:00:00,108255.65162026673,108446.60738776943,107240.49237229479,108146.67138870599,1080.7059591236052
2025-08-27 16:00:00,110035.32143113528,111121.64201681588,109468.48051528682,109663.84093081916,1186.8258827237478
2025-08-27 20:00:00,107660.94375723938,108297.24272959805,105779.11692588797,107916.72868970543,1181.934966003267
2025-08-28 00:00:00,109703.02471937411,110483.05719160671,109178.48671055622,109616.6139548389,984.5379633984776
2025-08-28 04:00:00,107179.74964364077,108212.06022741675,107110.13871277323,107681.34433144957,1127.6125434953437
2025-08-28 08:00:00,108622.68250138678,110224.86515237352,107749.37083546002,109011.01840350285,1091.1729649546883
2025-08-28 12:00:00,108860.58838466891,110771.3573020863,107745.52290050445,108704.38524388657,845.63649953173
2025-08-28 16:00:00,110461.99210684298,112037.23201359583,108236.6515005198,110251.68975478907,889.8651209697821
2025-08-28 20:00:00,108347.70926365236,108775.36121348455,107277.24866103953,108341.2027303252,1001.3152145707252
2025-08-29 00:00:00,108397.50394445712,109597.43380312264,106905.39234649394,108407.2510309446,1133.2774730105116
2025-08-29 04:00:00,109462.81915344702,110169.86160274204,107909.1188069452,109547.59086424742,947.9557216024025
2025-08-29 08:00:00,109346.21499284197,111034.30028992459,108728.33249922065,109261.18132547414,1064.370685186706
2025-08-29 12:00:00,107995.07610015139,109427.87092070814,105507.63912805091,107654.30720237111,1189.4744692966274
2025-08-29 16:00:00,108978.83221018325,109300.62373505541,107934.77752095996,108709.43202475022,900.7251076921516
2025-08-29 20:00:00,107764.65076338006,108435.1328058748,106303.9835061449,108171.35608615093,938.5851683985146
2025-08-30 00:00:00,108167.54999339097,110210.52651877701,107892.25166908352,108592.33905187929,1046.0528215737415
2025-08-30 04:00:00,107380.29995889787,108986.72358202135,106186.67955637956,107445.12711247259,800.6287684767275
2025-08-30 08:00:00,108900.72661767807,111328.51896544792,107682.58563558762,109382.97621328477,1192.8692787770506
2025-08-30 12:00:00,109492.65750583516,110450.91889293902,107804.76538217664,109337.71118080114,1079.9307468255702
2025-08-30 16:00:00,109298.04834194374,111227.27558982716,107960.47369074775,109432.16852986069,809.6351865249878
2025-08-30 20:00:00,108314.39293296504,109591.33695275588,107898.36834582468,108140.28745238596,998.2136008160613
2025-08-31 00:00:00,108584.46490100806,109556.86096312568,108014.11150405802,108411.86196349918,810.9397148200437
2025-08-31 04:00:00,108719.93390723826,109790.40388495088,107158.63431589269,109194.99400045763,857.2795032088695
2025-08-31 08:00:00,108189.17088657833,109935.88962107628,106491.83818215155,107784.57702939106,1042.3715302124078
2025-08-31 12:00:00,110325.2097673398,111259.78308833175,109193.86909249843,110288.56492120444,861.5318237824175
2025-08-31 16:00:00,108420.41950839697,110514.65523050244,107890.21230695376,108844.00947520843,843.7725121808446
2025-08-31 20:00:00,109435.47209571293,111934.35463661508,108162.5504756539,109755.1551844408,934.968105821709
2025-09-01 00:00:00,107967.5236070834,108858.77913853659,106223.23725136685,108367.55663385175,1044.462498869683
2025-09-01 04:00:00,108155.92729921729,109503.11742956187,107947.22756718534,108231.92588492404,814.0840908374139
2025-09-01 08:00:00,107672.74505164541,109925.06249951635,105924.37253423274,108059.52195829123,877.407342107757
2025-09-01 12:00:00,109408.98439226659,111258.88153875875,108852.9111759575,108943.76498910769,834.7857658245223
2025-09-01 16:00:00,110349.43721517015,110387.01351081737,108189.15264201682,110214.50465048592,1122.5868631905264
2025-09-01 20:00:00,110750.57404840391,112257.60255949145,108480.48644937333,110219.28518221909,1172.6380771870754
2025-09-02 00:00:00,108819.18514696455,110492.43838334251,107806.8196395329,108825.02727556578,1083.609704615002
2025-09-02 04:00:00,110052.5106249758,112592.043358941,108873.85275929357,110440.54544400044,1194.1461383786957
2025-09-02 08:00:00,107904.69972159894,109503.20976833752,106086.41585109892,108001.81555566935,1061.0258931737924
2025-09-02 12:00:00,108883.39349921307,110570.57687865882,107808.20883069157,109268.79667431879,890.8144748080545
2025-09-02 16:00:00,109559.75725222495,111282.140971086,109289.48744683378,109352.1724979388,885.8875872489795
2025-09-02 20:00:00,109290.36504989122,109799.03033922058,106808.46011950556,108936.70567685695,978.4071764247885
2025-09-03 00:00:00,110418.70177801847,110809.17137722891,108556.09480627027,110159.54259103484,1148.2475356060647
2025-09-03 04:00:00,108366.9358149533,109462.64061692376,106668.63205356628,108687.79333603515,1033.573528738065
2025-09-03 08:00:00,109089.20301275786,110324.08644936573,108138.09419294684,109271.23685070915,957.5528010193257
2025-09-03 12:00:00,108987.84466191109,109283.53478069165,107480.61385948941,108648.28868098155,1029.8004402824517
2025-09-03 16:00:00,108429.92132317382,110291.48280362073,106902.12879672194,108443.33541958411,1145.756559331695
2025-09-03 20:00:00,107775.3423042598,109670.28607944888,106164.58059345886,107367.30703236873,902.5546934985092
2025-09-04 00:00:00,110023.40972425614,110879.8703804259,109485.84794559525,109513.35204294785,971.2056224526157
2025-09-04 04:00:00,109592.52801663731,112010.45464573932,108213.31605056999,110002.05262684866,913.7750663857685
2025-09-04 08:00:00,107929.03311406785,108462.29731962338,106485.8898728695,108389.52532767464,1100.8687095460964
2025-09-04 12:00:00,110247.18652762684,111323.47059953239,108907.75327938983,109843.93439607139,933.005945995963
2025-09-04 16:00:00,108320.51896290346,109883.54455271432,107636.36307515655,108217.73422835127,1137.8182189511901
2025-09-04 20:00:00,109768.7662156318,112275.36389063863,109261.02367781788,110247.68358088136,883.0470313681236
2025-09-05 00:00:00,109245.49183577082,110333.97768879875,108827.35520501611,109384.97379407479,872.240901219358
2025-09-05 04:00:00,110175.22145652195,111160.3847683354,108812.77123208044,110165.44155981045,1158.0536044111177
2025-09-05 08:00:00,110458.86145620218,112739.84635484757,109553.00718764626,110679.75152312861,937.6190300068905
2025-09-05 12:00:00,109932.37065092512,110557.81099751854,107789.62612837578,109789.03942700906,1091.1203839984232
2025-09-05 16:00:00,108912.65836773405,110114.61215188705,107993.67309820438,109297.78017442314,806.7273568316699
2025-09-05 20:00:00,109073.36547563005,110014.62311090798,107431.16759289845,109365.17322938313,1090.2475671413572
2025-09-06 00:00:00,108207.42212712375,109044.14264965201,107557.77636243735,108227.14603092131,995.5504607145044
2025-09-06 04:00:00,108240.87868328224,110674.40580668145,107531.44160170894,108585.45874040309,941.9131797635924
2025-09-06 08:00:00,108045.42589875536,109001.48930169911,107065.02241606798,108335.68899385903,1076.2683421921945
2025-09-06 12:00:00,107607.01115632962,108088.45400027512,107195.64541686045,108037.78046680734,1152.707036162015
2025-09-06 16:00:00,110072.32231922772,112114.72125467166,107991.61131614246,109683.88659947546,970.0799522649704
2025-09-06 20:00:00,108986.52532854075,109472.15220746314,107899.41003434082,109024.88843634201,1190.886169100736
2025-09-07 00:00:00,110894.79500109912,111138.09019318725,110026.30867777995,110476.11975000758,1056.226845064913
2025-09-07 04:00:00,108931.00946126004,110819.22685942825,107425.4782462391,108596.15578366627,1106.1612039018753
2025-09-07 08:00:00,110397.94111916293,110819.92995816449,107858.27572960508,109893.8835621974,999.0125188624277
2025-09-07 12:00:00,110368.19411925999,110803.5513799215,108518.09331021502,110080.74383263409,877.9413297052376
2025-09-07 16:00:00,108019.76389003952,109895.2499132092,105984.80355024186,107852.52240152458,1084.499950601372
2025-09-07 20:00:00,110274.2367356991,112109.12456617571,109130.31645180998,109971.09871240454,828.1186557055343
2025-09-08 00:00:00,108694.59902113776,108841.70714169716,108653.92200389037,108671.14343671173,1094.2427092352013
2025-09-08 04:00:00,107587.68154399835,107887.92878244963,105738.68524033169,107713.10288507497,1185.711682268936
2025-09-08 08:00:00,110647.41682175525,111756.53976272364,108585.54925425694,110437.91999937763,1080.7297149397
2025-09-08 12:00:00,108120.45001249148,109350.29475542883,107933.68653584314,108444.77070520366,1107.2808587341192
2025-09-08 16:00:00,109480.58811844295,110419.40881662675,107957.14663992844,110021.15513894166,1104.1010065268651
2025-09-08 20:00:00,109309.11566311379,109862.66130289831,109131.80886349425,109803.89390865841,872.0615600529316
2025-09-09 00:00:00,109282.61913000696,110525.12221443263,107079.07341374195,109255.14936479848,959.4144094482083
2025-09-09 04:00:00,110172.2009979181,112057.37467256981,108324.37302112162,109756.13069941047,915.0688166376048
2025-09-09 08:00:00,110197.20194521217,111794.20590025157,108760.34372547657,110520.79686197852,806.5694756765791
2025-09-09 12:00:00,109792.72404842265,111526.51977853078,109497.17832449476,109928.32128535023,850.0438153304519
2025-09-09 16:00:00,108658.62776976379,109217.33855609223,107659.01770396206,109146.48715740426,1174.862454296942
2025-09-09 20:00:00,110596.37449401173,111513.35452224793,109187.13552632953,110144.82863315869,811.3146271064691
2025-09-10 00:00:00,108951.58853522081,110547.51310659727,108564.3304323785,109013.43572562441,1068.6938779908912
2025-09-10 04:00:00,111212.71237442733,113152.09980094306,109129.51213773465,110976.8846062819,1048.5884572857362
2025-09-10 08:00:00,109492.19393391952,111046.45253573026,108635.68913428979,109815.38182208531,1003.7772899313725
2025-09-10 12:00:00,109911.11304389116,112115.11793016637,107980.49681001792,110412.44198647671,878.442893294425
2025-09-10 16:00:00,110329.65566416133,112197.82070072381,108265.45489954442,109963.4380791462,1118.4499983962419
2025-09-10 20:00:00,108573.83081651908,109573.12678387928,108158.77660623944,109014.01511712946,990.6181224479191
2025-09-11 00:00:00,108303.1898976581,110889.9106819406,106422.31341595665,108812.77367182153,833.521183646555
2025-09-11 04:00:00,109647.73405955703,109944.61162377676,108412.87054536359,109810.30180288656,1133.0453648681942
2025-09-11 08:00:00,108413.02562190164,110245.24535012379,106461.34501462411,108251.68838385331,843.5207701478647
2025-09-11 12:00:00,108581.67542238873,108786.31986500835,108029.84860260687,108371.58252677308,967.652655850502
2025-09-11 16:00:00,108969.25422119869,109910.17857424234,107625.63172682363,109277.23431987895,1006.3741390955142
2025-09-11 20:00:00,108305.7560243081,108383.94039299608,107490.08549650315,107929.38399627864,1128.1893286055483
2025-09-12 00:00:00,110865.54301920731,111731.519339054,110614.27142137726,110906.16079039217,931.0868461517655
2025-09-12 04:00:00,109363.32019578393,111298.65924158444,107262.28034846818,109732.903550577,1168.8706919407005
2025-09-12 08:00:00,111065.17560350007,111863.51959677285,108735.50661241874,110621.77479854431,846.1044465759351
2025-09-12 12:00:00,109108.1443248051,110164.64108939802,107418.09456580033,108967.94923552778,870.1905227512092
2025-09-12 16:00:00,109335.04602124816,110413.96675756155,107200.3188279106,109614.41203065192,993.1453154316152
2025-09-12 20:00:00,107783.53591342813,109859.3710075072,106395.92375427173,108262.92817905296,1135.4318034898206
2025-09-13 00:00:00,108230.0407630397,109668.88288488709,106881.68610907363,107927.01356457734,997.343245406495
2025-09-13 04:00:00,110332.61086019783,112274.31918249835,108650.49425825314,109808.07282556564,1127.2254211388808
2025-09-13 08:00:00,109548.00705855334,109814.87927721402,106996.37116664229,109153.02573275598,833.9679062162362
2025-09-13 12:00:00,109028.58739195189,109785.36201324295,107004.7469438993,109369.0184888176,1035.815860014518
2025-09-13 16:00:00,109870.78929430126,110909.74848848226,108329.9767419295,109325.57650414825,1020.7682138962
2025-09-13 20:00:00,107828.23825956919,108787.66663427817,105678.51150844009,108203.51728629592,1091.4502205427893
2025-09-14 00:00:00,109601.88970939754,111817.03983239295,109454.8224071042,110091.59078694596,1076.2917566012486
2025-09-14 04:00:00,110887.60754746842,112879.49352033944,109138.94681936255,111084.46053030755,991.7918283279812
2025-09-14 08:00:00,110809.57460423367,112049.41143161178,108889.35731082331,110314.09623423609,1084.0486302730085
2025-09-14 12:00:00,108466.26779208441,110555.22496592275,106995.14952923138,108608.26679739902,1131.1580796993733
2025-09-14 16:00:00,107930.90808604172,109840.33256298039,106914.56785112445,108130.43464930438,913.757115486465
2025-09-14 20:00:00,110882.92683523742,111655.83767025774,108699.36509345823,110437.94814942738,995.0466731313048
2025-09-15 00:00:00,108563.90142307428,108753.40077472164,107187.80594299198,108139.32859169769,916.4754203872835
2025-09-15 04:00:00,107708.38356426447,109181.64659094193,106696.1212350039,108057.57050519607,1102.2951933321276
2025-09-15 08:00:00,110040.84790010788,110276.62241938237,109464.2930633644,109675.22714652226,1034.2240560558857
2025-09-15 12:00:00,108597.24733440464,110627.70241107536,106617.16741627837,108666.41691071798,1078.5714631242913
2025-09-15 16:00:00,109955.49862083157,111032.7123487497,109498.8139580379,109898.13700608935,973.5902747739615
2025-09-15 20:00:00,109976.02257424888,111193.48280766941,109566.69498694148,110451.70688464004,1045.521934353648
2025-09-16 00:00:00,110178.64706264104,110184.5865811382,109440.09720323348,109905.7522865233,1040.4982779305938
2025-09-16 04:00:00,108510.36410175636,109485.63551531575,106589.24916060385,108550.11589603398,1117.7125915682795
2025-09-16 08:00:00,109067.94475845495,109185.06941887779,108259.01037191239,109071.72344017077,1035.904017437364
2025-09-16 12:00:00,109505.94655866678,111689.06726166743,108274.86045913187,109256.62976054086,1071.8089102382555
2025-09-16 16:00:00,108158.24233571983,108878.95689762046,107354.67082398888,108649.98282278689,1003.3110744417347
2025-09-16 20:00:00,109386.45927154105,110937.5646370342,108374.4488347111,108893.28005693234,812.767471073552
2025-09-17 00:00:00,109884.99826607379,110707.89671582845,109371.76269952045,110151.4217070752,824.1556491345532
2025-09-17 04:00:00,108203.59257712432,109550.29675943546,107513.27875026113,108261.31885752623,1147.0909457922437
2025-09-17 08:00:00,110836.64716029291,111259.20993973946,109225.1973694462,111170.32017093933,844.2199783789521
2025-09-17 12:00:00,108558.19817774049,110130.33027357687,106831.99743913813,108647.29310629092,1104.5497954480074
2025-09-17 16:00:00,111174.69129095052,112172.00210863998,109613.17309071218,111368.68427442518,962.8379910267929
2025-09-17 20:00:00,109402.58575131353,111554.36060816931,107270.0549291327,109087.16534281842,850.4595538019399
2025-09-18 00:00:00,109251.33450863365,110532.4897511708,108757.28636953747,109307.30978376202,1038.180906636285
2025-09-18 04:00:00,109772.7689181412,110004.21832918248,108925.82425418618,109790.53350736138,942.4093795386351
2025-09-18 08:00:00,108571.39287219914,110090.89754266337,107343.7296490573,108527.43328521254,940.1040151953425
2025-09-18 12:00:00,109717.42267546276,110303.83187761462,108247.53647248322,109570.31746215414,999.622429718341
2025-09-18 16:00:00,110136.71669410562,110908.29850960926,109634.62019656412,110064.10348442843,1030.9384264207374
2025-09-18 20:00:00,108991.39399964112,110542.26261261443,108812.8827128828,108986.70816189882,966.2345506986836
2025-09-19 00:00:00,109339.16970586857,109821.2954098425,107748.43488621469,108997.66211734609,842.4974876044896
2025-09-19 04:00:00,109665.4314516668,110465.14592418958,107949.12106568001,109345.12069746152,1152.3274160142041
2025-09-19 08:00:00,111195.07166282843,111764.82937356729,111026.05670691494,111315.61639114498,1033.5231005867472
2025-09-19 12:00:00,108327.3754160432,108948.98697430397,107955.69563751383,108850.87833362588,813.0917683259321
2025-09-19 16:00:00,109137.57826206773,110111.12735711501,108947.43817437884,109445.18038083172,1150.0583672561315
2025-09-19 20:00:00,111241.92258739896,111417.4236615179,110671.8621598321,111322.10912648987,820.8096803299462
2025-09-20 00:00:00,110557.08626969987,111934.03042601052,109327.69202196748,110093.6997998709,1125.2451161427346
2025-09-20 04:00:00,110221.29964776133,110678.36835826187,108565.47091207361,110670.9682792528,1037.476569023033
2025-09-20 08:00:00,109571.36259991993,110966.45547489241,108903.66493560154,109811.4183095272,1168.45356880897
2025-09-20 12:00:00,110767.21373943952,112712.84162331015,109082.58040093677,110814.82898481542,947.180790302343
2025-09-20 16:00:00,110580.91471775775,112697.70038393613,108722.32035908522,110723.97905623652,1098.477900333992
2025-09-20 20:00:00,109849.66827488078,111855.29219097731,108801.4697289676,110291.53637348302,922.2683398116097
