timestamp,action,amount_usd,amount_btc,price
2022-02-03 08:00:00,buy,7951.920024129172,0.17960019080596587,44275.67692687011
2023-01-10 04:00:00,buy,2029.213723539228,0.11709380593896807,17329.812685368688
2023-01-12 20:00:00,sell,947.6198617182013,0.054178596852306034,17490.668211682696
2023-01-13 00:00:00,sell,1655.8774368184065,0.09436288079471929,17547.974615364565
2023-01-13 04:00:00,buy,697.106669681967,0.04019857198887892,17341.577951446237
2023-01-13 08:00:00,sell,2001.662372370161,0.11391739381858322,17571.174210304238
2023-01-13 16:00:00,sell,1121.4703092396978,0.06412880149516344,17487.77901804821
2023-01-13 20:00:00,buy,1172.2990366533627,0.0678206309111445,17285.286510962356
2023-01-14 00:00:00,buy,897.235411233847,0.051851321822239206,17304.002669590955
2023-01-14 04:00:00,sell,1929.3343662777627,0.10997553471333489,17543.305166070037
2023-01-14 08:00:00,buy,1320.4425536348579,0.07650643464267519,17259.235249976173
2023-01-14 12:00:00,sell,687.160646036939,0.03942552009397117,17429.33623701308
2023-01-14 16:00:00,buy,462.2699158720978,0.026681116693001394,17325.733446282396
2023-01-14 20:00:00,buy,1017.4744098085026,0.05890559532777055,17272.967095009102
2023-01-15 12:00:00,sell,1890.3076028855073,0.10794460611112937,17511.83010422428
2023-01-15 20:00:00,buy,786.6970808438765,0.0455365366725847,17276.17290046364
2023-01-16 08:00:00,sell,825.3732379984608,0.0474236500986396,17404.253706361957
2023-11-28 20:00:00,sell,1175.3196775791741,0.030063506268604396,39094.56425601865
2025-01-06 04:00:00,sell,55.670586738556516,0.0005917919731579517,94071.20958651091
2025-01-07 00:00:00,sell,72.5501280178924,0.0007702621455553602,94188.87898948176
2025-01-09 00:00:00,buy,133.53049365402336,0.0014151502680008411,94357.81957110437
2025-01-10 16:00:00,buy,216.1840426335906,0.0022864121192062016,94551.6518293498
2025-01-10 20:00:00,buy,466.1865652200301,0.004935523357221151,94455.34576144874
2025-01-11 00:00:00,sell,156.74586421472858,0.0016541194383417786,94760.91059776382
2025-01-11 04:00:00,sell,225.94135151243,0.0023831353206887496,94808.44396495736
2025-01-11 08:00:00,buy,642.5135643423665,0.006805255670713927,94414.3167327851
2025-01-11 12:00:00,sell,495.2559648817623,0.005215128786281412,94965.24154581787
2025-01-11 20:00:00,buy,1193.9388858137088,0.012673601152188456,94206.7587165264
2025-01-12 00:00:00,sell,911.9907476601337,0.009578744794666671,95209.83878471416
2025-01-12 04:00:00,buy,572.3432226162275,0.006055064981999558,94523.05207585456
2025-01-12 16:00:00,buy,317.9375932155437,0.003357401927568121,94697.5072018966
2025-01-12 20:00:00,sell,754.3915587455956,0.007922923621740867,95216.3108925486
2025-01-14 00:00:00,sell,611.8583874719494,0.006420566498894738,95296.63583069768
2025-01-14 04:00:00,buy,345.3125272281403,0.003640200467471304,94860.85459134469
2025-01-14 20:00:00,sell,373.28070427948387,0.003917328316010001,95289.6142898968
2025-01-15 12:00:00,buy,1228.9172584144835,0.012987654868156588,94621.95222230376
2025-01-15 16:00:00,sell,595.2531387773416,0.00623350244281145,95492.56525339052
2025-01-15 20:00:00,sell,1039.8563311271155,0.010863464051629804,95720.5110805434
2025-01-16 16:00:00,buy,1572.985785892556,0.016630407924809736,94584.918963168
2025-01-16 20:00:00,buy,1213.4978596327653,0.012805991287955844,94760.1659524844
2025-01-17 04:00:00,buy,1766.374618391378,0.018684799266383327,94535.3810447053
2025-01-17 08:00:00,sell,1720.2758747321423,0.01788220561880784,96200.43027146606
2025-01-17 12:00:00,sell,690.8924143685771,0.007216828656279865,95733.52053569727
2025-01-17 16:00:00,buy,890.7177235989518,0.009376410380005902,94995.59932853442
2025-01-17 20:00:00,sell,1538.3081241113134,0.015998013317876453,96156.19724434044
2025-01-18 04:00:00,sell,1449.4982123243778,0.01507526658018977,96150.75160456177
2025-01-18 08:00:00,buy,500.3150755746735,0.00525289340860391,95245.6173497046
2025-01-18 12:00:00,buy,1066.6965398745924,0.01122967357122841,94989.0959081464
2025-01-18 20:00:00,buy,989.350157808655,0.010407964165470707,95057.02960535808
2025-01-19 04:00:00,sell,469.9117521783762,0.00490569907609013,95788.94768916372
2025-01-19 12:00:00,sell,69.12809348582138,0.0007229007534254424,95625.9806871968
2025-01-19 16:00:00,buy,124.79226583675751,0.0013059933254719657,95553.52497047374
2025-01-20 16:00:00,sell,1241.9984285218404,0.012893419303169906,96328.087943009
2025-01-21 04:00:00,buy,953.5226005125905,0.010001667376400195,95336.36389093584
2025-01-21 08:00:00,sell,1910.5737496502195,0.01975367574588367,96719.91047278128
2025-01-21 16:00:00,buy,1957.4502183674997,0.020622015576261598,94920.4121744898
2025-01-21 20:00:00,buy,1880.7615421987032,0.019804981132658165,94964.06634275208
2025-01-22 00:00:00,sell,1001.8567771582982,0.010397588942055325,96354.7205743121
2025-01-22 04:00:00,sell,1664.1500255264173,0.017210841661901503,96691.96069650885
2025-01-22 08:00:00,buy,1150.4226314046764,0.01206350400949629,95363.88685236672
2025-01-22 12:00:00,buy,382.7973184199263,0.003997973315979043,95747.84226046916
2025-01-22 16:00:00,sell,1578.0053589033917,0.01631906246511845,96697.05978982156
2025-01-22 20:00:00,sell,760.2963177052122,0.007893659167435821,96317.34808638656
2025-01-23 12:00:00,buy,1499.3449436672247,0.015730784700033487,95312.78777618975
2025-01-23 20:00:00,sell,1602.2766666196908,0.01654764637353159,96828.07031594389
2025-01-24 00:00:00,buy,392.78388024199853,0.0040961019495662524,95892.11525450228
2025-01-24 08:00:00,sell,797.184242790875,0.00826146721755096,96494.26933478694
2025-01-24 12:00:00,buy,1138.6225094670049,0.011912472632413733,95582.38197910508
2025-01-24 16:00:00,buy,601.1361204090529,0.006271294688310498,95855.1862551687
2025-01-24 20:00:00,sell,74.87256378944629,0.0007784124219913696,96186.23967729592
2025-01-25 00:00:00,buy,625.1611847081813,0.006521454925835935,95862.2258096872
2025-01-25 04:00:00,buy,2190.659264764377,0.023030127874256807,95121.4546755994
2025-01-25 12:00:00,buy,1677.2819081843932,0.017583244137608065,95390.92416950096
2025-01-25 16:00:00,sell,3188.0642490526475,0.03262013339049514,97733.0230654908
2025-01-25 20:00:00,sell,373.2357292245152,0.0038715006286486383,96405.95857394824
2025-01-26 00:00:00,sell,2725.830585985971,0.027942531533686234,97551.311079307
2025-01-26 04:00:00,buy,2231.2922337951645,0.023440012711232062,95191.59657818644
2025-01-26 08:00:00,buy,1841.9980765004052,0.019310980056720942,95386.04830464422
2025-01-26 12:00:00,sell,2729.8389652928963,0.027972409870622966,97590.410619566
2025-01-26 20:00:00,sell,294.9684010939189,0.003057920746447934,96460.44667330007
2025-01-27 00:00:00,buy,1982.2158852130126,0.02078212793225465,95380.79505980418
2025-01-27 04:00:00,sell,3140.7041686917996,0.03209899501072493,97844.31467846347
2025-01-27 12:00:00,buy,1561.4089355717704,0.01632849143210641,95624.81274305604
2025-01-27 16:00:00,sell,800.3434417071448,0.008270381687867742,96772.24968724367
2025-01-27 20:00:00,buy,2803.8735850370385,0.02949715549066942,95055.72786243622
2025-01-28 00:00:00,sell,2135.1088891209333,0.021913679734640194,97432.6956939982
2025-01-28 04:00:00,buy,739.397007578672,0.0076959104996654525,96076.61206699508
2025-01-28 08:00:00,buy,952.5942811285751,0.009924378902795013,95985.27932667856
2025-01-28 12:00:00,sell,279.1728429541807,0.002890445458520797,96584.7122737438
2025-01-28 16:00:00,sell,132.35331297972496,0.001371212888070525,96522.8041037182
2025-01-28 20:00:00,sell,1694.597252442959,0.017419731128885074,97280.33342793732
2025-01-29 04:00:00,buy,2164.4894801641212,0.022671627553599156,95471.28784852083
2025-01-29 08:00:00,buy,1113.2449259973628,0.011598101697408474,95985.097823906
2025-01-29 16:00:00,sell,2362.937388790539,0.024192119999462147,97673.8454026796
2025-01-29 20:00:00,buy,1563.7385220455733,0.016322014948434594,95805.4827780652
2025-01-30 00:00:00,buy,272.9305171077376,0.0028302665934979315,96432.7946119105
2025-01-30 04:00:00,buy,2229.820401178035,0.023347557104351102,95505.51225603302
2025-01-30 08:00:00,sell,1716.2651292920943,0.01761908194795461,97409.45268100844
2025-01-30 12:00:00,sell,277.73040467374034,0.0028711723984215856,96730.6612540652
2025-01-30 16:00:00,sell,2213.761048587984,0.022663597498858844,97679.15480759184
2025-01-30 20:00:00,buy,213.1965756030827,0.002208519617163586,96533.70246124064
2025-01-31 00:00:00,buy,1306.1477993115734,0.013602777171288901,96020.67157789164
2025-01-31 04:00:00,sell,884.9500786222176,0.009115599364881752,97080.84385888292
2025-01-31 08:00:00,sell,2312.210899317521,0.023648609305636288,97773.65211773534
2025-01-31 12:00:00,buy,1094.2906693906807,0.011380424962732887,96155.5190578664
2025-01-31 16:00:00,sell,418.73351555127056,0.0043214114231062625,96897.3963720126
2025-02-01 00:00:00,buy,2247.8037838660784,0.02350407561556082,95634.638886965
2025-02-01 04:00:00,sell,1841.5211937288746,0.01886790678706804,97600.71504015714
2025-02-01 12:00:00,buy,1835.7759793936189,0.019148045111110297,95872.76240165342
2025-02-01 16:00:00,buy,1967.7367516391134,0.02053625743593477,95817.69014036252
2025-02-01 20:00:00,sell,1499.6591279315985,0.015382028668520006,97494.23565961208
2025-02-02 00:00:00,sell,1381.1796613767963,0.01417354752404695,97447.70383233106
2025-02-02 04:00:00,buy,2240.335373534167,0.023404803522789168,95721.17840479888
2025-02-02 08:00:00,buy,2107.1696329333295,0.021997244483109024,95792.43593675368
2025-02-02 16:00:00,sell,1147.787587075542,0.011786827238209832,97378.84198002944
2025-02-02 20:00:00,sell,2615.081063933,0.02665617770063104,98104.12780490628
2025-02-03 00:00:00,sell,357.6642757293644,0.003685962990258835,97034.14729735216
2025-02-03 04:00:00,sell,1605.1511618819773,0.016438267681764363,97647.22128613568
2025-02-03 08:00:00,sell,9.247957195062106,9.545168318054728e-05,96886.26629631616
2025-02-03 16:00:00,sell,1209.809706534839,0.01241036149355068,97483.84099557
2025-02-04 04:00:00,buy,2525.9336033180134,0.026390291920684775,95714.50027569344
2025-02-04 08:00:00,buy,1470.468918864044,0.015280300363300981,96232.98520987848
2025-02-04 12:00:00,buy,2106.434186451429,0.0219576884685212,95931.50888679552
2025-02-04 16:00:00,sell,680.0163165212805,0.006989973304256259,97284.53699633048
2025-02-04 20:00:00,sell,112.57356834912846,0.001160229539302485,97026.98003776582
2025-02-05 00:00:00,sell,3022.5631564542878,0.030702316245077375,98447.3983111586
2025-02-05 04:00:00,sell,464.48096442392426,0.00477748226176124,97222.95949513192
2025-02-05 08:00:00,sell,1345.9848486406995,0.013782473559614504,97659.16421452194
2025-02-05 20:00:00,buy,201.40204371499883,0.0020771920878157454,96958.79591317986
2025-02-06 04:00:00,buy,1497.4157537749422,0.015539783599286712,96360.1419677218
2025-02-06 08:00:00,sell,1705.6183560728803,0.01741874211245683,97918.57213691252
2025-02-06 16:00:00,buy,2612.2313066606885,0.02724919752918589,95864.52239053269
2025-02-06 20:00:00,buy,307.6135769525967,0.0031716861509265225,96987.39481607778
2025-02-07 00:00:00,sell,1523.3494409973823,0.015563305520345546,97880.84150927598
2025-02-07 04:00:00,sell,1075.976867552221,0.011016202780121083,97672.2096559296
2025-02-07 20:00:00,sell,58.7310512436372,0.0006039336811577606,97247.5175271693
2025-02-08 00:00:00,sell,239.61310816486093,0.0024614599255454476,97345.93103796472
2025-02-08 12:00:00,buy,1157.1183488442118,0.011963956219718179,96717.03302768093
2025-02-08 16:00:00,buy,3079.0705385399247,0.032144303116420886,95788.99649459144
2025-02-09 04:00:00,buy,202.18736951387072,0.002080273356710548,97192.69290338912
2025-02-09 08:00:00,sell,741.5144971856873,0.007592441399267568,97664.8298210402
2025-02-09 12:00:00,buy,1890.6179457777803,0.019612073245171727,96400.7181771682
2025-02-09 16:00:00,buy,263.029931023262,0.0027061224937913117,97198.08753178566
2025-02-09 20:00:00,sell,2723.6689448774036,0.027607559009260266,98656.63762463813
2025-02-10 00:00:00,sell,2388.9755262582203,0.024252491946164145,98504.3323202121
2025-02-10 04:00:00,sell,976.2642661032177,0.009978901942641923,97832.83488651567
2025-02-10 08:00:00,sell,678.8832743610227,0.006949008476628718,97694.9843483829
2025-02-10 20:00:00,buy,2131.123887727878,0.022115238742175025,96364.4983702438
2025-02-11 00:00:00,sell,1046.7883646145913,0.010691667793019806,97906.92947811198
2025-02-11 04:00:00,buy,903.5430337285948,0.009317639577902976,96971.23677882653
2025-02-11 08:00:00,buy,137.9825153515095,0.0014173054014152977,97355.5277597351
2025-02-11 12:00:00,buy,1713.3451914561542,0.017736625333530577,96599.27744073868
2025-02-11 16:00:00,sell,610.5800431874791,0.006247693484980628,97728.87300814378
2025-02-11 20:00:00,buy,1058.9776041865098,0.010925774417790296,96924.7179826622
2025-02-12 00:00:00,buy,2760.7930133514083,0.028725730298237034,96108.71454574802
2025-02-12 08:00:00,sell,1482.994192731971,0.015105121796805966,98178.23468630062
2025-02-12 12:00:00,sell,402.86201543023606,0.004124795368084246,97668.3639987078
2025-02-12 16:00:00,sell,2261.9517291714947,0.02294464237775423,98583.00216370117
2025-02-12 20:00:00,sell,1484.788758853731,0.015117774182224052,98214.77295246226
2025-02-13 00:00:00,sell,406.28851865930926,0.004158097191125342,97710.20252399438
2025-02-13 04:00:00,sell,783.4713117255606,0.00800197050567054,97909.7974893008
2025-02-13 12:00:00,sell,117.38313169250914,0.0012024095427048522,97623.25357835456
2025-02-13 16:00:00,buy,2875.146819929367,0.029891321003943653,96186.67637840564
2025-02-13 20:00:00,buy,2558.8447482863257,0.02655881318354143,96346.3514202528
2025-02-14 00:00:00,buy,248.42215890160912,0.00254861095211446,97473.55071809026
2025-02-14 12:00:00,sell,1065.429490397246,0.010855920072406855,98142.71690386816
2025-02-14 16:00:00,buy,300.82404734257096,0.0030857506183458263,97488.12673132778
2025-02-14 20:00:00,buy,1882.5401604566612,0.019462534713112628,96726.3610935694
2025-02-15 20:00:00,sell,769.0060300322639,0.007843550643963366,98043.10126104868
2025-02-16 00:00:00,sell,1652.1631612307779,0.016776432704257726,98481.19623258596
2025-02-16 04:00:00,sell,1906.586069239506,0.01933272940650227,98619.60146187402
2025-02-16 08:00:00,buy,2770.0799024237754,0.028746290306004337,96363.03929781086
2025-02-16 12:00:00,sell,1169.815715595199,0.011902150991361595,98286.0758903356
2025-02-16 16:00:00,sell,2070.127726386909,0.02096656862493203,98734.69347412683
2025-02-16 20:00:00,buy,815.4792241457432,0.008377075678529385,97346.52705070256
2025-02-17 00:00:00,buy,3128.607820988839,0.03251338887246325,96225.21458040226
2025-02-17 12:00:00,sell,2495.758067240069,0.025218652396673955,98964.76734693524
2025-02-17 16:00:00,buy,347.14365618366537,0.003556978139602298,97595.10532793972
2025-02-17 20:00:00,buy,148.1992372224401,0.0015167726134610539,97706.95746165344
2025-02-18 00:00:00,sell,2292.2735244974665,0.023176352344436605,98905.7074396661
2025-02-18 04:00:00,buy,1307.0133249437913,0.013450731149763959,97170.42965108462
2025-02-18 08:00:00,buy,261.4272815230987,0.0026762872194907245,97682.81954910886
2025-02-18 12:00:00,buy,2453.0436636159225,0.025388703405997234,96619.4934963269
2025-02-18 16:00:00,buy,680.7618293689887,0.006983267569402242,97484.71222151109
2025-02-18 20:00:00,sell,1829.6641359583425,0.01853503612784444,98713.81546484884
2025-02-19 00:00:00,sell,1513.3565343626105,0.015351407921085365,98580.96027036029
2025-02-19 04:00:00,buy,2053.1920792349956,0.021196679236955146,96863.85571450162
2025-02-19 08:00:00,sell,2139.339118986177,0.021630714655750442,98902.84038384473
2025-02-19 12:00:00,sell,2012.6374582063163,0.020357734120340518,98863.53001316491
2025-02-19 16:00:00,sell,643.1394551367338,0.00654861082869877,98210.05889038724
2025-02-19 20:00:00,buy,3184.947823976248,0.03305331380458439,96357.89751085428
2025-02-20 00:00:00,sell,1003.6457289494889,0.010199107594339382,98405.24964228472
2025-02-20 04:00:00,buy,184.60489124135825,0.0018868475828555038,97837.73364565156
2025-02-20 08:00:00,buy,1160.2446858911958,0.011915932311498156,97369.19072388735
2025-02-20 12:00:00,buy,2994.4863375020136,0.03103687171399707,96481.5773025074
2025-02-20 16:00:00,sell,87.8596142925332,0.0008966198128665733,97989.82024682032
2025-02-21 00:00:00,sell,2271.558997376192,0.02292896492950999,99069.40868720398
2025-02-21 04:00:00,sell,1229.0149556909369,0.012466969279567853,98581.69440628786
2025-02-21 08:00:00,sell,2394.2133872753493,0.024145455958727795,99157.928157075
2025-02-21 12:00:00,buy,2112.9569674725976,0.021788160533448626,96977.29940206931
2025-02-21 16:00:00,sell,1329.2709112007199,0.013473665001439468,98656.9660933908
2025-02-21 20:00:00,sell,2177.455743953318,0.021975374032389798,99086.17440339975
2025-02-22 04:00:00,buy,1849.4308118956637,0.01903659510499062,97151.344644128
2025-02-22 08:00:00,buy,3048.8310412442843,0.0315723363227786,96566.53248827308
2025-02-22 12:00:00,buy,1922.3936664375808,0.01979544716946707,97112.9194496158
2025-02-22 20:00:00,sell,409.38998987387885,0.004166737786496943,98251.92053135192
2025-02-23 00:00:00,sell,581.4232430436937,0.005912038505099422,98345.64550656897
2025-02-23 04:00:00,buy,977.0390226673362,0.010011194513922891,97594.64980013488
2025-02-23 08:00:00,sell,1479.7172209795292,0.014976952176669866,98799.62248157122
2025-02-23 12:00:00,buy,1877.628299989707,0.01932140160151261,97178.6798242791
2025-02-23 16:00:00,buy,616.7762357359352,0.006306739923900237,97796.36439399996
2025-02-24 00:00:00,sell,2813.794372441804,0.02828126353053396,99493.2340771791
2025-02-24 04:00:00,buy,395.6731555743775,0.004039575025831962,97949.20333058736
2025-02-24 08:00:00,sell,1331.7244168245636,0.013478870404682734,98800.8918285842
2025-02-24 12:00:00,buy,653.6775649686923,0.006680953698207784,97841.95408270023
2025-02-24 16:00:00,buy,2018.9397085273026,0.020773626587608653,97187.63837468748
2025-02-24 20:00:00,sell,1645.671663647982,0.01662545455942044,98985.062800313
2025-02-25 00:00:00,buy,1834.9644196688998,0.018859560444892103,97296.24531975128
2025-02-25 08:00:00,sell,504.0565797269916,0.005120253891333107,98443.66908840054
2025-02-25 12:00:00,sell,1521.022105596277,0.01537239484557097,98945.0323697942
2025-02-25 16:00:00,sell,2696.426141487043,0.027092071954573277,99528.23637883012
2025-02-25 20:00:00,buy,1137.0436947671267,0.011640951620199345,97676.1807680853
2025-02-26 00:00:00,sell,2218.496880893781,0.022337256792408937,99318.23327776363
2025-02-26 04:00:00,buy,190.91343593194688,0.0019450567892519202,98153.14235908416
2025-02-26 08:00:00,buy,639.5442528643757,0.00652960774426151,97945.27909068255
2025-02-26 12:00:00,buy,1704.2512880915144,0.017492272451261552,97428.80994107788
2025-02-26 16:00:00,buy,1029.746037050153,0.010533055127896915,97763.28183480774
2025-02-26 20:00:00,sell,92.6292744114412,0.0009420905127010842,98323.1156270348
2025-02-27 00:00:00,buy,42.351625684284414,0.00043097367686757574,98269.63445217026
2025-02-27 04:00:00,sell,1555.973630566958,0.015707070111667783,99061.990524326
2025-02-27 08:00:00,sell,804.8640530095917,0.008153750467816318,98710.90073046408
2025-02-27 12:00:00,sell,70.39400410128405,0.0007156056785727466,98369.82322678422
2025-02-27 16:00:00,sell,106.57119919628677,0.0010829967433259443,98403.9886112682
2025-02-27 20:00:00,buy,1069.3173911722085,0.01092882342074359,97843.77970116868
2025-02-28 00:00:00,buy,3012.0209451095893,0.031085861050025764,96893.59867698092
2025-02-28 04:00:00,buy,1379.5126323571292,0.014120608581336586,97694.98420772396
2025-02-28 12:00:00,sell,1508.3722477173765,0.015217874788408692,99118.4556772861
2025-02-28 16:00:00,sell,2231.54346792069,0.022429457645471766,99491.6374347202
2025-02-28 20:00:00,sell,1619.11386640842,0.01632146674963403,99201.4928097516
2025-03-01 00:00:00,sell,1164.443969282505,0.011763364146984943,98989.02684067316
2025-03-01 08:00:00,buy,793.1907314528677,0.008088476326361735,98064.2953565584
2025-03-01 12:00:00,sell,2122.567960751173,0.02133367129362488,99493.79699055632
2025-03-01 20:00:00,buy,669.6002169321913,0.006821639245223413,98158.2568150394
2025-03-02 00:00:00,buy,520.9468004011428,0.005302898929553697,98238.1160421224
2025-03-02 04:00:00,buy,1301.4200393205276,0.013297205045466701,97871.6982155742
2025-03-02 08:00:00,sell,2499.958670265153,0.02506544813487159,99737.24215156389
2025-03-02 12:00:00,buy,1279.4769793318044,0.013068805846737983,97903.12859006671
2025-03-02 16:00:00,buy,53.16105611608801,0.0005396292279968916,98514.04141584827
2025-03-02 20:00:00,sell,582.0061312836673,0.005888647099418208,98835.2878781221
2025-03-03 00:00:00,sell,289.7134906340568,0.002935183271939145,98703.71414411068
2025-03-03 04:00:00,buy,939.5714521325526,0.009576903136178304,98108.06674896492
2025-03-03 08:00:00,buy,907.7571683799273,0.009251116692536842,98124.06421294445
2025-03-03 12:00:00,buy,662.687857596648,0.0067443879211572,98257.67220740533
2025-03-03 16:00:00,buy,1254.823818778175,0.012807108251960277,97978.7001164849
2025-03-03 20:00:00,buy,894.4757058734729,0.0091115476089537,98169.4597078649
2025-03-04 00:00:00,buy,2525.9480693622163,0.025941335569374974,97371.55061300014
2025-03-04 08:00:00,sell,2072.2050193692717,0.020795906715257148,99644.85067866628
2025-03-04 12:00:00,buy,2129.1068842230684,0.021813745925351066,97603.9095490108
2025-03-04 16:00:00,sell,1736.7023161282832,0.017453877355394824,99502.3787990286
2025-03-04 20:00:00,buy,232.3124746804457,0.002357307735769736,98549.91402070306
2025-03-05 00:00:00,sell,1233.7665810349745,0.012427879981286104,99274.09846995462
2025-03-05 04:00:00,buy,825.3402781154542,0.008398097858414154,98277.04940214955
2025-03-05 08:00:00,buy,847.5106751829588,0.00862364311300585,98277.56831735946
2025-03-05 12:00:00,sell,2379.441089047213,0.023825762939442673,99868.41114364217
2025-03-05 16:00:00,sell,2635.817430718743,0.026356829238216476,100005.10330343152
2025-03-05 20:00:00,buy,1699.6893760227963,0.017362360899384227,97895.060808411
2025-03-06 00:00:00,buy,1924.3404488635974,0.01967834956541424,97789.72786649392
2025-03-06 04:00:00,buy,339.1794761184361,0.0034410117403003053,98569.69453084026
2025-03-06 08:00:00,sell,1959.9044662317956,0.019655206534210823,99714.26465656764
2025-03-06 12:00:00,sell,534.1362820450581,0.005393985057355292,99024.42746234614
2025-03-06 16:00:00,buy,2261.6390279840543,0.023159482226873182,97654.99098074628
2025-03-06 20:00:00,buy,1781.8144911677352,0.01820040249176195,97899.73007323536
2025-03-07 00:00:00,buy,178.4396821453187,0.0018079314128178025,98698.2586176798
2025-03-07 08:00:00,sell,1082.5188984982358,0.01089852997668594,99327.05610884704
2025-03-07 12:00:00,buy,1635.2874770682151,0.01668503267707788,98009.24629382326
2025-03-07 16:00:00,sell,1112.3093668457789,0.01119345367078902,99371.4182914354
2025-03-07 20:00:00,sell,1690.4544398664837,0.01696019696895285,99671.8636558886
2025-03-08 00:00:00,buy,817.7129384056057,0.00830587636159331,98449.92903900443
2025-03-08 04:00:00,sell,2334.814557214772,0.023347600009121217,100002.33669853128
2025-03-08 08:00:00,buy,627.1448885261675,0.006363049772809362,98560.42478342514
2025-03-08 12:00:00,buy,2980.196238274307,0.030595126013551518,97407.54906367396
2025-03-08 16:00:00,buy,639.0975482120946,0.006484231517100993,98561.80281758754
2025-03-09 12:00:00,sell,2386.8173978711357,0.023850002902531368,100076.18898938608
2025-03-09 16:00:00,sell,1441.8203620312413,0.014471638578584682,99630.7608293138
2025-03-09 20:00:00,buy,1898.3496477447775,0.019369853957789052,98005.36709681326
2025-03-10 00:00:00,buy,26.424415565377444,0.00026710078311665436,98930.50577031355
2025-03-10 04:00:00,sell,1896.662387221122,0.018988071032569463,99887.04929362515
2025-03-10 08:00:00,sell,2037.21856967685,0.02037959557772975,99963.64068691654
2025-03-10 12:00:00,buy,1545.4534442107702,0.015735675749886446,98213.35090880496
2025-03-10 16:00:00,buy,824.2745947994404,0.00836221845067564,98571.2822095483
2025-03-10 20:00:00,buy,1134.3366016489592,0.011525067554425684,98423.42322873138
2025-03-11 00:00:00,buy,2254.083405881318,0.02303088121007759,97872.21710366002
2025-03-11 04:00:00,sell,2416.058328326436,0.024117905225131266,100176.95590779842
2025-03-11 08:00:00,buy,2749.9972912075405,0.02816423645628106,97641.46439674734
2025-03-11 16:00:00,sell,2086.908843154416,0.02086226010745754,100032.73050978871
2025-03-12 00:00:00,sell,1411.8061696929253,0.014157957071595515,99718.21234896734
2025-03-12 04:00:00,buy,1450.1781025452458,0.014749292204031724,98321.87758466396
2025-03-12 08:00:00,buy,740.2522509126395,0.007502005301469389,98673.91732816413
2025-03-12 16:00:00,sell,1122.4392477252936,0.011270015732596164,99595.18019827362
2025-03-12 20:00:00,sell,1029.3163325293579,0.010339078578031465,99555.90575706188
2025-03-13 00:00:00,buy,741.4087125404003,0.007512479652914693,98690.27894840932
2025-03-13 04:00:00,buy,250.7124856585208,0.0025339996193085067,98939.43304022151
2025-03-13 08:00:00,sell,592.5896017202681,0.005963873237155427,99363.21215353564
2025-03-13 12:00:00,buy,1288.305063440078,0.013086739547119879,98443.54728704043
2025-03-13 20:00:00,buy,1033.8415140759594,0.010487704338675479,98576.53121126468
2025-03-14 00:00:00,buy,316.8082735026987,0.003201889761380215,98944.15395679785
2025-03-14 08:00:00,sell,2896.465431154941,0.028805260251721497,100553.35052846256
2025-03-14 12:00:00,sell,1736.8404675628985,0.017368655880798726,99998.55368675927
2025-03-14 16:00:00,buy,1018.5751008751427,0.010325026300481297,98651.09019893366
2025-03-14 20:00:00,sell,639.7098688883998,0.006430495012969051,99480.65702535032
2025-03-15 00:00:00,sell,1932.0897789894636,0.01929580066929179,100130.06519414758
2025-03-15 04:00:00,buy,1538.903817766857,0.015635348894893708,98424.65480699584
2025-03-15 08:00:00,buy,1637.9482202679542,0.016649981306701703,98375.37893262808
2025-03-15 12:00:00,buy,169.26265108390325,0.0017079486123650679,99102.8944656117
2025-03-15 16:00:00,buy,474.6545598130856,0.004796461857315154,98959.31082808111
2025-03-15 20:00:00,sell,2066.5699155256584,0.02062092942025406,100217.10823062394
2025-03-16 00:00:00,sell,2490.646822871239,0.02479779825459264,100438.224285092
2025-03-16 04:00:00,sell,502.68837984206004,0.005053283518425158,99477.57295017586
2025-03-16 08:00:00,buy,2320.698804618376,0.02365850309290694,98091.5316368492
2025-03-16 12:00:00,sell,581.6482801980287,0.005843934306048032,99530.25645686444
2025-03-16 16:00:00,sell,567.258865647073,0.005699134077682446,99534.22009642364
2025-03-16 20:00:00,buy,1248.565872871518,0.01265622757071695,98652.29318097582
2025-03-17 00:00:00,buy,2390.9791104204614,0.024374687159737292,98092.70965208282
2025-03-17 04:00:00,buy,1439.691748229794,0.014606011752209814,98568.4369322773
2025-03-17 08:00:00,sell,246.12270556706585,0.0024757431641692584,99413.66662306948
2025-03-17 12:00:00,sell,1672.6874228688296,0.0167047386256548,100132.51092117958
2025-03-17 16:00:00,buy,3006.026400523893,0.030726863525124132,97830.56438760777
2025-03-18 08:00:00,sell,278.86286653756986,0.002803799021702136,99458.93567231408
2025-03-18 16:00:00,sell,2425.860882702728,0.024132013920703795,100524.5932094166
2025-03-18 20:00:00,buy,1947.9187641975789,0.019800430057017874,98377.598799031
2025-03-19 04:00:00,sell,2793.963083013539,0.027733811716114457,100742.1234272725
2025-03-19 08:00:00,buy,1963.7543087954375,0.019955559897505415,98406.37490912598
2025-03-19 12:00:00,buy,1337.6799158611168,0.013549257197896169,98727.1771672341
2025-03-19 16:00:00,sell,83.33874863795643,0.0008380663994259068,99441.70139149504
2025-03-19 20:00:00,sell,1855.510745285276,0.01849502127336916,100324.87759054442
2025-03-20 00:00:00,sell,51.93767596780275,0.0005222640026502714,99447.16791553843
2025-03-20 04:00:00,sell,2990.465455477624,0.029633526728044826,100914.93607635578
2025-03-20 08:00:00,sell,2376.803107474104,0.023618548665111063,100632.90260442966
2025-03-20 12:00:00,sell,2017.569323059754,0.020080241564324995,100475.3511852274
2025-03-20 20:00:00,buy,1966.8777359021497,0.019959870402705655,98541.6085484969
2025-03-21 04:00:00,buy,924.203806446783,0.009327469013065366,99084.09292512396
2025-03-21 08:00:00,sell,403.7869387006001,0.004048197102506031,99744.88111031854
2025-03-21 12:00:00,buy,826.5943189882547,0.0083375485094107,99141.1705797294
2025-03-21 16:00:00,sell,1708.810334902326,0.01701811274232777,100411.2712599524
2025-03-21 20:00:00,buy,534.453761707395,0.0053816336601072365,99310.69178290096
2025-03-22 00:00:00,sell,1128.4537102436593,0.011269038625610815,100137.53149084568
2025-03-22 04:00:00,buy,2709.993230362205,0.02758269344365749,98249.76795314944
2025-03-22 08:00:00,buy,2656.1592931072546,0.027024638204192278,98286.58104644709
2025-03-22 12:00:00,buy,268.5117474038854,0.0026991997714731156,99478.2788001432
2025-03-22 16:00:00,sell,681.6119080697111,0.006818669805701362,99962.59204394797
2025-03-22 20:00:00,sell,1521.8560244319353,0.015160310875728129,100384.22278453724
2025-03-23 00:00:00,sell,825.6639005428909,0.00825224050520801,100053.3006789868
2025-03-23 04:00:00,buy,2720.1312797836354,0.0276697166622636,98307.16060397516
2025-03-23 08:00:00,buy,1394.3572713484089,0.014089901909238887,98961.46050769275
2025-03-23 12:00:00,sell,2667.000526647491,0.026409999283057185,100984.49826003792
2025-03-23 16:00:00,sell,1519.7371028628845,0.015131937755144842,100432.41833625542
2025-03-23 20:00:00,buy,1595.9617933227398,0.016136090562570257,98906.34829633264
2025-03-24 00:00:00,sell,1293.3849171658142,0.012889138334544695,100346.88771237418
2025-03-24 04:00:00,buy,1842.2536302932954,0.01864637750964452,98799.5458817897
2025-03-24 08:00:00,sell,1584.391908588367,0.015764977876415037,100500.73783856514
2025-03-24 12:00:00,buy,2239.447960214846,0.022707420950504025,98621.85428702936
2025-03-24 16:00:00,buy,1039.5750783382844,0.010477918169032806,99215.80428168636
2025-03-24 20:00:00,buy,1832.6803197992251,0.018544882833055307,98824.0441472386
2025-03-25 00:00:00,sell,1209.451565223767,0.012053921573942639,100336.7707185252
2025-03-25 04:00:00,sell,531.2243855744451,0.005311158601553408,100020.43347360642
2025-03-25 08:00:00,buy,574.7381632401614,0.005777443862837559,99479.66209365848
2025-03-25 12:00:00,buy,1215.023157661944,0.01225190683884028,99170.12703770718
2025-03-25 16:00:00,buy,706.8233304332574,0.00710864514501062,99431.51135197106
2025-03-26 00:00:00,sell,1486.3446264220186,0.014783448524598291,100541.13043711544
2025-03-26 04:00:00,buy,501.9409493294944,0.005041040767669044,99570.89665862588
2025-03-26 08:00:00,buy,349.71800889676484,0.003509497013633595,99649.04017247776
2025-03-26 12:00:00,sell,2930.5048341201446,0.028933580512323233,101283.86401648424
2025-03-26 16:00:00,sell,2321.346012620656,0.022985406816122298,100992.16564626692
2025-03-26 20:00:00,sell,1260.1586940322238,0.012540705869640291,100485.46765480988
2025-03-27 00:00:00,buy,1135.6602606818903,0.011436163962166396,99304.30032648447
2025-03-27 04:00:00,buy,2630.665756997015,0.02669030875189205,98562.58245085042
2025-03-27 08:00:00,buy,1208.3575827393609,0.01217293276917688,99265.9374410616
2025-03-27 12:00:00,sell,2574.297736224359,0.02544867283700654,101156.46315673125
2025-03-27 16:00:00,sell,1097.9180804595728,0.010930416743089155,100446.13176837385
2025-03-27 20:00:00,buy,2003.1463523992938,0.020249862117624036,98921.48108287108
2025-03-28 00:00:00,sell,2824.5178764243706,0.02787452293649186,101329.72976289615
2025-03-28 04:00:00,sell,31.918074645116423,0.0003193186915337649,99956.80018543916
2025-03-28 08:00:00,sell,1585.3806117209479,0.015737730697597357,100737.56135393678
2025-03-28 12:00:00,buy,2250.9706920135877,0.022772613332117952,98845.51496945992
2025-03-28 16:00:00,buy,580.7004240175276,0.005825853142878002,99676.46107376103
2025-03-28 20:00:00,buy,1612.556055640692,0.016259566815793377,99175.83130654936
2025-03-29 00:00:00,buy,210.61887429961047,0.0021087151745999315,99880.1909506671
2025-03-29 04:00:00,sell,2455.1506784436137,0.02425656026804574,101215.94534893286
2025-03-29 08:00:00,sell,985.0373549835894,0.009802026295178049,100493.23734911453
2025-03-29 12:00:00,buy,191.31783485599496,0.0019146948252969375,99920.79799261208
2025-03-29 16:00:00,sell,2836.1057477656227,0.027960320329711207,101433.2351819274
2025-03-29 20:00:00,buy,1304.342103440028,0.01312338332571092,99390.68844271294
2025-03-30 00:00:00,sell,348.6377753692005,0.003478562864633685,100224.6585547662
2025-03-30 04:00:00,sell,521.586778226474,0.005199382342148816,100317.06535567284
2025-03-30 08:00:00,buy,820.9512760297524,0.008237192959689967,99663.9607748914
2025-03-30 12:00:00,buy,1678.2324959888172,0.016909432368049704,99248.30470121693
2025-03-30 16:00:00,buy,591.0089392480828,0.005922303457560132,99793.76157998604
2025-03-30 20:00:00,sell,2789.1574591060603,0.027484380693999062,101481.5465612818
2025-03-31 04:00:00,sell,897.8709546656494,0.00892809774944745,100566.882203011
2025-03-31 08:00:00,sell,310.274057800918,0.0030940615763077666,100280.5051382258
2025-03-31 12:00:00,buy,1258.1584151898394,0.012643552932884869,99509.87842329271
2025-03-31 16:00:00,sell,1795.620990188326,0.017771487036784682,101039.43392421932
2025-04-01 00:00:00,buy,2681.5016156844345,0.027129333174378923,98841.41266755712
2025-04-01 04:00:00,buy,2479.119410450789,0.025055561672072405,98944.8747107546
2025-04-01 08:00:00,sell,111.8558871345412,0.0011158838087575254,100239.72590756248
2025-04-01 12:00:00,sell,912.0524567364234,0.009062108307417532,100644.62107453392
2025-04-01 16:00:00,sell,444.794350713464,0.004429273316901334,100421.51813395807
2025-04-01 20:00:00,sell,1130.0112704812636,0.011213363551233002,100773.62294714947
2025-04-02 00:00:00,buy,1532.8463366033654,0.0154120196154295,99457.85009699706
2025-04-02 04:00:00,buy,1599.6319581953285,0.016087588314570987,99432.67610512486
2025-04-02 08:00:00,sell,1484.6183726972843,0.014701550419129615,100983.79629168248
2025-04-02 12:00:00,sell,1897.8765966760816,0.01875246382881007,101206.78615896366
2025-04-02 16:00:00,buy,2139.9359782516267,0.021568970404662102,99213.63598278584
2025-04-02 20:00:00,sell,1203.0716301434636,0.011925519345759692,100882.11634751444
2025-04-03 00:00:00,buy,626.5306049980514,0.006266795519281884,99976.23236155086
2025-04-03 04:00:00,sell,1478.953023728499,0.01463862774766388,101030.85133540056
2025-04-03 08:00:00,buy,733.9301729212056,0.007343936817977286,99936.88550323738
2025-04-03 12:00:00,sell,642.6048692658109,0.006386085703710314,100625.78222093976
2025-04-03 16:00:00,sell,389.6769963771201,0.0038768979905434704,100512.57405472628
2025-04-03 20:00:00,sell,697.9660088567266,0.006933094100332644,100671.64800536008
2025-04-04 00:00:00,sell,1311.3366100058563,0.012985543488127195,100984.34549195602
2025-04-04 04:00:00,sell,372.8701735644715,0.0037090359994886987,100530.21152015583
2025-04-04 12:00:00,buy,1384.2482819991048,0.013887251866471835,99677.6248683955
2025-04-04 16:00:00,buy,2731.2667634202926,0.027587244006379578,99004.69806946589
2025-04-04 20:00:00,buy,3035.1772944541244,0.030702252966291917,98858.45503867268
2025-04-05 00:00:00,buy,224.36395932805354,0.002237734797503512,100263.87379700271
2025-04-05 04:00:00,buy,1300.1899439559268,0.013036603424685872,99733.79580557854
2025-04-05 08:00:00,buy,224.11892008917866,0.0022350102568491985,100276.46155196168
2025-04-05 12:00:00,buy,497.2247537028272,0.0049647493834324204,100151.02783679016
2025-04-05 16:00:00,buy,3.0932406964025994,3.0806667744936096e-05,100408.15585811148
2025-04-05 20:00:00,sell,1338.9003741177535,0.013244686051400906,101089.6271094426
2025-04-06 00:00:00,sell,1667.01270607555,0.016461152180530073,101269.5033612082
2025-04-06 04:00:00,sell,1632.3217454621727,0.016118826198436832,101268.02816575264
2025-04-06 08:00:00,sell,508.58681505451653,0.005049202406924356,100726.1690196956
2025-04-06 12:00:00,sell,412.7809291874298,0.0040994828941242805,100690.97489809306
2025-04-06 16:00:00,buy,1826.8626419462596,0.018346320505510307,99576.51406981375
2025-04-06 20:00:00,buy,954.8111206172528,0.009545965864680081,100022.4738022622
2025-04-07 00:00:00,sell,1317.145881725366,0.01302026329986124,101161.23241066892
2025-04-07 04:00:00,buy,2347.66626571191,0.023632223371132993,99341.74321403922
2025-04-07 08:00:00,sell,2908.974649570739,0.028527434973262794,101971.12542004432
2025-04-07 12:00:00,sell,2539.3471405519385,0.02494319072780091,101805.22485127216
2025-04-07 16:00:00,sell,2106.2037817454434,0.020729000771105968,101606.62373466976
2025-04-08 00:00:00,buy,1349.1938767947463,0.013506271247132638,99893.88278287232
2025-04-08 08:00:00,sell,890.3222026044552,0.008811260607316261,101043.68061310016
2025-04-08 12:00:00,buy,2860.606453987583,0.028842960304505342,99178.6704203434
2025-04-08 16:00:00,sell,1370.2787186873163,0.01352776012013336,101293.83626842489
2025-04-08 20:00:00,buy,2076.4553047505283,0.020852157700268673,99579.87727686204
2025-04-09 00:00:00,sell,1331.2263546005818,0.013141980855322677,101295.71555884724
2025-04-09 04:00:00,sell,1493.9459180956699,0.014733985104655518,101394.558735072
2025-04-09 12:00:00,buy,2389.814899128009,0.024022830749555035,99480.9864017493
2025-04-09 16:00:00,buy,839.729067710902,0.008375665115604973,100258.19515471978
2025-04-09 20:00:00,buy,1839.0788365709013,0.018433383284014438,99768.92511998944
2025-04-10 00:00:00,sell,1566.5762783126684,0.01543772161613832,101477.16853988332
2025-04-10 04:00:00,buy,833.103544334363,0.008307440994940515,100284.01584094892
2025-04-10 08:00:00,buy,1378.9646040592518,0.013786920173740566,100019.7713979453
2025-04-10 12:00:00,sell,79.27301225732376,0.0007868245567515609,100750.55687713384
2025-04-10 16:00:00,sell,546.6557711512983,0.005412652448199463,100995.912148977
2025-04-10 20:00:00,buy,633.9025226842718,0.006312360094718865,100422.4272969814
2025-04-11 00:00:00,buy,2631.3275250088445,0.026463952947384392,99430.63042170789
2025-04-11 04:00:00,buy,1603.0486576647984,0.016037415472940034,99956.79543063692
2025-04-11 08:00:00,sell,382.4264765347953,0.003787833578238979,100961.79481902982
2025-04-11 16:00:00,sell,2377.723785753144,0.023315501127790416,101980.38518327478
2025-04-11 20:00:00,buy,2739.749352451929,0.027556323229050054,99423.61793621536
2025-04-12 00:00:00,sell,885.5541089283072,0.008747018731665857,101240.6782350236
2025-04-12 04:00:00,sell,296.91008255344985,0.0029408132896968425,100961.89499472006
2025-04-12 08:00:00,buy,364.71191288511085,0.0036239147285431245,100640.31308808728
2025-04-12 12:00:00,sell,2798.113383745578,0.027370512810622347,102230.94478009362
2025-04-12 16:00:00,buy,2810.596064975198,0.028267501123651867,99428.52934472964
2025-04-13 04:00:00,buy,316.99183588650783,0.00314790112671974,100699.4257843251
2025-04-13 20:00:00,sell,2410.6939814865977,0.02361154947713859,102098.084830083
2025-04-14 00:00:00,buy,1192.3202428799264,0.011887562429613212,100299.80914419652
2025-04-14 04:00:00,buy,1707.9343007938508,0.017070187740243513,100053.63308145352
2025-04-14 12:00:00,sell,2709.4025417628504,0.026489556676183003,102281.91339264272
2025-04-14 16:00:00,buy,1454.5067256923655,0.014514711720306021,100209.13633837568
2025-04-14 20:00:00,sell,2820.2329103969214,0.027549856429515192,102368.33420937542
2025-04-15 00:00:00,buy,1176.8188113343863,0.011724276413365469,100374.53654648004
2025-04-15 04:00:00,sell,419.81733480452374,0.004149180541796158,101180.78270529704
2025-04-15 08:00:00,buy,2360.397566027276,0.02365208472935616,99796.59691890208
2025-04-15 16:00:00,sell,2300.188722866648,0.02251831467277654,102147.46335557052
2025-04-15 20:00:00,buy,1959.3797827013952,0.019588774078538318,100025.64605858178
2025-04-16 00:00:00,sell,1760.1720773368368,0.01727247759027916,101906.1722984924
2025-04-16 04:00:00,buy,2990.3498387936147,0.03004317749302701,99535.07213035878
2025-04-16 08:00:00,sell,1345.995079181617,0.013232613831395571,101718.0049483589
2025-04-16 12:00:00,buy,1442.0096815001186,0.014371789112780092,100336.12866040552
2025-04-16 20:00:00,sell,245.51813688253964,0.0024264581430824632,101183.75113227565
2025-04-17 00:00:00,sell,119.38743214267333,0.0011804970498218601,101133.18975315455
2025-04-17 04:00:00,buy,225.4486310987882,0.002232868796546302,100968.1497844843
2025-04-17 08:00:00,sell,1389.5307919357936,0.013651666599814564,101784.70018852263
2025-04-17 16:00:00,buy,199.93002078232115,0.001979270522653191,101011.97309517705
2025-04-18 04:00:00,sell,539.9927198949332,0.005325369802910714,101400.04166467211
2025-04-18 12:00:00,sell,258.35019512343615,0.002551182551939183,101266.83993156868
2025-04-18 16:00:00,buy,1365.402286433342,0.01359072172021748,100465.76734789422
2025-04-18 20:00:00,sell,1832.7272128868556,0.017953798521366335,102080.19270717424
2025-04-19 00:00:00,sell,151.72904153341094,0.0014986028592679065,101246.99855940032
2025-04-19 04:00:00,sell,1957.4572248875702,0.019158952413390017,102169.32443130456
2025-04-19 08:00:00,buy,1105.3402664295918,0.010982249043587472,100647.89662323304
2025-04-19 12:00:00,buy,2238.5989444597317,0.022366368940126623,100087.72324431926
2025-04-19 16:00:00,sell,1143.5670115928108,0.011234085449879595,101794.40210729992
2025-04-19 20:00:00,sell,1897.2164451196777,0.018566940526085998,102182.50241358532
2025-04-20 00:00:00,buy,2294.4798674725607,0.02292344729038471,100093.14211806988
2025-04-20 04:00:00,sell,1617.1694660305445,0.01584352953978949,102071.28796453972
2025-04-20 08:00:00,buy,1174.4941199905854,0.011665394119952655,100681.90649313031
2025-04-20 12:00:00,buy,347.9500129260589,0.0034412488007567643,101111.55370385927
2025-04-20 20:00:00,buy,1330.7288588323752,0.013223431537957714,100634.15498560511
2025-04-21 04:00:00,sell,1480.0988991639103,0.0145020422448083,102061.41136389135
2025-04-21 08:00:00,sell,1829.0226574308272,0.017886483090772343,102257.25471847632
2025-04-21 12:00:00,sell,2568.6416307487752,0.02502622357016033,102638.00383416456
2025-04-21 16:00:00,sell,2724.3165183877,0.026517053586396905,102738.2815934444
2025-04-21 20:00:00,sell,590.5444137981016,0.00580773234823939,101682.44305836936
2025-04-22 00:00:00,buy,55.007576684872326,0.0005426514307681931,101368.15931177404
2025-04-22 04:00:00,buy,2508.7858837378744,0.025053906240682697,100135.5181757682
2025-04-22 08:00:00,sell,1979.9464771094297,0.019334709643034527,102403.73471668451
2025-04-22 12:00:00,buy,1708.7650995632234,0.016994171225579884,100550.06960216833
2025-04-22 16:00:00,buy,1027.5827193829587,0.010184841436318882,100893.3448603947
2025-04-22 20:00:00,buy,1271.6299367943825,0.012618841895395189,100772.31709024106
2025-04-23 00:00:00,sell,1588.8594147725782,0.015544185866023415,102215.6726937702
2025-04-23 04:00:00,buy,22.837021123677694,0.00022517047313919925,101421.02916646608
2025-04-23 08:00:00,buy,2764.0605156149245,0.027629367478663687,100040.67294517052
2025-04-23 12:00:00,sell,600.928581519462,0.005906293168795106,101743.7780932321
2025-04-23 16:00:00,sell,158.80885800838885,0.0015641450128843109,101530.77668645474
2025-04-23 20:00:00,sell,1004.6635705074318,0.00985254558052892,101969.94901428284
2025-04-24 00:00:00,buy,477.12840132252967,0.004713321314105606,101229.76337187592
2025-04-24 04:00:00,buy,3009.5220417793744,0.030106987394909707,99960.91612567668
2025-04-24 08:00:00,sell,854.540057289165,0.008385161506076733,101910.98366678796
2025-04-24 12:00:00,sell,2833.0418315551087,0.0275242566603024,102928.91344968235
2025-04-24 16:00:00,buy,452.5066603431405,0.004467301309938964,101293.069114544
2025-04-24 20:00:00,sell,2669.893858530644,0.025951605252902573,102879.71909683807
2025-04-25 00:00:00,buy,1905.1314263243414,0.01894086379135595,100583.1332356546
2025-04-25 04:00:00,sell,260.9903806947953,0.0025668187765563307,101678.5380715278
2025-04-25 08:00:00,sell,736.4528975739621,0.007225293623293391,101927.05459052009
2025-04-25 12:00:00,buy,1423.378383455038,0.01411326274872076,100853.9562252573
2025-04-25 16:00:00,buy,501.5722146665664,0.004949918561427589,101329.38722973852
2025-04-25 20:00:00,sell,2645.1392070099528,0.025700496975827505,102921.7142959464
2025-04-26 00:00:00,buy,840.7102075286159,0.008309687208593637,101172.30485633416
2025-04-26 04:00:00,buy,1173.8730109047265,0.011620741196729314,101015.33035045268
2025-04-26 08:00:00,sell,2446.7364770152776,0.023789533569079854,102849.2832745318
2025-04-26 12:00:00,buy,1604.6385522402854,0.015915666759852044,100821.3213088914
2025-04-26 16:00:00,buy,837.6641745883285,0.008276433491987997,101210.76613486104
2025-04-26 20:00:00,buy,710.2853962485418,0.007012513694035999,101288.2722571544
2025-04-27 00:00:00,sell,2507.8939958062465,0.024365844043429556,102926.62102475042
2025-04-27 04:00:00,sell,1348.1327719948458,0.013170387251183076,102360.9060450174
2025-04-27 08:00:00,buy,2707.7448734885,0.026991297848543157,100319.18022921782
2025-04-27 12:00:00,sell,62.35959954222325,0.0006130383459104609,101722.18419650273
2025-04-27 16:00:00,sell,2475.682448416397,0.024046289464348704,102954.8634556226
2025-04-27 20:00:00,sell,842.8429964793587,0.00825120900956365,102147.81803520584
2025-04-28 00:00:00,buy,1376.7307536455075,0.013625851998023577,101038.14086966464
2025-04-28 04:00:00,sell,1136.6778946653135,0.011109013573393372,102320.3263868281
2025-04-28 08:00:00,sell,2329.778188988495,0.022633815708405967,102933.51412785602
2025-04-28 12:00:00,sell,941.3732351251936,0.009206794040197643,102247.66960302123
2025-04-28 16:00:00,buy,1957.9684938027106,0.019425713357178985,100792.61738303793
2025-04-28 20:00:00,sell,2025.8790493174645,0.01970552246249323,102807.68008934797
2025-04-29 20:00:00,buy,1122.9242431007349,0.011085434048809026,101297.27335497316
2025-04-30 00:00:00,sell,56.082433000210315,0.0005503719052143407,101899.15667728204
2025-04-30 04:00:00,sell,385.52941515030346,0.0037766903492835093,102081.28797836014
2025-04-30 12:00:00,buy,422.30572618726956,0.004152811195316221,101691.53046581318
2025-04-30 16:00:00,sell,322.870789562753,0.00316309838417502,102074.21659031392
2025-04-30 20:00:00,buy,1428.053264807961,0.014110825313756336,101202.674758916
2025-05-01 00:00:00,sell,844.4283779057748,0.008249357631171263,102362.92517068154
2025-05-01 04:00:00,sell,1349.7684384274226,0.013151084017747542,102635.5269729776
2025-05-01 08:00:00,buy,2099.70342033469,0.020809831069147796,100899.5898793078
2025-05-01 12:00:00,sell,1724.2262751740905,0.016766435022136105,102837.97795402887
2025-05-01 20:00:00,buy,2491.649561178415,0.024737070952252527,100725.32701983167
2025-05-02 00:00:00,buy,643.4396676527356,0.00632935670540611,101659.56788359753
2025-05-02 04:00:00,buy,2378.5828414144944,0.0235992699973695,100790.52621880356
2025-05-02 08:00:00,buy,2571.645892579334,0.025538863199226724,100695.39401648854
2025-05-02 12:00:00,sell,850.8649243202528,0.00830645149300767,102434.22537728737
2025-05-02 16:00:00,buy,2832.9754181548096,0.028166798259794738,100578.53903113284
2025-05-02 20:00:00,buy,1731.31011678206,0.017117217111262916,101144.36859265398
2025-05-03 12:00:00,sell,2659.9751007091177,0.025731615226092453,103373.8098963893
2025-05-03 16:00:00,sell,239.31726080189364,0.0023425583348171417,102160.64088776452
2025-05-03 20:00:00,buy,2988.3456285818747,0.02972434261714086,100535.29751936762
2025-05-04 00:00:00,sell,1855.5545004485773,0.018016446617193704,102992.25701242102
2025-05-04 04:00:00,sell,391.4835732042232,0.0038282985040601946,102260.46187073078
2025-05-04 08:00:00,buy,2242.1543898059404,0.022212684753919087,100940.26969929184
2025-05-04 16:00:00,buy,216.86955394747588,0.0021265214134691046,101983.24483066706
2025-05-04 20:00:00,sell,1914.7616543415772,0.01857675791410063,103072.97232356048
2025-05-05 00:00:00,buy,1507.9729455215681,0.014879228710749788,101347.52108703752
2025-05-05 04:00:00,buy,696.1082677298982,0.00684049215932444,101762.8924230278
2025-05-05 08:00:00,sell,1411.7231342142063,0.013726617280090572,102845.66877680816
2025-05-05 12:00:00,buy,948.3542913841525,0.009328354646759681,101663.61885839912
2025-05-05 16:00:00,buy,790.5133020792779,0.007769380722964858,101747.2730796505
2025-05-06 16:00:00,sell,1307.2264430474374,0.012710768854664933,102844.01030293907
2025-05-06 20:00:00,sell,1216.7575321228082,0.011835087529667332,102809.33952306896
2025-05-07 00:00:00,sell,1861.884454918369,0.018050409540389074,103149.15297363588
2025-05-07 04:00:00,sell,2772.3682413979327,0.02675386691041941,103624.95450398693
2025-05-07 08:00:00,buy,997.6514393209748,0.009807739009727,101720.83885302578
2025-05-07 12:00:00,buy,2.077072828396309,2.031699544042901e-05,102233.2674379165
2025-05-07 16:00:00,buy,1881.7664995844495,0.01857874315764721,101285.99570040852
2025-05-07 20:00:00,sell,2817.533149905807,0.02717397716788773,103684.97524298236
2025-05-08 00:00:00,buy,1445.5851065798936,0.014236668685453513,101539.56227533324
2025-05-08 04:00:00,sell,62.8236669444826,0.0006139875466326085,102320.75111138105
2025-05-08 08:00:00,sell,2399.9557870751255,0.023183303117371993,103520.873402926
2025-05-08 12:00:00,buy,1672.166449392546,0.016479875372580978,101467.17809375408
2025-05-08 16:00:00,buy,44.4439383612536,0.0004344392238523474,102301.8547154912
2025-05-08 20:00:00,sell,1905.7451232414428,0.01844760706165651,103305.81721910958
2025-05-09 00:00:00,buy,2001.883947712106,0.019755949505919856,101330.68760437168
2025-05-09 04:00:00,buy,594.5769756982164,0.005826413378056726,102048.53949043428
2025-05-09 08:00:00,buy,218.55809198934418,0.002137613360708283,102243.97732849428
2025-05-09 12:00:00,buy,2277.42268860315,0.022504087929917427,101200.39948721915
2025-05-09 16:00:00,buy,2014.459593582381,0.0198788756841839,101336.69658114178
2025-05-09 20:00:00,sell,1003.5248752272628,0.00975460253351824,102877.06462452003
2025-05-10 00:00:00,sell,2411.345719423399,0.023273037385983082,103611.1307446147
2025-05-10 04:00:00,sell,521.3290467161306,0.005077887865797196,102666.5142071398
2025-05-10 08:00:00,buy,1904.8391316840566,0.018778363582979588,101437.97265756282
2025-05-10 12:00:00,sell,617.8895218394111,0.006014456951685103,102734.05010676711
2025-05-10 16:00:00,sell,1749.0556786088853,0.01692944200476996,103314.43163431372
2025-05-10 20:00:00,buy,3115.707957364743,0.030896656152278087,100842.8854568786
2025-05-11 00:00:00,sell,2049.4541472683904,0.01980697078155605,103471.35712326143
2025-05-11 04:00:00,buy,233.20471957341104,0.0022792105313169156,102318.2002579931
2025-05-11 08:00:00,buy,2061.9528254152424,0.020335173072038682,101398.34158827366
2025-05-11 12:00:00,buy,2095.9339295733103,0.020673946714755802,101380.44556714276
2025-05-11 16:00:00,sell,679.3031574285209,0.006608214520657343,102796.77745100626
2025-05-11 20:00:00,sell,1011.4436700953485,0.009821314510783375,102984.55150630065
2025-05-12 00:00:00,sell,2250.9504519131783,0.02172202908810796,103625.2388201383
2025-05-12 04:00:00,buy,423.1727889324886,0.004137307914594715,102282.1597202639
2025-05-12 08:00:00,buy,2779.7652160637276,0.027499188965040625,101085.35272067873
2025-05-12 12:00:00,sell,1584.092821125149,0.015333490597472106,103309.34180024892
2025-05-12 16:00:00,sell,883.0748598080218,0.008576808901003787,102960.77130792444
2025-05-12 20:00:00,buy,3049.914725603163,0.03020547675937023,100972.24254727348
2025-05-13 04:00:00,sell,1724.2440668781844,0.01667221774552028,103420.1983921112
2025-05-13 08:00:00,buy,703.6977449484425,0.0068860859380324374,102191.2522267345
2025-05-13 16:00:00,sell,649.8404602014225,0.00631545510788967,102896.85368669635
2025-05-13 20:00:00,buy,432.9905490226418,0.004230277196676786,102355.1244733536
2025-05-14 00:00:00,sell,1974.7406877228482,0.019062860236252768,103590.99648474512
2025-05-14 04:00:00,buy,2839.561103495821,0.028072880489625814,101149.61678211704
2025-05-14 12:00:00,sell,428.9023601144595,0.004170858316871713,102833.11671832357
2025-05-14 20:00:00,sell,1823.283196138609,0.017605623636116317,103562.54534479036
2025-05-15 00:00:00,buy,2087.1548151294983,0.020548197584687393,101573.62009623926
2025-05-15 04:00:00,sell,650.8861816591756,0.006320337407729606,102982.82190807708
2025-05-15 08:00:00,sell,262.9840252716851,0.002558370868238161,102793.55058979028
2025-05-15 12:00:00,buy,584.5585522215832,0.005710257855810951,102369.9046491774
2025-05-15 16:00:00,sell,1127.8872098129718,0.010923473613116783,103253.52994478036
2025-05-16 00:00:00,buy,155.2925107524312,0.001513374560245389,102613.40109169736
2025-05-16 04:00:00,buy,937.5711912371904,0.009171625417186007,102225.19440014935
2025-05-16 16:00:00,sell,2184.575504078878,0.02103594153882214,103849.66606069008
2025-05-16 20:00:00,sell,780.5924960510487,0.007567281026488342,103153.62853826626
2025-05-17 00:00:00,buy,1707.6989721488453,0.01675856693616829,101900.0597517258
2025-05-17 04:00:00,sell,17.770565755275136,0.00017289678446974035,102781.35483997544
2025-05-17 08:00:00,sell,798.7314311734277,0.007740143848502511,103193.3574888222
2025-05-17 12:00:00,buy,2216.9601727495087,0.021806117321051727,101666.89191428156
2025-05-17 20:00:00,buy,473.4476091454938,0.00461608551666556,102564.7396340893
2025-05-18 00:00:00,sell,678.191359042629,0.006573797981352326,103165.83517875538
2025-05-18 04:00:00,buy,206.29825906434962,0.0020084065656008347,102717.3793382982
2025-05-18 08:00:00,buy,560.2641751497616,0.005463425512838445,102548.14929446788
2025-05-18 12:00:00,sell,589.9638775099177,0.005719827737941828,103143.6442738405
2025-05-18 16:00:00,sell,2405.581946407244,0.023110604794117286,104089.96077071836
2025-05-18 20:00:00,buy,2050.5752278102723,0.020137550345349888,101828.43457341303
2025-05-19 00:00:00,buy,1498.0574721768153,0.014671069991585394,102109.62615787584
2025-05-19 12:00:00,sell,2382.379025371641,0.022881209781579006,104119.45207939245
2025-05-19 16:00:00,sell,2530.8563617347186,0.024286625481358806,104207.82268319972
2025-05-19 20:00:00,sell,1857.8037740367915,0.01788362019096717,103882.98086173565
2025-05-20 00:00:00,sell,243.30149518294465,0.0023604174481039967,103075.62138145367
2025-05-20 04:00:00,buy,2192.7168331816906,0.02153156005087004,101837.34146532908
2025-05-20 08:00:00,sell,1748.5904568710087,0.016836029109332067,103860.02812871
2025-05-20 12:00:00,sell,224.90835335399285,0.0021815834817948006,103094.08520500876
2025-05-20 16:00:00,sell,385.70110533325106,0.003738024761764944,103183.13278137264
2025-05-20 20:00:00,buy,314.04340417007484,0.0030537313126698727,102839.23895567196
2025-05-21 00:00:00,sell,1932.9317215852554,0.01858584588644782,104000.20173387346
2025-05-21 04:00:00,sell,2663.7045852570686,0.025515865955523413,104394.04995700164
2025-05-21 08:00:00,sell,386.8946234608539,0.003747216385350154,103248.54069634972
2025-05-21 12:00:00,buy,415.92481864953857,0.0040441411193324625,102846.26732268736
2025-05-21 16:00:00,buy,2010.379631827962,0.01970148347372957,102042.04340798246
2025-05-21 20:00:00,buy,2635.0528898788725,0.02590353778791173,101725.59869828125
2025-05-22 00:00:00,buy,1478.987546806731,0.014453852551270668,102324.79828893163
2025-05-22 04:00:00,buy,1261.3362589985152,0.012313208612978006,102437.65850511772
2025-05-22 08:00:00,sell,2844.7014899894593,0.02720903150121342,104549.89880336596
2025-05-22 12:00:00,buy,1389.5614393825933,0.013571275052299332,102389.89586664998
2025-05-22 16:00:00,buy,1339.0077210945378,0.0130731052633619,102424.61099484764
2025-05-22 20:00:00,buy,3024.532225335242,0.029777329813852796,101571.64004437331
2025-05-23 00:00:00,buy,1066.2953520736883,0.010395255968677644,102575.18961404942
2025-05-23 04:00:00,sell,2639.708449200275,0.02526548740529481,104478.8254766492
2025-05-23 08:00:00,sell,1222.661360151751,0.011781956320412925,103774.05304358658
2025-05-23 12:00:00,sell,1029.6376705601206,0.009930567273442345,103683.67105409132
2025-05-23 16:00:00,sell,1376.034938042015,0.01324679571665439,103876.8142481438
2025-05-23 20:00:00,buy,1968.5668107111171,0.01926683977652909,102173.8299349554
2025-05-24 00:00:00,buy,1087.4606252379706,0.010595257692753407,102636.54332652388
2025-05-24 04:00:00,buy,2082.5986169955067,0.020390510171015175,102135.6797612593
2025-05-24 12:00:00,sell,2475.3092217359927,0.02369001894023202,104487.43109834548
2025-05-24 16:00:00,sell,330.76252215331215,0.003198946491468886,103397.32878790144
2025-05-24 20:00:00,sell,197.76132038666327,0.0019138277450805932,103332.87355405925
2025-05-25 00:00:00,buy,74.54760552424821,0.0007223883697752805,103196.021203163
2025-05-25 04:00:00,buy,1217.652188856718,0.011866045062665443,102616.51480558256
2025-05-25 08:00:00,sell,2942.2053324623744,0.028085217574978755,104759.926627152
2025-05-25 12:00:00,buy,920.9671511721526,0.0089589479110218,102798.5830835256
2025-05-25 16:00:00,buy,1369.4552099058676,0.013351403011783941,102570.13504102806
2025-05-25 20:00:00,buy,1062.5339939557175,0.010342167644407853,102738.03621141684
2025-05-26 00:00:00,sell,1257.5001224032758,0.012098358003658558,103939.73479897076
2025-05-26 04:00:00,sell,2550.4161946220697,0.02437776955042677,104620.57200706538
2025-05-26 08:00:00,buy,410.4130889993749,0.003980314473072361,103110.71946096297
2025-05-26 12:00:00,sell,2221.80515950528,0.021266859705896222,104472.6485353776
2025-05-26 16:00:00,sell,1650.2145010854679,0.01583677457647961,104201.42644047774
2025-05-26 20:00:00,buy,1049.9031665357707,0.010210553489889663,102825.29419931732
2025-05-27 00:00:00,sell,2176.6520678281313,0.02083091653947006,104491.42089854032
2025-05-27 04:00:00,sell,2601.6142163599793,0.024842819396682574,104722.98553631116
2025-05-27 08:00:00,buy,2520.71871163718,0.024687382963816968,102105.54578959092
2025-05-27 12:00:00,sell,2211.86425158679,0.021155758595019725,104551.40342296612
2025-05-27 16:00:00,buy,1856.2250449720398,0.01811455872165553,102471.44705506772
2025-05-27 20:00:00,sell,1845.4416469511211,0.017681043247585473,104374.02483041464
2025-05-28 00:00:00,buy,2540.8947773609625,0.02487846565502638,102132.29435423831
2025-05-28 04:00:00,sell,17.953229866130904,0.00017355271360746521,103445.39991887896
2025-05-28 08:00:00,sell,843.1867012047971,0.00811656196411411,103884.71189313808
2025-05-28 12:00:00,sell,2196.76436029129,0.021003014161133284,104592.81431883568
2025-05-28 16:00:00,buy,1069.756100277183,0.010393583798562377,102924.66208096092
2025-05-28 20:00:00,sell,315.2309767310579,0.0030413538173275204,103648.24208715568
2025-05-29 00:00:00,sell,1929.1692955779395,0.018462505026602596,104491.19947689668
2025-05-29 12:00:00,buy,158.03448036123368,0.0015275259020536092,103457.80726125283
2025-05-29 16:00:00,buy,1822.890204262896,0.01776640287011162,102603.22348816824
2025-05-29 20:00:00,sell,761.9120111483371,0.0073300293208545,103943.9240687126
2025-05-30 00:00:00,sell,880.1352776858224,0.008461311917769943,104018.7722943312
2025-05-30 04:00:00,buy,1067.1490114463338,0.01035774127897566,103029.12408253072
2025-05-30 12:00:00,buy,1295.8584518677974,0.012590351128765288,102924.7269289526
2025-05-30 16:00:00,sell,1380.1412763289984,0.013230217072659839,104317.3569072462
2025-05-30 20:00:00,buy,2827.2405536970373,0.02767422655146023,102161.5020907552
2025-05-31 00:00:00,buy,1732.1115866396515,0.016862118870431347,102722.06001803276
2025-05-31 04:00:00,sell,18.169410447146372,0.00017533422052090885,103627.29188384333
2025-05-31 08:00:00,sell,2624.5163505364076,0.02499910035386347,104984.4319750012
2025-05-31 12:00:00,buy,748.0080293492031,0.007244008889727474,103258.8502769416
2025-05-31 16:00:00,sell,1697.226130329475,0.01623805073344847,104521.54376100015
2025-05-31 20:00:00,buy,2428.7136622312614,0.02371669808817893,102405.21902337665
2025-06-01 00:00:00,sell,1039.8974325656782,0.00997959564376281,104202.36146698068
2025-06-01 04:00:00,sell,2248.397977282476,0.0214474422919268,104832.91884780188
2025-06-01 08:00:00,sell,1802.1506846123475,0.017226563345780748,104614.6377799576
2025-06-01 20:00:00,buy,2503.7033101907195,0.024446121181472442,102417.20114225156
2025-06-02 00:00:00,buy,2538.6408487736558,0.024792101816228006,102397.1613052974
2025-06-02 04:00:00,sell,1237.180825011384,0.01185594823782374,104351.06498394084
2025-06-02 08:00:00,buy,905.3701367747971,0.008768054471121136,103257.8138920972
2025-06-02 12:00:00,sell,2462.7040496846816,0.023453837636361698,105002.17865696418
2025-06-02 16:00:00,sell,2407.5275018807297,0.022932453779976998,104983.4232733879
2025-06-03 00:00:00,buy,184.5751922208565,0.0017803324927530718,103674.56246076428
2025-06-03 04:00:00,buy,2958.3344883833347,0.028930982761316636,102254.89098624392
2025-06-03 08:00:00,buy,2587.227622983943,0.02525456080513674,102445.95591849314
2025-06-03 12:00:00,buy,1606.2752581079792,0.015602253392198511,102951.49153975118
2025-06-03 16:00:00,sell,564.6525719364939,0.005425026344578227,104082.91795685155
2025-06-03 20:00:00,sell,401.73911308770636,0.0038626861248538605,104005.11460218778
2025-06-04 00:00:00,sell,1564.0696661230452,0.014951200974897277,104611.64081394412
2025-06-04 04:00:00,buy,1775.4130861924425,0.01725269891225364,102906.39715108369
2025-06-04 08:00:00,sell,2057.237502009072,0.019612780488974038,104892.70010265066
2025-06-04 12:00:00,buy,40.36142328540837,0.00038872675719818294,103829.8047099214
2025-06-04 16:00:00,buy,2141.4344564721755,0.020839196501742714,102759.93396833196
2025-06-04 20:00:00,sell,2399.5937105179255,0.022829698177888255,105108.42902172296
2025-06-05 00:00:00,buy,862.4309305404154,0.008337063004403043,103445.41358089064
2025-06-05 04:00:00,sell,132.63339201534885,0.0012756711119797715,103971.46315362515
2025-06-05 08:00:00,buy,2100.2289170643417,0.02042348118055371,102834.03198980994
2025-06-05 12:00:00,sell,648.6595985600934,0.006221145067530142,104266.91413219494
2025-06-05 16:00:00,sell,24.610881451543776,0.0002367283511564779,103962.54327508045
2025-06-05 20:00:00,buy,903.4970962544644,0.00873066390850616,103485.49729124266
2025-06-06 00:00:00,buy,2886.2134453242656,0.028167330134549085,102466.70279140638
2025-06-06 04:00:00,buy,281.7778604871146,0.002714006820604252,103823.56387165564
2025-06-06 08:00:00,buy,2982.3644346752894,0.029115898239745638,102430.78919008284
2025-06-06 16:00:00,sell,496.00465313386934,0.004758240070547399,104241.19964102774
2025-06-06 20:00:00,sell,2082.4268108637075,0.019817866548729315,105078.2537940356
2025-06-07 00:00:00,sell,2429.2050661222415,0.023075154754418997,105273.61969943182
2025-06-07 04:00:00,sell,1754.8857655736717,0.016723413536140062,104935.8590446432
2025-06-07 08:00:00,buy,1982.526607277291,0.019244203984330802,103019.41347594956
2025-06-07 12:00:00,buy,1294.6042373032133,0.012522548241328547,103381.85266722244
2025-06-07 16:00:00,buy,1610.560265411887,0.015603031155854968,103220.9863150553
2025-06-07 20:00:00,sell,1104.7135254042817,0.010557810795953181,104634.715165356
2025-06-08 00:00:00,buy,1298.6868620971293,0.012559244255634268,103404.8574630212
2025-06-08 04:00:00,buy,1790.0620345772982,0.017352213063910386,103160.44575895157
2025-06-08 08:00:00,sell,723.3000112949535,0.006923681633241525,104467.54336916548
2025-06-08 12:00:00,buy,2097.338145688835,0.020357470409923913,103025.4792690952
2025-06-08 16:00:00,sell,1029.8022488448887,0.009840202214363176,104652.54945083808
2025-06-08 20:00:00,sell,2702.395332411302,0.02560545691987479,105539.82070570748
2025-06-09 00:00:00,sell,1380.9527970249733,0.013168384275256656,104868.81064215132
2025-06-09 04:00:00,sell,2486.1934996121972,0.02357649410347895,105452.213916968
2025-06-09 08:00:00,buy,3091.3638247197173,0.030138171447733078,102573.03864903995
2025-06-09 12:00:00,buy,2017.6239868544733,0.019564982742381918,103124.24055881584
2025-06-09 16:00:00,sell,1519.8362513717543,0.014479471720641545,104964.89655800886
2025-06-09 20:00:00,buy,3205.4301668117323,0.03126354579731331,102529.32241253316
2025-06-10 00:00:00,buy,282.3447179256391,0.0027135259905707587,104050.8618331867
2025-06-10 04:00:00,sell,132.509329982756,0.0012708557339569193,104267.79880842708
2025-06-10 12:00:00,sell,2761.189940635205,0.026136176806988973,105646.28334993686
2025-06-10 16:00:00,buy,1499.5754814059032,0.014495993928180972,103447.57929917796
2025-06-10 20:00:00,sell,1608.1371809792624,0.015305486234443489,105069.32980412658
2025-06-11 00:00:00,buy,1266.3443222796348,0.0122242895608755,103592.46776455936
2025-06-11 04:00:00,sell,2763.625133450189,0.026149795693430396,105684.38720706692
2025-06-11 08:00:00,sell,289.466023980304,0.002772051264621378,104423.04140426524
2025-06-11 12:00:00,sell,2387.7052172289714,0.022627145991102163,105523.9232631418
2025-06-11 16:00:00,buy,3206.886108462289,0.031244801071866474,102637.43081884563
2025-06-11 20:00:00,sell,484.19763111342775,0.004630804453626611,104560.15492820666
2025-06-12 00:00:00,sell,2152.5510496938996,0.020414429371651742,105442.62641418792
2025-06-12 04:00:00,buy,2265.344221410248,0.021959041450649856,103162.25444090171
2025-06-12 08:00:00,sell,747.633623928313,0.007139079809047251,104724.08824745844
2025-06-12 12:00:00,buy,1446.429205000663,0.013962283862994779,103595.45896601026
2025-06-12 16:00:00,sell,453.75331039478084,0.004338277655157991,104592.96210681474
2025-06-12 20:00:00,sell,1686.9757738154165,0.016029361904771455,105242.85269978558
2025-06-13 00:00:00,sell,2470.8562609749742,0.02338500310472078,105659.86456833855
2025-06-13 04:00:00,buy,1480.3381193798737,0.014284555322046448,103632.07576333542
2025-06-13 08:00:00,buy,380.40019902119315,0.003650525255519778,104204.2370330157
2025-06-13 12:00:00,buy,515.6598394064538,0.004951434499531326,104143.52435748935
2025-06-13 16:00:00,buy,748.6117218872222,0.007195671936497165,104036.38860885096
2025-06-13 20:00:00,sell,517.933937058122,0.004946461296557727,104707.97323706048
2025-06-14 00:00:00,buy,1805.7853460471113,0.017445497426763684,103510.10933496224
2025-06-14 04:00:00,sell,2600.2308728889975,0.02457623629626238,105802.64779129128
2025-06-14 08:00:00,sell,1138.4034380366907,0.010836368136763155,105053.96491418332
2025-06-14 12:00:00,buy,173.82395844274302,0.0016652044583506573,104385.95547294608
2025-06-14 16:00:00,sell,1604.8824114017996,0.01523706804325196,105327.50833993642
2025-06-14 20:00:00,sell,1544.6928275727014,0.014668537295493883,105306.53441820848
2025-06-15 00:00:00,sell,2403.7857566752477,0.022727540096594393,105765.32904392248
2025-06-15 04:00:00,sell,2414.2217458817727,0.022819728201130478,105795.37690383944
2025-06-15 08:00:00,buy,473.3935031530481,0.004538113797978896,104315.03576747669
2025-06-15 12:00:00,sell,178.5126908013903,0.0017056644643042185,104658.7383024421
2025-06-15 16:00:00,buy,286.69939553666165,0.00274539480480827,104429.20451169276
2025-06-15 20:00:00,buy,2632.342211493031,0.02550084551808361,103225.68362003284
2025-06-16 00:00:00,buy,1967.6514172072602,0.018997685103310583,103573.21992164048
2025-06-16 04:00:00,buy,788.8199879245273,0.00757076945757982,104192.84226582336
2025-06-16 08:00:00,sell,1562.2761942431848,0.014819597224992062,105419.61232310224
2025-06-16 12:00:00,buy,711.3900406326734,0.006823376024242618,104257.78062138036
2025-06-16 16:00:00,buy,3056.105116620023,0.029655795171442942,103052.54332087176
2025-06-16 20:00:00,buy,1271.837546606741,0.012231258440932452,103982.55851993772
2025-06-17 00:00:00,buy,1364.9306475868302,0.013130961813865945,103947.49957657327
2025-06-17 04:00:00,sell,1967.8013503084223,0.018619497782304494,105684.98534791694
2025-06-17 08:00:00,buy,1731.3606096662065,0.016683097650008593,103779.32479855232
2025-06-17 12:00:00,buy,1385.1021040497385,0.013322942819728364,103963.6755025853
2025-06-17 16:00:00,sell,1860.2309922827108,0.017605804163056127,105660.0979457788
2025-06-17 20:00:00,buy,1341.39983007061,0.012896968488502636,104008.92514131818
2025-06-18 00:00:00,buy,281.64130734029567,0.0026934606119892353,104564.85091582296
2025-06-18 04:00:00,sell,1891.8688378341212,0.01789622991505576,105713.26177713709
2025-06-18 08:00:00,sell,1830.6782486290492,0.017320017702166596,105697.25043641531
2025-06-18 12:00:00,buy,2523.066355839882,0.024390252421254466,103445.6844588127
2025-06-18 16:00:00,buy,2998.653533246113,0.02905461439268993,103207.47997951634
2025-06-18 20:00:00,buy,817.1295304939537,0.007830626111869177,104350.47195720396
2025-06-19 00:00:00,sell,1864.3136500997737,0.017629279172396616,105750.98572486496
2025-06-19 04:00:00,buy,374.24037061339834,0.0035779246688369894,104597.0514340219
2025-06-19 08:00:00,buy,418.2941465978265,0.003999456694505538,104587.7424232346
2025-06-19 12:00:00,buy,2963.9598626913503,0.02870124330021222,103269.38912327308
2025-06-20 08:00:00,sell,836.5427326812047,0.007946264205561798,105274.9708593488
2025-06-20 12:00:00,sell,2579.7644161612807,0.024292132860127023,106197.52621210516
2025-06-20 16:00:00,buy,1058.8753876801416,0.010150496631771434,104317.59411316112
2025-06-20 20:00:00,sell,2610.014157913823,0.02456758862377476,106238.1089932464
2025-06-21 00:00:00,sell,458.59312419314205,0.004362306819208196,105126.28826882504
2025-06-21 04:00:00,sell,761.5530995878972,0.007232140521531732,105301.20333262054
2025-06-21 08:00:00,buy,1717.9656944736346,0.0165152353485266,104023.08282133576
2025-06-21 12:00:00,buy,3036.1001636882493,0.02937884482506954,103343.0749835843
2025-06-21 20:00:00,sell,706.7373879264953,0.006711371199367798,105304.47011976763
2025-06-22 00:00:00,buy,273.60115469372073,0.0026107436396659695,104798.16958540078
2025-06-22 08:00:00,sell,1046.4986275861831,0.00991982808601131,105495.64150833712
2025-06-22 12:00:00,buy,1583.4979503335549,0.015205366188647929,104140.731021379
2025-06-22 16:00:00,buy,939.3754012889215,0.008991084694683637,104478.53993015629
2025-06-22 20:00:00,sell,1852.5022134814221,0.017485702407088067,105943.82601012842
2025-06-23 00:00:00,sell,543.343906511661,0.005161233882139607,105274.03309350047
2025-06-23 04:00:00,buy,1715.992490150487,0.01648311780678469,104106.06235212124
2025-06-23 08:00:00,buy,580.1474154371983,0.005541045591876647,104699.98952683466
2025-06-23 16:00:00,buy,226.145875870716,0.0021560797885868763,104887.5264578845
2025-06-23 20:00:00,sell,1387.6394850874938,0.01312298643085483,105741.13540381852
2025-06-24 00:00:00,sell,1010.4790383699913,0.00957229153638217,105562.91923719448
2025-06-24 08:00:00,buy,9.875391259455801,9.400239781753484e-05,105054.67401613116
2025-06-24 12:00:00,sell,1271.9875752318078,0.012029600339744862,105738.14086152638
2025-06-24 16:00:00,sell,1100.4499858749796,0.010415550566730346,105654.51906018956
2025-06-24 20:00:00,buy,1452.1538377875736,0.013917999264138869,104336.39276941153
2025-06-25 00:00:00,buy,2430.4602126556756,0.023407068338597757,103834.45622055534
2025-06-25 12:00:00,buy,275.869315344935,0.0026278775861888976,104977.99318917928
2025-06-25 20:00:00,sell,223.25316025874375,0.0021212901596559283,105244.04652636264
2025-06-26 00:00:00,sell,886.6615826576942,0.008396572524358027,105598.03778095578
2025-06-26 04:00:00,sell,1193.6161611040527,0.011284365400011626,105776.09983303296
2025-06-26 08:00:00,buy,177.72697830857044,0.0016914373964724506,105074.52340785772
2025-06-26 12:00:00,buy,711.4830641272385,0.006788306789310545,104810.09273882573
2025-06-26 16:00:00,sell,280.0920131756568,0.0026589028673080673,105341.19791266698
2025-06-26 20:00:00,sell,1090.8744768012477,0.010313653176376133,105769.93991808283
2025-06-27 00:00:00,sell,1743.8001487052945,0.016431742571874138,106123.87219905209
2025-06-27 04:00:00,buy,2530.5876858480415,0.024355921672858515,103900.30481449816
2025-06-27 08:00:00,sell,1371.3366098344557,0.012943641664940764,105946.73781404713
2025-06-27 12:00:00,sell,2379.803360384943,0.022347270686396102,106491.90202155864
2025-06-27 16:00:00,buy,2601.4654051721636,0.025040071786241236,103892.0905411138
2025-06-27 20:00:00,buy,2384.743611163463,0.022927788915331787,104011.05924212288
2025-06-28 00:00:00,sell,2617.3918167912857,0.024544582389362263,106638.27052627612
2025-06-28 04:00:00,buy,1452.0318486584433,0.013891529692495557,104526.41867388124
2025-06-28 08:00:00,buy,1544.3134329688523,0.014780801613838676,104481.03379744798
2025-06-28 12:00:00,buy,439.45286088002365,0.0041829103068371735,105059.1164151228
2025-06-28 16:00:00,buy,510.4924512517701,0.004860362479093588,105031.7653153664
2025-06-28 20:00:00,sell,346.7507915064267,0.0032872439716148225,105483.74093940134
2025-06-29 00:00:00,sell,2443.032677939611,0.022920176330873173,106588.73835315474
2025-06-29 04:00:00,sell,1125.7114292917731,0.010628176929768939,105917.64107151034
2025-06-29 08:00:00,sell,833.5391950961264,0.007880544002657246,105771.78362497115
2025-06-29 12:00:00,sell,2422.446032071517,0.022722503743685854,106609.99594926542
2025-06-29 16:00:00,sell,1818.128680888841,0.017101129984778658,106316.28918715417
2025-06-29 20:00:00,sell,2065.305306137882,0.019400747718973318,106454.93338991664
2025-06-30 00:00:00,sell,1875.7149891518213,0.017632889156663986,106375.93037003432
2025-06-30 04:00:00,sell,120.72787582854083,0.0011447116813358162,105465.74984511208
2025-06-30 08:00:00,sell,2444.0187593899914,0.022905220278919038,106701.3863926626
2025-06-30 12:00:00,sell,1356.3760610882744,0.012778222953753787,106147.47183526168
2025-06-30 20:00:00,buy,2198.2667808456,0.02107575304385924,104303.11914696213
2025-07-01 00:00:00,sell,2163.5911282905813,0.020296560144543438,106598.90705037744
2025-07-01 04:00:00,sell,33.27199661235403,0.00031538649258538786,105495.94670211172
2025-07-01 12:00:00,buy,2791.7278275402728,0.02683669920975207,104026.49765980904
2025-07-01 16:00:00,sell,1506.2148705343907,0.014171779091295307,106282.69470129893
2025-07-01 20:00:00,sell,2334.4368528979126,0.021871955972501075,106731.96561994396
2025-07-02 00:00:00,buy,2016.9293755035508,0.019306597765913498,104468.39986817942
2025-07-02 04:00:00,buy,3120.598971231499,0.03003706780701885,103891.5979176336
2025-07-02 08:00:00,buy,1502.1599475922721,0.014341707253438576,104740.66448623914
2025-07-02 12:00:00,sell,1299.8341133647066,0.01223711253055593,106220.65541352468
2025-07-02 16:00:00,sell,2027.9360101009427,0.019022067939135797,106609.6502540972
2025-07-02 20:00:00,sell,1043.1992084135547,0.009831181445830037,106111.27606194624
2025-07-03 00:00:00,buy,899.1794850672985,0.00855545666375469,105100.11568133876
2025-07-03 04:00:00,buy,1718.2620324411591,0.01641369185596597,104684.67712927202
2025-07-03 08:00:00,sell,142.09241154792272,0.0013446556773862046,105671.9678781468
2025-07-03 12:00:00,sell,379.0210891934551,0.0035821979465455456,105806.85234297565
2025-07-03 16:00:00,sell,352.26499037019687,0.0033296319915567495,105796.97433934658
2025-07-03 20:00:00,sell,2368.987567210161,0.022167036173126528,106869.83811043376
2025-07-04 00:00:00,sell,738.9330678964221,0.006969418941932798,106025.0609201428
2025-07-04 04:00:00,buy,995.3378188633179,0.009467523626214822,105131.80195371328
2025-07-04 08:00:00,buy,3170.741039118436,0.030489959626995647,103992.95630129596
2025-07-04 12:00:00,buy,3203.7091618095897,0.030813360101043054,103971.4315901933
2025-07-04 16:00:00,sell,127.10213823379001,0.0012022634211219488,105719.04293252029
2025-07-04 20:00:00,buy,2603.711865545966,0.024965530694784147,104292.26990515924
2025-07-05 00:00:00,buy,1351.3348974197759,0.012876041742589214,104949.55860154264
2025-07-05 04:00:00,buy,1932.22151796384,0.0184624330596488,104656.9274873566
2025-07-05 08:00:00,buy,2392.427720078313,0.022910199357543196,104426.3161023348
2025-07-05 12:00:00,sell,1437.4897944360127,0.01350508972276283,106440.5956528466
2025-07-05 16:00:00,sell,2544.7645797170317,0.023774121174089773,107039.27018301074
2025-07-05 20:00:00,sell,878.3861261877206,0.00827314469071692,106173.1855328645
2025-07-06 00:00:00,sell,1474.7520772619728,0.013848352373428817,106492.96302509004
2025-07-06 04:00:00,buy,1678.231337863678,0.016006889917864704,104844.31057345284
2025-07-06 08:00:00,sell,14.501994833623133,0.00013714678064498178,105740.68720696408
2025-07-06 12:00:00,buy,2664.835660634046,0.025537801273161673,104348.6724690974
2025-07-06 16:00:00,sell,969.8070898737208,0.009125813406551142,106270.75600488676
2025-07-06 20:00:00,sell,2682.839531106765,0.025028974841372283,107189.34946836485
2025-07-07 00:00:00,sell,1587.292018793595,0.014886177383978834,106628.58421275493
2025-07-07 04:00:00,buy,3213.911433358771,0.030869007874349333,104114.50366143374
2025-07-07 08:00:00,buy,2806.1742011309952,0.02689796462530054,104326.6373579611
2025-07-07 12:00:00,sell,1237.4861960209423,0.011623676063688023,106462.55016404044
2025-07-07 16:00:00,sell,630.115964527139,0.0059360474648259475,106150.76248309865
2025-07-07 20:00:00,sell,211.12093931086795,0.001992798441008082,105941.9432323872
2025-07-08 00:00:00,buy,2660.826579758552,0.025475697655344135,104445.68057591074
2025-07-08 04:00:00,buy,1736.5929321940553,0.016550164499186924,104929.04359224772
2025-07-08 12:00:00,buy,558.2102132243074,0.0052880566630185335,105560.5582156658
2025-07-08 16:00:00,sell,2393.9227355674957,0.022346064836232044,107129.49922556274
2025-07-08 20:00:00,buy,2342.5140133742734,0.022384509932742058,104648.88534136963
2025-07-09 00:00:00,sell,1609.3445586014252,0.015078040623930696,106734.32966132207
2025-07-09 04:00:00,sell,832.523277408471,0.007828764335691367,106341.59385958192
2025-07-09 08:00:00,buy,2294.045261875011,0.02190780502959307,104713.60589416484
2025-07-09 12:00:00,sell,53.63415008594829,0.0005061957519247106,105955.35399500074
2025-07-10 00:00:00,sell,2745.760718661996,0.02556492262426518,107403.44334372568
2025-07-10 04:00:00,buy,2187.0994112884287,0.02086638287634628,104814.4963240218
2025-07-10 08:00:00,sell,266.2497201903768,0.0025092890400572995,106105.64025908192
2025-07-10 12:00:00,sell,2559.321162350266,0.023847403957901483,107320.74513721956
2025-07-10 16:00:00,buy,2403.017495079983,0.02294580211837084,104725.80050518618
2025-07-10 20:00:00,buy,1246.2867352883973,0.011830799577748212,105342.56176839118
2025-07-12 12:00:00,sell,2741.252619496537,0.02550102808542092,107495.7688103456
2025-07-12 16:00:00,buy,1398.9443915682518,0.013280795609444259,105335.88745040489
2025-07-12 20:00:00,buy,1111.9441623050363,0.010539903375915526,105498.51574976604
2025-07-13 00:00:00,sell,1445.9048388831982,0.013531923208072508,106851.3925663308
2025-07-13 04:00:00,sell,309.20903897812747,0.0029095639263385566,106273.327139865
2025-07-13 08:00:00,buy,1188.1596116965377,0.011262816722759063,105494.00216160786
2025-07-13 20:00:00,buy,517.9604391547905,0.0048927370434600865,105863.12621217324
2025-07-14 00:00:00,sell,1943.7683281281743,0.01813629856071344,107175.58059717513
2025-07-14 08:00:00,buy,1038.6914062006163,0.009834542285975897,105616.64955996936
2025-07-14 12:00:00,buy,12.41149945173281,0.0001169148937136954,106158.41196525784
2025-07-14 16:00:00,buy,1276.210088318984,0.012096823849799147,105499.60090062598
2025-07-14 20:00:00,sell,42.83468375371502,0.0004033538945728258,106196.281553397
2025-07-15 04:00:00,sell,714.3190527505606,0.006702518297412586,106574.72625271512
2025-07-15 08:00:00,sell,2390.129826689739,0.022240778605492575,107466.10400138928
2025-07-15 12:00:00,buy,3059.2465205681397,0.029244841816547934,104608.0720750246
2025-07-15 16:00:00,sell,2005.6395821066405,0.018694610316612913,107284.37491549822
2025-07-15 20:00:00,buy,849.7356494175663,0.008031997136992063,105793.8187632108
2025-07-16 04:00:00,sell,2154.978054187483,0.02006697043638589,107389.30727081888
2025-07-16 08:00:00,sell,1600.63105800578,0.014944494311578188,107105.06656392498
2025-07-16 12:00:00,buy,790.2577715648382,0.007465225403927561,105858.52788169964
2025-07-16 16:00:00,buy,98.77794483871449,0.0009298273926600821,106232.56060044344
2025-07-16 20:00:00,sell,1545.0561528201079,0.014424598871010674,107112.59055704
2025-07-17 00:00:00,sell,880.2903046036898,0.00824421980407465,106776.66601861008
2025-07-17 04:00:00,sell,1464.5669835941706,0.013675231426572263,107096.3216570053
2025-07-17 08:00:00,buy,111.1172311093016,0.0010455049412087319,106280.92391494244
2025-07-17 12:00:00,buy,140.23509080996854,0.0013196368188012914,106267.94343109708
2025-07-17 16:00:00,sell,1474.1348533795122,0.013760452348882866,107128.37165554291
2025-07-17 20:00:00,sell,2396.6259494723454,0.022267134648386606,107630.6398338502
2025-07-18 00:00:00,sell,2681.8840323100208,0.02487983793522345,107793.46872324932
2025-07-18 04:00:00,buy,1913.357114316751,0.018157811788573553,105373.77171850624
2025-07-18 08:00:00,buy,2763.725302208334,0.026340828226562776,104921.7313304265
2025-07-18 12:00:00,buy,2554.1486783828223,0.024318677159562346,105028.27360321717
2025-07-18 16:00:00,sell,2614.6137893398363,0.024261547378080353,107767.80840046784
2025-07-18 20:00:00,sell,1544.1832199367052,0.014402404206543738,107217.04500107732
2025-07-19 00:00:00,buy,2280.6911622645266,0.021678302547463967,105206.16903795971
2025-07-19 04:00:00,sell,714.006841001002,0.006685344024486303,106801.80980751634
2025-07-19 08:00:00,buy,22.64051997626182,0.00021273062877216276,106428.11572051578
2025-07-19 12:00:00,sell,2003.603066232392,0.018635959847046427,107512.73788293437
2025-07-19 16:00:00,buy,510.38292107358353,0.004806240199090254,106191.72158107934
2025-07-19 20:00:00,buy,1308.3295750866105,0.012368541412521042,105778.8086283278
2025-07-20 00:00:00,sell,2127.9744952349597,0.019774277783506024,107613.25993963382
2025-07-20 04:00:00,sell,2413.749304903927,0.02239445647152886,107783.33950514234
2025-07-20 08:00:00,buy,2524.4962363445275,0.02400038070750511,105185.67464036508
2025-07-20 12:00:00,sell,718.7227099590392,0.0067231905784956225,106902.0283699678
2025-07-20 16:00:00,sell,55.718084633453735,0.0005228481412443868,106566.47741128776
2025-07-20 20:00:00,buy,950.2308715545689,0.008960520115093974,106046.39678827432
2025-07-21 00:00:00,sell,664.1052057737866,0.0062121524198790095,106904.20338828726
2025-07-21 04:00:00,buy,2430.931963581265,0.023090615521268655,105277.91956616077
2025-07-21 08:00:00,sell,568.6673765823244,0.005321015164171111,106871.97067421052
2025-07-21 12:00:00,sell,1410.834339289205,0.013145503868738835,107324.47788816168
2025-07-21 16:00:00,sell,2311.2369540914938,0.02143798860158877,107810.34531943953
2025-07-21 20:00:00,buy,2486.551424825589,0.023616698412106535,105287.85105503646
2025-07-22 00:00:00,buy,713.6791864833882,0.0067176956464128435,106238.690177112
2025-07-22 04:00:00,buy,2282.5390693422974,0.021652688104753046,105415.9676756832
2025-07-22 08:00:00,sell,2374.273827986504,0.02200748037468727,107884.85494765516
2025-07-22 12:00:00,buy,382.1765820760836,0.0035905667947321632,106439.06768056432
2025-07-22 16:00:00,buy,1907.0799776778492,0.01805275211504993,105639.29341764934
2025-07-22 20:00:00,sell,1141.7501281303078,0.010643779381926146,107269.24029157127
2025-07-23 00:00:00,sell,1800.0707126509576,0.016723340700139127,107638.22521632788
2025-07-23 04:00:00,buy,3225.964342651896,0.030726243285183273,104990.5226848058
2025-07-23 08:00:00,buy,3076.180116228592,0.02927526384445033,105077.7930669868
2025-07-23 12:00:00,sell,2618.717990653951,0.024222542998240375,108110.77890724294
2025-07-23 16:00:00,buy,3174.3373112642303,0.03021771663234159,105048.880757151
2025-07-23 20:00:00,buy,2332.319585825668,0.02210934266540764,105490.22741751722
2025-07-24 00:00:00,buy,100.04208928854297,0.0009377638595653501,106681.53636770784
2025-07-24 04:00:00,sell,79.73192589566969,0.0007466986132189795,106779.26071397058
2025-07-24 08:00:00,sell,2314.9667574329173,0.021439857610607335,107974.91286917836
2025-07-24 12:00:00,sell,1967.1103943661662,0.01824712704808905,107803.84162295698
2025-07-24 16:00:00,buy,2174.5182980307522,0.02058757728093595,105622.83596352792
2025-07-24 20:00:00,sell,1773.3832565771982,0.016461069566355162,107731.95808623653
2025-07-25 00:00:00,sell,682.1460907125862,0.0063649433919275335,107172.3735324546
2025-07-25 04:00:00,buy,370.269649299517,0.003472714875028352,106622.53096620669
2025-07-25 08:00:00,buy,2503.359339252524,0.023728966296253408,105498.03594469187
2025-07-25 12:00:00,sell,1073.601631265765,0.00999553527067887,107408.11794392767
2025-07-25 16:00:00,buy,3002.816006697676,0.028530092616047834,105250.83276486205
2025-07-26 00:00:00,buy,2080.706214866245,0.019675760020322446,105749.7251804836
2025-07-26 04:00:00,sell,2043.5926889644102,0.018932407252800407,107941.51328337446
2025-07-26 08:00:00,buy,1790.4965204019516,0.01690480118722237,105916.44944959854
2025-07-26 12:00:00,sell,2376.4393118301996,0.021975277200287878,108141.49419689996
2025-07-26 16:00:00,buy,2862.811992068103,0.02716846606352234,105372.6031265287
2025-07-26 20:00:00,sell,2174.933874687101,0.020126754540240197,108061.82737205204
2025-07-27 00:00:00,sell,1981.7643937963712,0.018353861667690846,107975.33672627396
2025-07-27 04:00:00,buy,3239.349741230432,0.030789676334660263,105208.95724986435
2025-07-27 08:00:00,sell,1769.5653560768983,0.016404296821835418,107872.06396567188
2025-07-27 12:00:00,buy,2310.9257319576973,0.02185821605099594,105723.43719936848
2025-07-27 20:00:00,sell,1246.2043332375256,0.01157971501553738,107619.6030356014
2025-07-28 00:00:00,sell,564.963025363261,0.005266883249063207,107267.0493434135
2025-07-28 04:00:00,sell,368.97094770613046,0.003442611318829278,107177.6374196102
2025-07-28 16:00:00,buy,1177.4556541791326,0.011067927287979177,106384.47683496815
2025-07-28 20:00:00,sell,2376.0136984959972,0.021942467824876084,108283.79549005516
2025-07-29 00:00:00,sell,2140.637200581849,0.019787152813043638,108183.18435236152
2025-07-29 04:00:00,sell,991.3836049632234,0.009214798751510996,107586.028919043
2025-07-29 08:00:00,buy,3239.8786234742315,0.030755759393064967,105342.1761455444
2025-07-29 12:00:00,buy,1213.306840294479,0.01140117223360658,106419.48173698176
2025-07-29 16:00:00,buy,1860.702798356041,0.01754033173099575,106081.39155475429
2025-07-30 00:00:00,sell,1703.5623596873836,0.015775666040969517,107986.71544283583
2025-07-30 04:00:00,sell,1635.1680841384555,0.01514582815811241,107961.61603501532
2025-07-30 08:00:00,buy,499.13096946201364,0.004672039063195336,106833.64644657834
2025-07-30 12:00:00,sell,212.3078877050153,0.001979973063066831,107227.66469164292
2025-07-30 16:00:00,sell,1707.978567763163,0.015810020550603102,108031.39453844726
2025-07-30 20:00:00,buy,918.3649110068519,0.008611878869376909,106639.32051720764
2025-07-31 00:00:00,sell,945.4752714897375,0.008783123248080798,107646.81819719808
2025-07-31 04:00:00,buy,140.61790506700822,0.0013131275620963908,107086.248987504
2025-07-31 08:00:00,buy,2921.6590973527714,0.027665714633016595,105605.77003371633
2025-07-31 12:00:00,buy,1256.2852040458106,0.011796204140792795,106499.10675090933
2025-07-31 16:00:00,buy,77.8003003615606,0.0007261708799590365,107137.73095108048
2025-07-31 20:00:00,sell,4.859387612270893,4.533333813883116e-05,107192.36243731387
2025-08-01 04:00:00,sell,4.938919878000991,4.606993729374132e-05,107204.8317867355
2025-08-01 08:00:00,buy,1010.5008395737402,0.009473475833228488,106666.32367703726
2025-08-01 12:00:00,sell,1214.7091348637225,0.011262207427632662,107857.10906756551
2025-08-01 16:00:00,buy,857.7518641792343,0.008034234004202098,106762.121159355
2025-08-01 20:00:00,buy,143.5291255730431,0.0013395920072613678,107143.91008234728
2025-08-02 00:00:00,sell,2733.2723458571663,0.025149030959141103,108683.00851423795
2025-08-02 04:00:00,buy,40.9129915857529,0.00038160063262499916,107214.160795059
2025-08-02 08:00:00,buy,979.3826575199475,0.009177324031808317,106717.67218041317
2025-08-02 12:00:00,buy,959.3307498172519,0.008987993541012216,106734.6950617872
2025-08-03 08:00:00,buy,769.027719420728,0.007197915545823506,106840.3365564557
2025-08-03 16:00:00,sell,1575.4094532105146,0.014573683883316405,108099.6037668969
2025-08-03 20:00:00,buy,1527.4078591150083,0.014346679265339817,106464.20895496543
2025-08-04 00:00:00,buy,225.09906598417874,0.0021005836645354497,107160.2477847318
2025-08-04 20:00:00,sell,215.93456520529662,0.0020099957296307366,107430.36018537548
2025-08-05 00:00:00,sell,783.9477525526041,0.007276437994016329,107737.84552239324
2025-08-05 12:00:00,buy,879.1015843288599,0.008225426957112187,106876.10368586848
2025-08-05 20:00:00,sell,1810.6823736607569,0.016716275531729892,108318.52886271356
2025-08-06 00:00:00,sell,2820.547449377813,0.025907248039355336,108870.97869650836
2025-08-06 04:00:00,buy,2593.651444855986,0.024471017347198965,105988.7052531089
2025-08-06 08:00:00,sell,1441.5534281806108,0.013329909070573388,108144.28069602745
2025-08-06 12:00:00,sell,882.008965574288,0.00817729822066116,107860.682315066
2025-08-06 16:00:00,sell,2197.4698624399257,0.020237609220909225,108583.4714196146
2025-08-06 20:00:00,sell,882.3195579368677,0.008176888020829283,107904.07740564665
2025-08-07 00:00:00,buy,1581.3192157520068,0.014834391910255615,106598.18247479203
2025-08-07 04:00:00,sell,1858.3902859333507,0.017136096286179528,108448.8704368547
2025-08-07 08:00:00,sell,1116.8357596125506,0.010334352249805426,108070.22371756085
2025-08-07 12:00:00,sell,2572.508659169588,0.023629991088221176,108866.25600345252
2025-08-07 16:00:00,sell,1860.3233252003029,0.01714456369458305,108508.05878414308
2025-08-07 20:00:00,sell,1597.296210116644,0.014738207044340172,108377.919058346
2025-08-08 00:00:00,buy,2110.3484361270307,0.019833897793071792,106401.09463830148
2025-08-08 04:00:00,buy,1094.200156840545,0.010231345561346951,106945.8704409642
2025-08-08 08:00:00,buy,27.866542047020772,0.0002591786133225047,107518.67868181504
2025-08-08 12:00:00,sell,1360.5136164867836,0.012565327950239446,108275.21747738049
2025-08-08 16:00:00,buy,1925.667840853415,0.018076380805924334,106529.50175857652
2025-08-08 20:00:00,sell,1750.9886184380239,0.016136905881252384,108508.32441628704
2025-08-09 00:00:00,sell,1797.813412233182,0.0165628627578573,108544.84750109474
2025-08-09 04:00:00,sell,694.9808440075782,0.006437309778798773,107961.37950304829
2025-08-09 08:00:00,sell,2530.5050850515263,0.02322610346508054,108950.90900012708
2025-08-09 12:00:00,sell,426.7964134602531,0.003957344671095995,107849.1890225096
2025-08-09 16:00:00,buy,2970.8900412966186,0.028014703307252312,106047.52828231912
2025-08-09 20:00:00,sell,2074.110980921149,0.019072761334737003,108747.28333875778
2025-08-10 00:00:00,buy,2232.9751953579894,0.020976036167584682,106453.6301099975
2025-08-10 04:00:00,sell,341.31686092772327,0.0031651764649997557,107835.01795301944
2025-08-10 08:00:00,buy,2393.236946064207,0.02249549988763696,106387.36449593096
2025-08-10 12:00:00,buy,2993.35923347168,0.028219750229707127,106073.20082941592
2025-08-10 16:00:00,sell,2395.1508867996417,0.021980438561533065,108967.38388975018
2025-08-10 20:00:00,sell,1423.8769926955256,0.013127604252989393,108464.3446934564
2025-08-11 00:00:00,buy,2259.2696380635257,0.02121432584672604,106497.35722863868
2025-08-11 04:00:00,sell,647.6785938266065,0.005993440019420844,108064.58256492116
2025-08-11 08:00:00,buy,583.4755596938253,0.005432153556535359,107411.4628059166
2025-08-11 12:00:00,buy,1215.9808778636614,0.011356044322475988,107077.85592708376
2025-08-11 16:00:00,buy,2237.328798001011,0.020999440520858864,106542.30505706376
2025-08-11 20:00:00,sell,103.46281395858003,0.0009597657062220127,107800.07379701796
2025-08-12 00:00:00,buy,2095.9757960882152,0.019654907331404858,106638.80326412116
2025-08-12 04:00:00,buy,1058.5310590856639,0.009874077975884478,107203.02813801156
2025-08-12 08:00:00,sell,2865.728091691433,0.02621739058281884,109306.38129827625
2025-08-12 12:00:00,sell,2402.122260283674,0.022021489672752182,109080.82495690056
2025-08-12 16:00:00,sell,2458.367978883592,0.022527735395437225,109126.28081478224
2025-08-12 20:00:00,sell,1277.1710000331855,0.011770961819144611,108501.83864804998
2025-08-13 00:00:00,buy,954.2084546120568,0.008890924851854387,107323.86905880064
2025-08-13 04:00:00,sell,233.18146403896156,0.002159667139488852,107971.02005920724
2025-08-13 08:00:00,buy,723.8374456458405,0.006735049417998587,107473.21967845914
2025-08-13 12:00:00,sell,447.04704470248566,0.0041349214378005915,108115.00325391302
2025-08-13 16:00:00,sell,202.9348146700314,0.001878997899563639,108001.61869109012
2025-08-13 20:00:00,buy,842.2124749648725,0.007838098438452505,107451.12243463384
2025-08-14 00:00:00,buy,2203.0835712886615,0.020641597476378535,106730.28450485904
2025-08-14 04:00:00,buy,1937.5134107310328,0.018127131000065046,106884.7249310484
2025-08-14 08:00:00,buy,1517.8315703244193,0.01417000343340233,107115.82233964046
2025-08-14 12:00:00,buy,1037.4695829632756,0.009661446207074398,107382.43123515086
2025-08-14 16:00:00,sell,1786.664332732744,0.01640515910952146,108908.68663966656
2025-08-14 20:00:00,buy,3218.736122478122,0.030300440044978144,106227.37219988264
2025-08-15 00:00:00,sell,2776.8139252523188,0.025370053196064703,109452.42817555647
2025-08-15 04:00:00,buy,1338.9019836755485,0.01248260340215918,107261.43742129562
2025-08-15 08:00:00,buy,369.57293899813016,0.003428820239458622,107784.28531922169
2025-08-15 12:00:00,buy,3114.629995609084,0.029295664864199787,106317.09538073186
2025-08-15 20:00:00,buy,199.81277947531507,0.0018519362122720738,107893.985846398
2025-08-16 00:00:00,sell,1291.3374723557554,0.011878608682982501,108711.17205887484
2025-08-16 04:00:00,sell,1066.6390529491903,0.00982127632464924,108604.9325658582
2025-08-16 08:00:00,buy,1640.6954242105558,0.015311151765031561,107156.89122471276
2025-08-16 12:00:00,sell,1579.43560866924,0.014503489424510577,108900.38682691276
2025-08-16 16:00:00,buy,1536.2601729733663,0.014325191677778836,107241.85808671622
2025-08-16 20:00:00,buy,152.49340101548592,0.00141208864462844,107991.37971654124
2025-08-17 00:00:00,buy,1740.722914407579,0.01624567691091609,107149.91587933902
2025-08-17 08:00:00,sell,1271.742595556918,0.01169064464307853,108782.9315135206
2025-08-17 12:00:00,sell,2320.3839050319148,0.021218170267223682,109358.34126170052
2025-08-17 16:00:00,sell,280.2733777159587,0.002588640731538357,108270.48122255268
2025-08-17 20:00:00,buy,1556.4395776369195,0.014505376404893097,107300.87480610886
2025-08-18 00:00:00,sell,2162.8542272963678,0.0197878424321123,109302.17555130838
2025-08-18 04:00:00,buy,1402.3753240606984,0.013057312378008633,107401.52976830093
2025-08-18 08:00:00,buy,550.6384847891505,0.005104653981518407,107869.89417554215
2025-08-18 12:00:00,sell,529.764267734115,0.0048846996362832545,108453.8062072554
2025-08-18 16:00:00,buy,2467.443665841829,0.023093127859169827,106847.52974517722
2025-08-19 04:00:00,buy,760.7714345253485,0.0070591676511611925,107770.69934019855
2025-08-19 08:00:00,sell,385.666480754844,0.003558044058889331,108392.83448199698
2025-08-19 16:00:00,sell,1326.4977996274374,0.012179803027034487,108909.62659109688
2025-08-20 00:00:00,sell,1471.0513617221418,0.013496048651581853,108998.6706256962
2025-08-20 04:00:00,buy,1940.28075258961,0.01810488232966129,107168.92367816396
2025-08-20 08:00:00,buy,693.8846684913065,0.006434580388445117,107836.81710424324
2025-08-20 12:00:00,buy,1202.1932338607091,0.011175336207527217,107575.5763885622
2025-08-20 16:00:00,sell,2734.9429174405523,0.024928983036854972,109709.3657369503
2025-08-20 20:00:00,buy,504.6756928263119,0.004673429677628579,107988.29288951612
2025-08-21 04:00:00,buy,515.539949381187,0.004774366218673689,107980.81373916958
2025-08-21 16:00:00,buy,2087.3809647479065,0.01948081508476217,107150.59691627836
2025-08-22 00:00:00,sell,902.9961038458439,0.008302231196451631,108765.47309737458
2025-08-22 04:00:00,sell,1765.2942503337717,0.016158985443142627,109245.36423064284
2025-08-22 08:00:00,buy,114.5646256775954,0.0010584248918068593,108240.67589908977
2025-08-22 12:00:00,buy,1067.6678408827022,0.00991064505006979,107729.39959898814
2025-08-22 20:00:00,buy,938.391473457588,0.008703740333836498,107814.73682176786
2025-08-23 00:00:00,sell,2770.9476662603115,0.025231619607694874,109820.44392486232
2025-08-23 04:00:00,buy,1685.0995714388891,0.015684450017849523,107437.59389211476
2025-08-23 08:00:00,buy,1045.5668446236282,0.009700483096603077,107785.0282518162
2025-08-23 16:00:00,sell,2907.0465398917086,0.026443557785050562,109934.01733314268
2025-08-23 20:00:00,sell,1724.4236025805337,0.015775585379373097,109309.64278734488
2025-08-24 00:00:00,buy,753.814160723163,0.006981002721180275,107980.78597449909
2025-08-24 04:00:00,buy,1798.3375218570843,0.01673945576573822,107431.06269547089
2025-08-24 08:00:00,sell,934.6036947841983,0.008581340303982454,108911.15626197282
2025-08-24 12:00:00,buy,1619.8789915867371,0.015061509099161272,107550.9088048118
2025-08-24 16:00:00,buy,1378.8512958494116,0.012805172346792517,107679.24542575884
2025-08-24 20:00:00,sell,1733.7841776024727,0.015853220964953545,109364.7897443252
2025-08-25 00:00:00,buy,2298.550868800705,0.02144009493789288,107208.0546032603
2025-08-25 04:00:00,sell,2839.4280565633717,0.02581762515205132,109980.21854607984
2025-08-25 08:00:00,buy,1817.35303077105,0.01690888868227228,107479.15282430184
2025-08-25 16:00:00,sell,960.0479393072235,0.00880772772472598,109000.63777086067
2025-08-25 20:00:00,buy,574.5305350514891,0.005311031944508456,108176.81781137598
2025-08-26 00:00:00,sell,1728.9450497758594,0.015798648939870676,109436.25979387148
2025-08-26 04:00:00,sell,2288.1458306433587,0.020847105583813568,109758.4420745658
2025-08-26 08:00:00,buy,2502.8598271841997,0.023350429529915773,107186.88596188868
2025-08-26 12:00:00,buy,1230.997765765809,0.011411256505336437,107875.74227168909
2025-08-27 00:00:00,buy,1358.3492190514144,0.012599441284494172,107810.27415264056
2025-08-27 04:00:00,sell,75.48242197822219,0.00069514580707682,108585.02088308027
2025-08-27 08:00:00,sell,1127.970969909113,0.01033312598922481,109160.67132882537
2025-08-27 12:00:00,buy,773.1644958371098,0.007149221385262655,108146.671388706
2025-08-27 16:00:00,sell,2010.275999523957,0.018331256524127478,109663.84093081916
2025-08-27 20:00:00,buy,1244.6676167277838,0.011533592908534087,107916.72868970544
2025-08-28 00:00:00,sell,1876.2000510859775,0.017116019035754524,109616.6139548389
2025-08-28 04:00:00,buy,1747.182679216321,0.016225490961910626,107681.34433144957
2025-08-28 08:00:00,sell,694.8518796975418,0.006374143548733366,109011.01840350284
2025-08-28 12:00:00,sell,117.53134141537646,0.0010812014727067905,108704.38524388656
2025-08-28 16:00:00,sell,2953.1825803611528,0.026785826021617717,110251.68975478908
2025-08-28 20:00:00,buy,600.2004443129227,0.005539909371385665,108341.2027303252
2025-08-29 00:00:00,buy,505.8374790914861,0.004666085287478566,108407.2510309446
2025-08-29 04:00:00,sell,1599.6306828707393,0.014602153002643566,109547.59086424742
2025-08-29 08:00:00,sell,1055.1927877051335,0.009657526807822609,109261.18132547414
2025-08-29 12:00:00,buy,1953.8119589991495,0.01814894368625983,107654.30720237111
2025-08-29 16:00:00,buy,1.0079212124844972,9.271699738574851e-06,108709.43202475022
2025-08-29 20:00:00,buy,1023.6905899988355,0.00946360133623117,108171.35608615092
2025-08-30 00:00:00,buy,268.5576927945668,0.0024730813898968056,108592.33905187927
2025-08-30 04:00:00,buy,2398.1101556974336,0.02231939428194927,107445.1271124726
2025-08-30 08:00:00,sell,1181.8849721529054,0.010805017499691726,109382.97621328475
2025-08-30 12:00:00,sell,1077.4332511128462,0.009854177844743793,109337.71118080114
2025-08-30 16:00:00,sell,1214.267914392077,0.011096078335144576,109432.16852986068
2025-08-30 20:00:00,buy,1210.553143301338,0.011194284496740802,108140.28745238596
2025-08-31 00:00:00,buy,725.2489486524279,0.006689756411494985,108411.86196349918
2025-08-31 04:00:00,sell,720.1208184125658,0.006594815311858964,109194.99400045763
2025-08-31 08:00:00,buy,1894.611293337246,0.01757775876246763,107784.57702939106
2025-08-31 12:00:00,sell,2728.439578094407,0.02473909765752903,110288.56492120444
2025-08-31 16:00:00,sell,14.08468909790006,0.00012940251986130803,108844.00947520844
2025-08-31 20:00:00,sell,1673.6442261095851,0.01524888943300265,109755.1551844408
2025-09-01 00:00:00,buy,922.6616328384416,0.0085141869162548,108367.55663385175
2025-09-01 04:00:00,buy,1201.3410320459466,0.01109969190905144,108231.92588492404
2025-09-01 08:00:00,buy,1521.8726033671119,0.01408365108217417,108059.52195829124
2025-09-01 12:00:00,sell,109.41821943781704,0.0010043550399488836,108943.76498910769
2025-09-01 16:00:00,sell,2434.803057974169,0.02209149390722625,110214.50465048592
2025-09-01 20:00:00,sell,2415.3123489876316,0.021913699993558633,110219.28518221909
2025-09-02 00:00:00,buy,177.9380816339937,0.0016350841905458057,108825.02727556578
2025-09-02 04:00:00,sell,2782.039458142619,0.025190381367260352,110440.54544400044
2025-09-02 08:00:00,buy,1743.2191803991927,0.01614064700144465,108001.81555566935
2025-09-02 12:00:00,sell,585.5190699571575,0.0053585203441228225,109268.7966743188
2025-09-02 16:00:00,sell,704.8996912429288,0.006446142542400935,109352.1724979388
2025-09-02 20:00:00,buy,88.05524025329503,0.0008083156150737346,108936.70567685696
2025-09-03 00:00:00,sell,2149.8624451908618,0.01951589843806981,110159.54259103484
2025-09-03 04:00:00,buy,591.5670352114327,0.005442810246247773,108687.79333603516
2025-09-03 08:00:00,sell,456.78162319239044,0.004180254899250973,109271.23685070916
2025-09-03 12:00:00,buy,710.8695514020737,0.0065428508817968025,108648.28868098155
2025-09-03 16:00:00,buy,1107.1143014265524,0.010209150217880656,108443.33541958412
2025-09-03 20:00:00,buy,3095.9608658314855,0.028835228817819993,107367.30703236871
2025-09-04 00:00:00,sell,853.8618015732444,0.007796873948652266,109513.35204294784
2025-09-04 04:00:00,sell,1732.1271166646825,0.015746316321391216,110002.05262684866
2025-09-04 08:00:00,buy,1251.6675533492064,0.011547864515185061,108389.52532767464
2025-09-04 12:00:00,sell,1417.2755898640635,0.012902629513922006,109843.9343960714
2025-09-04 16:00:00,buy,1608.1612839231418,0.014860422789205189,108217.73422835128
2025-09-04 20:00:00,sell,2117.595385807924,0.01920761794740463,110247.68358088136
2025-09-05 00:00:00,sell,494.7567325640958,0.004523077671486318,109384.9737940748
2025-09-05 04:00:00,sell,1897.816416445436,0.01722696691062672,110165.44155981044
2025-09-05 08:00:00,sell,2805.9813661319886,0.025352255742511553,110679.7515231286
2025-09-05 12:00:00,sell,1119.9142006995228,0.010200601139643582,109789.03942700906
2025-09-05 16:00:00,sell,188.0577877678995,0.0017206002488594646,109297.78017442314
2025-09-05 20:00:00,sell,287.7505306764685,0.002631098385159039,109365.17322938312
2025-09-06 00:00:00,buy,1818.3868579275445,0.016801578204862,108227.14603092131
2025-09-06 04:00:00,buy,1175.3348309684438,0.010824053649562184,108585.45874040308
2025-09-06 08:00:00,buy,1648.1632427491747,0.015213483737963766,108335.68899385905
2025-09-06 12:00:00,buy,2218.2103946966454,0.02053180271856983,108037.78046680734
2025-09-06 16:00:00,sell,800.5434574814832,0.007298642328428501,109683.88659947546
2025-09-06 20:00:00,buy,440.52147364067065,0.004040558811467022,109024.888436342
2025-09-07 00:00:00,sell,2201.680615513142,0.019929018329891073,110476.11975000758
2025-09-07 04:00:00,buy,1284.0170223432517,0.011823779700831528,108596.15578366628
2025-09-07 08:00:00,sell,1094.3127783064624,0.00995790432401187,109893.8835621974
2025-09-07 12:00:00,sell,1406.7957848511505,0.012779671865135941,110080.74383263408
2025-09-07 16:00:00,buy,2720.4155463881616,0.025223476334288373,107852.52240152458
2025-09-07 20:00:00,sell,1165.0416353808564,0.010594071069778645,109971.09871240454
2025-09-08 00:00:00,buy,1263.8624821436083,0.011630157208014113,108671.14343671172
2025-09-08 04:00:00,buy,3027.981481759367,0.028111542613251862,107713.10288507496
2025-09-08 08:00:00,sell,1990.64999953359,0.018025058780035047,110437.91999937764
2025-09-08 12:00:00,buy,1713.6254789516952,0.015801826752993152,108444.77070520366
2025-09-08 16:00:00,sell,1180.1874025811271,0.010726913393071651,110021.15513894166
2025-09-08 20:00:00,sell,760.7722614476615,0.006928463412058214,109803.8939086584
2025-09-09 00:00:00,buy,258.77942852140865,0.002368578781191857,109255.14936479848
2025-09-09 04:00:00,sell,648.9641915142656,0.0059127830707843216,109756.13069941048
2025-09-09 08:00:00,sell,2023.8693598757918,0.018312113351872196,110520.79686197852
2025-09-09 12:00:00,sell,916.2915452984502,0.008335354661879669,109928.32128535023
2025-09-09 16:00:00,buy,536.8992714363256,0.004919070557553015,109146.48715740426
2025-09-09 20:00:00,sell,1293.849818968801,0.011746804956935511,110144.82863315869
2025-09-10 00:00:00,buy,799.0492072880553,0.007329823172431515,109013.4357256244
2025-09-10 04:00:00,sell,2800.236096451436,0.025232606829665202,110976.8846062819
2025-09-10 08:00:00,sell,624.8446647082502,0.005689955763397307,109815.38182208531
2025-09-10 12:00:00,sell,1693.9324993026598,0.015341862464287603,110412.44198647673
2025-09-10 16:00:00,sell,842.7179641913898,0.007663619644056994,109963.4380791462
2025-09-10 20:00:00,buy,915.4745701968427,0.008397769490585376,109014.01511712946
2025-09-11 00:00:00,buy,1307.810719442911,0.01201890803176526,108812.77367182152
2025-09-11 04:00:00,sell,519.8530151494558,0.004734100595430569,109810.30180288656
2025-09-11 08:00:00,buy,2351.9524988697144,0.021726704996321594,108251.68838385332
2025-09-11 12:00:00,buy,2134.612461642446,0.019697160564348982,108371.58252677308
2025-09-11 16:00:00,buy,467.38718228427746,0.004277077336310785,109277.23431987896
2025-09-11 20:00:00,buy,2953.872342680956,0.02736856482737643,107929.38399627864
2025-09-12 00:00:00,sell,2490.1675652069775,0.022452923692068708,110906.16079039215
2025-09-12 04:00:00,sell,317.7093861609004,0.0028952973618752826,109732.903550577
2025-09-12 08:00:00,sell,1917.369604786046,0.017332659942202237,110621.77479854431
2025-09-12 12:00:00,buy,1141.7373209248228,0.010477735232559302,108967.94923552778
2025-09-12 16:00:00,sell,19.831458516527345,0.00018092017417364601,109614.41203065192
2025-09-12 20:00:00,buy,2491.087913552699,0.023009611465826602,108262.92817905296
2025-09-13 00:00:00,buy,3100.5842172028983,0.02872852787080675,107927.01356457734
2025-09-13 04:00:00,sell,353.50495573753983,0.0032192984235238885,109808.07282556564
2025-09-13 08:00:00,buy,878.2174623392241,0.008045745470120099,109153.02573275598
2025-09-13 12:00:00,buy,492.34444520031764,0.004501681115942877,109369.0184888176
2025-09-13 16:00:00,buy,590.1420693088609,0.00539802384930912,109325.57650414824
2025-09-13 20:00:00,buy,2667.639460345632,0.024653907074825666,108203.51728629592
2025-09-14 00:00:00,sell,777.4203199445395,0.00706157767716371,110091.59078694596
2025-09-14 04:00:00,sell,2575.2451014926355,0.02318276642114153,111084.46053030757
2025-09-14 08:00:00,sell,1122.1568798996234,0.010172379761122141,110314.09623423609
2025-09-14 12:00:00,buy,2031.7347390166601,0.01870699900594783,108608.26679739902
2025-09-14 16:00:00,buy,2900.736737830401,0.02682627464911482,108130.43464930438
2025-09-14 20:00:00,sell,1335.3573615219289,0.012091472033826017,110437.94814942738
2025-09-15 00:00:00,buy,2887.7532586787756,0.026704005807009247,108139.32859169767
2025-09-15 08:00:00,buy,77.49596757187894,0.0007065950040691235,109675.22714652226
2025-09-15 16:00:00,sell,303.8473922367646,0.002764809309005199,109898.13700608935
2025-09-15 20:00:00,sell,1301.0133754447922,0.011779024626605546,110451.70688464004
2025-09-16 00:00:00,sell,278.3878544257394,0.002532968917768606,109905.7522865233
2025-09-16 04:00:00,buy,2226.723943200445,0.020513326262434704,108550.11589603398
2025-09-17 00:00:00,sell,636.3656505404354,0.00577718962386811,110151.4217070752
2025-09-17 08:00:00,sell,2475.4660540676605,0.02226732863826693,111170.32017093932
2025-09-17 12:00:00,buy,2177.8689499812785,0.020045312567986796,108647.29310629092
2025-09-17 16:00:00,sell,2793.5125092595677,0.02508346513617808,111368.68427442518
2025-09-17 20:00:00,buy,1427.4663104111542,0.013085556911532023,109087.16534281842
2025-09-18 00:00:00,buy,1047.9898861896636,0.009587555381820824,109307.30978376202
2025-09-18 04:00:00,buy,177.21705127590303,0.001614137809650235,109790.53350736138
2025-09-18 12:00:00,buy,589.2648604528301,0.005377960693199266,109570.31746215414
2025-09-18 16:00:00,sell,291.3800679204379,0.0026473669315960177,110064.10348442844
2025-09-18 20:00:00,buy,1689.6039730559153,0.015502844351863745,108986.70816189882
2025-09-19 08:00:00,sell,2522.407174604614,0.022659957842224805,111315.61639114498
2025-09-19 12:00:00,buy,2020.937672722809,0.01856611268242295,108850.87833362588
2025-09-19 20:00:00,sell,2494.502858730762,0.022407973387356325,111322.10912648989
2025-09-20 00:00:00,sell,221.02951603530352,0.0020076490883410452,110093.6997998709
2025-09-20 04:00:00,sell,1249.9070717625789,0.011293902016007712,110670.9682792528
2025-09-20 08:00:00,buy,333.392364449405,0.003036044607944746,109811.4183095272
2025-09-20 12:00:00,sell,1477.4652398454084,0.013332739430097938,110814.82898481542
2025-09-20 16:00:00,sell,1284.0136749278108,0.011596527562251555,110723.97905623652
2025-09-20 20:00:00,sell,472.99073852242833,0.00428854972987889,110291.53637348302
