timestamp,cash,btc_holdings,btc_value,portfolio_value,price,returns
2025-01-24 12:00:00,10000.0,0.0,0.0,10000.0,105862.2,
2025-01-24 16:00:00,10000.0,0.0,0.0,10000.0,105766.4,0.0
2025-01-24 20:00:00,10000.0,0.0,0.0,10000.0,104866.1,0.0
2025-01-25 00:00:00,10000.0,0.0,0.0,10000.0,105216.1,0.0
2025-01-25 04:00:00,10000.0,0.0,0.0,10000.0,104399.9,0.0
2025-01-25 08:00:00,10000.0,0.0,0.0,10000.0,104672.2,0.0
2025-01-25 12:00:00,10000.0,0.0,0.0,10000.0,104897.2,0.0
2025-01-25 16:00:00,10000.0,0.0,0.0,10000.0,105042.7,0.0
2025-01-25 20:00:00,10000.0,0.0,0.0,10000.0,104740.3,0.0
2025-01-26 00:00:00,10000.0,0.0,0.0,10000.0,105059.9,0.0
2025-01-26 04:00:00,10000.0,0.0,0.0,10000.0,104993.7,0.0
2025-01-26 08:00:00,10000.0,0.0,0.0,10000.0,104820.0,0.0
2025-01-26 12:00:00,10000.0,0.0,0.0,10000.0,104972.6,0.0
2025-01-26 16:00:00,10000.0,0.0,0.0,10000.0,105081.6,0.0
2025-01-26 20:00:00,10000.0,0.0,0.0,10000.0,102604.5,0.0
2025-01-27 00:00:00,10000.0,0.0,0.0,10000.0,101388.9,0.0
2025-01-27 04:00:00,10000.0,0.0,0.0,10000.0,99036.4,0.0
2025-01-27 08:00:00,10000.0,0.0,0.0,10000.0,98753.0,0.0
2025-01-27 12:00:00,10000.0,0.0,0.0,10000.0,101101.3,0.0
2025-01-27 16:00:00,10000.0,0.0,0.0,10000.0,99699.9,0.0
2025-01-27 20:00:00,10000.0,0.0,0.0,10000.0,102076.1,0.0
2025-01-28 00:00:00,10000.0,0.0,0.0,10000.0,102627.5,0.0
2025-01-28 04:00:00,10000.0,0.0,0.0,10000.0,102794.9,0.0
2025-01-28 08:00:00,10000.0,0.0,0.0,10000.0,102761.6,0.0
2025-01-28 12:00:00,10000.0,0.0,0.0,10000.0,102776.8,0.0
2025-01-28 16:00:00,10000.0,0.0,0.0,10000.0,102428.4,0.0
2025-01-28 20:00:00,10000.0,0.0,0.0,10000.0,101349.3,0.0
2025-01-29 00:00:00,10000.0,0.0,0.0,10000.0,102043.2,0.0
2025-01-29 04:00:00,10000.0,0.0,0.0,10000.0,102749.9,0.0
2025-01-29 08:00:00,10000.0,0.0,0.0,10000.0,102629.9,0.0
2025-01-29 12:00:00,10000.0,0.0,0.0,10000.0,101975.5,0.0
2025-01-29 16:00:00,10000.0,0.0,0.0,10000.0,103593.6,0.0
2025-01-29 20:00:00,10000.0,0.0,0.0,10000.0,103733.3,0.0
2025-01-30 00:00:00,10000.0,0.0,0.0,10000.0,105200.6,0.0
2025-01-30 04:00:00,10000.0,0.0,0.0,10000.0,105142.7,0.0
2025-01-30 08:00:00,10000.0,0.0,0.0,10000.0,105302.3,0.0
2025-01-30 12:00:00,10000.0,0.0,0.0,10000.0,105564.0,0.0
2025-01-30 16:00:00,10000.0,0.0,0.0,10000.0,105706.1,0.0
2025-01-30 20:00:00,10000.0,0.0,0.0,10000.0,104727.2,0.0
2025-01-31 00:00:00,10000.0,0.0,0.0,10000.0,104322.1,0.0
2025-01-31 04:00:00,10000.0,0.0,0.0,10000.0,104194.6,0.0
2025-01-31 08:00:00,10000.0,0.0,0.0,10000.0,104729.2,0.0
2025-01-31 12:00:00,10000.0,0.0,0.0,10000.0,105438.0,0.0
2025-01-31 16:00:00,10000.0,0.0,0.0,10000.0,102294.3,0.0
2025-01-31 20:00:00,10000.0,0.0,0.0,10000.0,102439.9,0.0
2025-02-01 00:00:00,10000.0,0.0,0.0,10000.0,102240.9,0.0
2025-02-01 04:00:00,10000.0,0.0,0.0,10000.0,102172.4,0.0
2025-02-01 08:00:00,10000.0,0.0,0.0,10000.0,102030.0,0.0
2025-02-01 12:00:00,10000.0,0.0,0.0,10000.0,102074.3,0.0
2025-02-01 16:00:00,10000.0,0.0,0.0,10000.0,101673.6,0.0
2025-02-01 20:00:00,10000.0,0.0,0.0,10000.0,100633.2,0.0
2025-02-02 00:00:00,10000.0,0.0,0.0,10000.0,99197.3,0.0
2025-02-02 04:00:00,10000.0,0.0,0.0,10000.0,99640.0,0.0
2025-02-02 08:00:00,10000.0,0.0,0.0,10000.0,98873.5,0.0
2025-02-02 12:00:00,10000.0,0.0,0.0,10000.0,99348.2,0.0
2025-02-02 16:00:00,10000.0,0.0,0.0,10000.0,98258.1,0.0
2025-02-02 20:00:00,10000.0,0.0,0.0,10000.0,97698.9,0.0
2025-02-03 00:00:00,10000.0,0.0,0.0,10000.0,94045.1,0.0
2025-02-03 04:00:00,10000.0,0.0,0.0,10000.0,95314.0,0.0
2025-02-03 08:00:00,10000.0,0.0,0.0,10000.0,95113.0,0.0
2025-02-03 12:00:00,10000.0,0.0,0.0,10000.0,98831.9,0.0
2025-02-03 16:00:00,10000.0,0.0,0.0,10000.0,101887.9,0.0
2025-02-03 20:00:00,10000.0,0.0,0.0,10000.0,101337.5,0.0
2025-02-04 00:00:00,10000.0,0.0,0.0,10000.0,100629.3,0.0
2025-02-04 04:00:00,10000.0,0.0,0.0,10000.0,98450.0,0.0
2025-02-04 08:00:00,10000.0,0.0,0.0,10000.0,98974.5,0.0
2025-02-04 12:00:00,10000.0,0.0,0.0,10000.0,99355.3,0.0
2025-02-04 16:00:00,10000.0,0.0,0.0,10000.0,98864.0,0.0
2025-02-04 20:00:00,10000.0,0.0,0.0,10000.0,97767.9,0.0
2025-02-05 00:00:00,10000.0,0.0,0.0,10000.0,98052.1,0.0
2025-02-05 04:00:00,10000.0,0.0,0.0,10000.0,97875.9,0.0
2025-02-05 08:00:00,10000.0,0.0,0.0,10000.0,98208.8,0.0
2025-02-05 12:00:00,10000.0,0.0,0.0,10000.0,98114.6,0.0
2025-02-05 16:00:00,10000.0,0.0,0.0,10000.0,97377.2,0.0
2025-02-05 20:00:00,10000.0,0.0,0.0,10000.0,96616.1,0.0
2025-02-06 00:00:00,10000.0,0.0,0.0,10000.0,97348.0,0.0
2025-02-06 04:00:00,10000.0,0.0,0.0,10000.0,98205.0,0.0
2025-02-06 08:00:00,10000.0,0.0,0.0,10000.0,98873.9,0.0
2025-02-06 12:00:00,10000.0,0.0,0.0,10000.0,97338.6,0.0
2025-02-06 16:00:00,10000.0,0.0,0.0,10000.0,95984.7,0.0
2025-02-06 20:00:00,10000.0,0.0,0.0,10000.0,96554.7,0.0
2025-02-07 00:00:00,10000.0,0.0,0.0,10000.0,97465.7,0.0
2025-02-07 04:00:00,10000.0,0.0,0.0,10000.0,96754.5,0.0
2025-02-07 08:00:00,10000.0,0.0,0.0,10000.0,97749.0,0.0
2025-02-07 12:00:00,10000.0,0.0,0.0,10000.0,98302.1,0.0
2025-02-07 16:00:00,10000.0,0.0,0.0,10000.0,96900.4,0.0
2025-02-07 20:00:00,10000.0,0.0,0.0,10000.0,96504.1,0.0
2025-02-08 00:00:00,10000.0,0.0,0.0,10000.0,96698.1,0.0
2025-02-08 04:00:00,10000.0,0.0,0.0,10000.0,96207.1,0.0
2025-02-08 08:00:00,10000.0,0.0,0.0,10000.0,96127.3,0.0
2025-02-08 12:00:00,10000.0,0.0,0.0,10000.0,95855.6,0.0
2025-02-08 16:00:00,10000.0,0.0,0.0,10000.0,96585.5,0.0
2025-02-08 20:00:00,10000.0,0.0,0.0,10000.0,96458.1,0.0
2025-02-09 00:00:00,10000.0,0.0,0.0,10000.0,97318.6,0.0
2025-02-09 04:00:00,10000.0,0.0,0.0,10000.0,97065.8,0.0
2025-02-09 08:00:00,10000.0,0.0,0.0,10000.0,96558.0,0.0
2025-02-09 12:00:00,10000.0,0.0,0.0,10000.0,96488.7,0.0
2025-02-09 16:00:00,10000.0,0.0,0.0,10000.0,96071.6,0.0
2025-02-09 20:00:00,10000.0,0.0,0.0,10000.0,96475.9,0.0
2025-02-10 00:00:00,10000.0,0.0,0.0,10000.0,96805.8,0.0
2025-02-10 04:00:00,10000.0,0.0,0.0,10000.0,97436.5,0.0
2025-02-10 08:00:00,10000.0,0.0,0.0,10000.0,97659.9,0.0
2025-02-10 12:00:00,10000.0,0.0,0.0,10000.0,97224.0,0.0
2025-02-10 16:00:00,10000.0,0.0,0.0,10000.0,97386.1,0.0
2025-02-10 20:00:00,10000.0,0.0,0.0,10000.0,97431.7,0.0
2025-02-11 00:00:00,10000.0,0.0,0.0,10000.0,97621.6,0.0
2025-02-11 04:00:00,10000.0,0.0,0.0,10000.0,98274.0,0.0
2025-02-11 08:00:00,10000.0,0.0,0.0,10000.0,98145.9,0.0
2025-02-11 12:00:00,10000.0,0.0,0.0,10000.0,97020.2,0.0
2025-02-11 16:00:00,10000.0,0.0,0.0,10000.0,95034.7,0.0
2025-02-11 20:00:00,10000.0,0.0,0.0,10000.0,95779.9,0.0
2025-02-12 00:00:00,10000.0,0.0,0.0,10000.0,95308.0,0.0
2025-02-12 04:00:00,10000.0,0.0,0.0,10000.0,96069.1,0.0
2025-02-12 08:00:00,10000.0,0.0,0.0,10000.0,96099.8,0.0
2025-02-12 12:00:00,10000.0,0.0,0.0,10000.0,95805.1,0.0
2025-02-12 16:00:00,10000.0,0.0,0.0,10000.0,97200.3,0.0
2025-02-12 20:00:00,10000.0,0.0,0.0,10000.0,97870.1,0.0
2025-02-13 00:00:00,10000.0,0.0,0.0,10000.0,97503.9,0.0
2025-02-13 04:00:00,10000.0,0.0,0.0,10000.0,96075.0,0.0
2025-02-13 08:00:00,10000.0,0.0,0.0,10000.0,95930.0,0.0
2025-02-13 12:00:00,10000.0,0.0,0.0,10000.0,95999.9,0.0
2025-02-13 16:00:00,10000.0,0.0,0.0,10000.0,95628.6,0.0
2025-02-13 20:00:00,10000.0,0.0,0.0,10000.0,96617.0,0.0
2025-02-14 00:00:00,10000.0,0.0,0.0,10000.0,97147.3,0.0
2025-02-14 04:00:00,10000.0,0.0,0.0,10000.0,96940.9,0.0
2025-02-14 08:00:00,10000.0,0.0,0.0,10000.0,96888.2,0.0
2025-02-14 12:00:00,10000.0,0.0,0.0,10000.0,96936.1,0.0
2025-02-14 16:00:00,10000.0,0.0,0.0,10000.0,97946.0,0.0
2025-02-14 20:00:00,10000.0,0.0,0.0,10000.0,97504.0,0.0
2025-02-15 00:00:00,10000.0,0.0,0.0,10000.0,97664.3,0.0
2025-02-15 04:00:00,10000.0,0.0,0.0,10000.0,97350.0,0.0
2025-02-15 08:00:00,10000.0,0.0,0.0,10000.0,97622.0,0.0
2025-02-15 12:00:00,10000.0,0.0,0.0,10000.0,97639.0,0.0
2025-02-15 16:00:00,10000.0,0.0,0.0,10000.0,97536.1,0.0
2025-02-15 20:00:00,10000.0,0.0,0.0,10000.0,97587.3,0.0
2025-02-16 00:00:00,10000.0,0.0,0.0,10000.0,97554.0,0.0
2025-02-16 04:00:00,10000.0,0.0,0.0,10000.0,97258.2,0.0
2025-02-16 08:00:00,10000.0,0.0,0.0,10000.0,97350.2,0.0
2025-02-16 12:00:00,10000.0,0.0,0.0,10000.0,96913.6,0.0
2025-02-16 16:00:00,10000.0,0.0,0.0,10000.0,97064.8,0.0
2025-02-16 20:00:00,10000.0,0.0,0.0,10000.0,96105.6,0.0
2025-02-17 00:00:00,10000.0,0.0,0.0,10000.0,96211.7,0.0
2025-02-17 04:00:00,10000.0,0.0,0.0,10000.0,96056.3,0.0
2025-02-17 08:00:00,10000.0,0.0,0.0,10000.0,96073.4,0.0
2025-02-17 12:00:00,10000.0,0.0,0.0,10000.0,95656.1,0.0
2025-02-17 16:00:00,10000.0,0.0,0.0,10000.0,95541.2,0.0
2025-02-17 20:00:00,10000.0,0.0,0.0,10000.0,95778.3,0.0
2025-02-18 00:00:00,10000.0,0.0,0.0,10000.0,96198.0,0.0
2025-02-18 04:00:00,10000.0,0.0,0.0,10000.0,95459.8,0.0
2025-02-18 08:00:00,10000.0,0.0,0.0,10000.0,95627.5,0.0
2025-02-18 12:00:00,10000.0,0.0,0.0,10000.0,95542.0,0.0
2025-02-18 16:00:00,10000.0,0.0,0.0,10000.0,94101.8,0.0
2025-02-18 20:00:00,10000.0,0.0,0.0,10000.0,95656.6,0.0
2025-02-19 00:00:00,10000.0,0.0,0.0,10000.0,95719.8,0.0
2025-02-19 04:00:00,10000.0,0.0,0.0,10000.0,95684.8,0.0
2025-02-19 08:00:00,10000.0,0.0,0.0,10000.0,96437.2,0.0
2025-02-19 12:00:00,10000.0,0.0,0.0,10000.0,95940.2,0.0
2025-02-19 16:00:00,10000.0,0.0,0.0,10000.0,96206.3,0.0
2025-02-19 20:00:00,10000.0,0.0,0.0,10000.0,96644.3,0.0
2025-02-20 00:00:00,10000.0,0.0,0.0,10000.0,97067.2,0.0
2025-02-20 04:00:00,10000.0,0.0,0.0,10000.0,96862.7,0.0
2025-02-20 08:00:00,10000.0,0.0,0.0,10000.0,97203.4,0.0
2025-02-20 12:00:00,10000.0,0.0,0.0,10000.0,96907.3,0.0
2025-02-20 16:00:00,10000.0,0.0,0.0,10000.0,98422.9,0.0
2025-02-20 20:00:00,10000.0,0.0,0.0,10000.0,98307.9,0.0
2025-02-21 00:00:00,10000.0,0.0,0.0,10000.0,98163.9,0.0
2025-02-21 04:00:00,10000.0,0.0,0.0,10000.0,98173.9,0.0
2025-02-21 08:00:00,10000.0,0.0,0.0,10000.0,98623.8,0.0
2025-02-21 12:00:00,10000.0,0.0,0.0,10000.0,98110.0,0.0
2025-02-21 16:00:00,10000.0,0.0,0.0,10000.0,95272.4,0.0
2025-02-21 20:00:00,10000.0,0.0,0.0,10000.0,96172.9,0.0
2025-02-22 00:00:00,10000.0,0.0,0.0,10000.0,96282.1,0.0
2025-02-22 04:00:00,10000.0,0.0,0.0,10000.0,96287.3,0.0
2025-02-22 08:00:00,10000.0,0.0,0.0,10000.0,96569.8,0.0
2025-02-22 12:00:00,10000.0,0.0,0.0,10000.0,96581.4,0.0
2025-02-22 16:00:00,10000.0,0.0,0.0,10000.0,96643.9,0.0
2025-02-22 20:00:00,10000.0,0.0,0.0,10000.0,96552.1,0.0
2025-02-23 00:00:00,10000.0,0.0,0.0,10000.0,96418.1,0.0
2025-02-23 04:00:00,10000.0,0.0,0.0,10000.0,96509.1,0.0
2025-02-23 08:00:00,10000.0,0.0,0.0,10000.0,96113.0,0.0
2025-02-23 12:00:00,10000.0,0.0,0.0,10000.0,95451.7,0.0
2025-02-23 16:00:00,10000.0,0.0,0.0,10000.0,95763.9,0.0
2025-02-23 20:00:00,10000.0,0.0,0.0,10000.0,96264.7,0.0
2025-02-24 00:00:00,10000.0,0.0,0.0,10000.0,95428.0,0.0
2025-02-24 04:00:00,10000.0,0.0,0.0,10000.0,95868.4,0.0
2025-02-24 08:00:00,10000.0,0.0,0.0,10000.0,95823.1,0.0
2025-02-24 12:00:00,10000.0,0.0,0.0,10000.0,94338.1,0.0
2025-02-24 16:00:00,10000.0,0.0,0.0,10000.0,93940.1,0.0
2025-02-24 20:00:00,10000.0,0.0,0.0,10000.0,91534.5,0.0
2025-02-25 00:00:00,10000.0,0.0,0.0,10000.0,92162.9,0.0
2025-02-25 04:00:00,10000.0,0.0,0.0,10000.0,89310.6,0.0
2025-02-25 08:00:00,10000.0,0.0,0.0,10000.0,89252.3,0.0
2025-02-25 12:00:00,10000.0,0.0,0.0,10000.0,87241.6,0.0
2025-02-25 16:00:00,10000.0,0.0,0.0,10000.0,87928.4,0.0
2025-02-25 20:00:00,10000.0,0.0,0.0,10000.0,88680.7,0.0
2025-02-26 00:00:00,10000.0,0.0,0.0,10000.0,88895.6,0.0
2025-02-26 04:00:00,10000.0,0.0,0.0,10000.0,88718.1,0.0
2025-02-26 08:00:00,10000.0,0.0,0.0,10000.0,88611.9,0.0
2025-02-26 12:00:00,10000.0,0.0,0.0,10000.0,87559.9,0.0
2025-02-26 16:00:00,5676.881859695458,0.05155523868605759,4323.118140304542,10000.0,83854.1,0.0
2025-02-26 20:00:00,1434.1405037638979,0.10191179571517858,8586.476436186656,10020.616939950554,84254.0,0.0020616939950555135
2025-02-27 00:00:00,1434.1405037638979,0.10191179571517858,8684.311760073228,10118.452263837125,85214.0,0.009763403238828294
2025-02-27 04:00:00,1434.1405037638979,0.10191179571517858,8791.920425168884,10226.060928932782,86269.9,0.010634893785114174
2025-02-27 08:00:00,1434.1405037638979,0.10191179571517858,8834.733570548831,10268.87407431273,86690.0,0.004186670280715399
2025-02-27 12:00:00,1434.1405037638979,0.10191179571517858,8713.417768929483,10147.55827269338,85499.6,-0.011813934102358536
2025-02-27 16:00:00,1434.1405037638979,0.10191179571517858,8573.258476282397,10007.398980046295,84124.3,-0.013812120007652307
2025-02-27 20:00:00,1434.1405037638979,0.10191179571517858,8633.70236232107,10067.842866084968,84717.4,0.00603991967934836
2025-02-28 00:00:00,1434.1405037638979,0.10191179571517858,8199.303333085121,9633.44383684902,80454.9,-0.0431471800875326
2025-02-28 04:00:00,1434.1405037638979,0.10191179571517858,8073.055000553159,9507.195504317056,79216.1,-0.013105212909328312
2025-02-28 08:00:00,1434.1405037638979,0.10191179571517858,8206.131423398037,9640.271927161935,80521.9,0.013997442545959027
2025-02-28 12:00:00,1434.1405037638979,0.10191179571517858,8560.305487046999,9994.445990810897,83997.2,0.03673901175453964
2025-02-28 16:00:00,1434.1405037638979,0.10191179571517858,8605.77853029511,10039.919034059008,84443.4,0.004549831305298957
2025-02-28 20:00:00,1434.1405037638979,0.10191179571517858,8595.179703540733,10029.32020730463,84339.4,-0.0010556685485633155
2025-03-01 00:00:00,1434.1405037638979,0.10191179571517858,8696.255822531046,10130.396326294944,85331.2,0.010078062809949717
2025-03-01 04:00:00,1434.1405037638979,0.10191179571517858,8635.608112900945,10069.748616664843,84736.1,-0.005986706509465978
2025-03-01 08:00:00,1434.1405037638979,0.10191179571517858,8623.888256393699,10058.028760157596,84621.1,-0.001163867833587351
2025-03-01 12:00:00,1434.1405037638979,0.10191179571517858,8641.101158689991,10075.24166245389,84790.0,0.001711359423078651
2025-03-01 16:00:00,1434.1405037638979,0.10191179571517858,8711.420297733464,10145.560801497362,85480.0,0.00697939974040751
2025-03-01 20:00:00,1434.1405037638979,0.10191179571517858,8770.131683244981,10204.272187008879,86056.1,0.0057869039139613054
2025-03-02 00:00:00,1434.1405037638979,0.10191179571517858,8750.06525066866,10184.205754432558,85859.2,-0.0019664736699073204
2025-03-02 04:00:00,1434.1405037638979,0.10191179571517858,8788.221026984424,10222.361530748321,86233.6,0.003746563770979927
2025-03-02 08:00:00,1434.1405037638979,0.10191179571517858,8773.82089024987,10207.961394013768,86092.3,-0.0014086898307439366
2025-03-02 12:00:00,1434.1405037638979,0.10191179571517858,8909.934284607061,10344.07478837096,87427.9,0.013334042822400471
2025-03-02 16:00:00,1434.1405037638979,0.10191179571517858,9531.198782466361,10965.339286230259,93524.0,0.0600599387156151
2025-03-02 20:00:00,1434.1405037638979,0.10191179571517858,9607.174026172028,11041.314529935926,94269.5,0.006928672403331282
2025-03-03 00:00:00,1434.1405037638979,0.10191179571517858,9448.650227937067,10882.790731700965,92714.0,-0.014357330171616889
2025-03-03 04:00:00,1434.1405037638979,0.10191179571517858,9412.970908257183,10847.11141202108,92363.9,-0.0032785082943801447
2025-03-03 08:00:00,1434.1405037638979,0.10191179571517858,9451.513949396664,10885.654453160561,92742.1,0.0035533000146716898
2025-03-03 12:00:00,1434.1405037638979,0.10191179571517858,9175.220880033243,10609.36138379714,90031.0,-0.025381392598145647
2025-03-03 16:00:00,1434.1405037638979,0.10191179571517858,8722.406389311562,10156.54689307546,85587.8,-0.042680654785992034
2025-03-03 20:00:00,1434.1405037638979,0.10191179571517858,8786.804453023982,10220.94495678788,86219.7,0.006340547076716163
2025-03-04 00:00:00,1434.1405037638979,0.10191179571517858,8558.562795340269,9992.703299104167,83980.1,-0.022330778479746627
2025-03-04 04:00:00,1434.1405037638979,0.10191179571517858,8478.215535598421,9912.35603936232,83191.7,-0.0080405929543661
2025-03-04 08:00:00,1434.1405037638979,0.10191179571517858,8554.465941152519,9988.606444916417,83939.9,0.007692460324397521
2025-03-04 12:00:00,1434.1405037638979,0.10191179571517858,8456.661190804662,9890.80169456856,82980.2,-0.009791631183710736
2025-03-04 16:00:00,1434.1405037638979,0.10191179571517858,8989.3541470079,10423.494650771798,88207.2,0.05385740940451389
2025-03-04 20:00:00,1434.1405037638979,0.10191179571517858,8894.647515249784,10328.788019013682,87277.9,-0.009085880976693717
2025-03-05 00:00:00,1434.1405037638979,0.10191179571517858,8851.233090275118,10285.373594039016,86851.9,-0.004203244842932885
2025-03-05 04:00:00,1434.1405037638979,0.10191179571517858,8929.266952254231,10363.407456018129,87617.6,0.007586876768806761
2025-03-05 08:00:00,1434.1405037638979,0.10191179571517858,9152.219387740328,10586.359891504226,89805.3,0.021513429480824575
2025-03-05 12:00:00,1434.1405037638979,0.10191179571517858,9003.102048249879,10437.242552013777,88342.1,-0.014085799181087655
2025-03-05 16:00:00,1434.1405037638979,0.10191179571517858,9146.12506235656,10580.265566120457,89745.5,0.013703141743993008
2025-03-05 20:00:00,1434.1405037638979,0.10191179571517858,9234.095324417902,10668.2358281818,90608.7,0.00831456086915594
2025-03-06 00:00:00,1434.1405037638979,0.10191179571517858,9336.506487932085,10770.646991695983,91613.6,0.009599634387875922
2025-03-06 04:00:00,1434.1405037638979,0.10191179571517858,9309.75464155685,10743.895145320748,91351.1,-0.0024837733885308966
2025-03-06 08:00:00,1434.1405037638979,0.10191179571517858,9310.671847718288,10744.812351482185,91360.1,8.536998444519384e-05
2025-03-06 12:00:00,1434.1405037638979,0.10191179571517858,9255.884066341807,10690.024570105705,90822.5,-0.005098998436107949
2025-03-06 16:00:00,1434.1405037638979,0.10191179571517858,9022.006686355044,10456.147190118942,88527.6,-0.021878095644493945
2025-03-06 20:00:00,1434.1405037638979,0.10191179571517858,9164.92778866601,10599.068292429907,89930.0,0.013668619971802354
2025-03-07 00:00:00,1434.1405037638979,0.10191179571517858,8865.113476851526,10299.253980615424,86988.1,-0.02828685536714748
2025-03-07 04:00:00,1434.1405037638979,0.10191179571517858,9005.140284164181,10439.280787928079,88362.1,0.013595820394001867
2025-03-07 08:00:00,1434.1405037638979,0.10191179571517858,9067.948523863446,10502.089027627344,88978.4,0.006016529392704584
2025-03-07 12:00:00,1434.1405037638979,0.10191179571517858,9014.291963419404,10448.432467183302,88451.9,-0.005109132126274174
2025-03-07 16:00:00,1434.1405037638979,0.10191179571517858,8950.107914477985,10384.248418241883,87822.1,-0.006142935712415198
2025-03-07 20:00:00,1434.1405037638979,0.10191179571517858,8845.648323869927,10279.788827633825,86797.1,-0.010059427163217172
2025-03-08 00:00:00,1434.1405037638979,0.10191179571517858,8755.864031844856,10190.004535608754,85916.1,-0.008734059962760665
2025-03-08 04:00:00,1434.1405037638979,0.10191179571517858,8784.001878641815,10218.142382405713,86192.2,0.0027613183780863526
2025-03-08 08:00:00,1434.1405037638979,0.10191179571517858,8760.521400909038,10194.661904672936,85961.8,-0.0022979203904232026
2025-03-08 12:00:00,1434.1405037638979,0.10191179571517858,8804.985517379571,10239.12602114347,86398.1,0.00436150966910942
2025-03-08 16:00:00,1434.1405037638979,0.10191179571517858,8787.833762160706,10221.974265924604,86229.8,-0.0016751190661632442
2025-03-08 20:00:00,1434.1405037638979,0.10191179571517858,8787.640129748846,10221.780633512744,86227.9,-1.8942760647067125e-05
2025-03-09 00:00:00,1434.1405037638979,0.10191179571517858,8776.195435090034,10210.335938853932,86115.6,-0.00111963806201143
2025-03-09 04:00:00,1434.1405037638979,0.10191179571517858,8765.138005254936,10199.278509018834,86007.1,-0.001082964351155291
2025-03-09 08:00:00,1434.1405037638979,0.10191179571517858,8664.73450411634,10098.875007880239,85021.9,-0.009844176825822726
2025-03-09 12:00:00,1434.1405037638979,0.10191179571517858,8465.823061239456,9899.963565003354,83070.1,-0.019696396155182816
2025-03-09 16:00:00,1434.1405037638979,0.10191179571517858,8421.073591740922,9855.21409550482,82631.0,-0.004520165069771043
2025-03-09 20:00:00,1434.1405037638979,0.10191179571517858,8228.69469496938,9662.835198733277,80743.3,-0.019520519281188475
2025-03-10 00:00:00,1434.1405037638979,0.10191179571517858,8361.699779557257,9795.840283321155,82048.4,0.013764602402130732
2025-03-10 04:00:00,1434.1405037638979,0.10191179571517858,8389.480935069216,9823.621438833114,82321.0,0.0028360155646127705
2025-03-10 08:00:00,1434.1405037638979,0.10191179571517858,8518.878342088778,9953.018845852675,83590.7,0.013172067737468929
2025-03-10 12:00:00,1434.1405037638979,0.10191179571517858,8156.969173145036,9591.109676908934,80039.5,-0.036361748585912235
2025-03-10 16:00:00,1434.1405037638979,0.10191179571517858,8057.533834065736,9491.674337829634,79063.8,-0.010367448859300965
2025-03-10 20:00:00,1434.1405037638979,0.10191179571517858,8009.839113671033,9443.979617434932,78595.8,-0.005024900633665008
2025-03-11 00:00:00,1434.1405037638979,0.10191179571517858,8104.443833633433,9538.584337397331,79524.1,0.010017463378229285
2025-03-11 04:00:00,1434.1405037638979,0.10191179571517858,8196.572096959955,9630.712600723853,80428.1,0.009658483907860393
2025-03-11 08:00:00,1434.1405037638979,0.10191179571517858,8328.07907815082,9762.219581914718,81718.5,0.013654958531415629
2025-03-11 12:00:00,1434.1405037638979,0.10191179571517858,8278.2442100461,9712.384713809997,81229.5,-0.005104870637927861
2025-03-11 16:00:00,1434.1405037638979,0.10191179571517858,8469.186150498057,9903.326654261955,83103.1,0.019659635205806714
2025-03-11 20:00:00,1434.1405037638979,0.10191179571517858,8452.8904543632,9887.030958127098,82943.2,-0.0016454769900823285
2025-03-12 00:00:00,1434.1405037638979,0.10191179571517858,8370.37247337262,9804.512977136517,82133.5,-0.008346082999037274
2025-03-12 04:00:00,1434.1405037638979,0.10191179571517858,8400.98677680546,9835.127280569357,82433.9,0.0031224705912706874
2025-03-12 08:00:00,1434.1405037638979,0.10191179571517858,8459.280323954541,9893.420827718439,83005.9,0.005927076029229372
2025-03-12 12:00:00,1434.1405037638979,0.10191179571517858,8329.587372727407,9763.727876491304,81733.3,-0.013109009864795573
2025-03-12 16:00:00,1434.1405037638979,0.10191179571517858,8450.06749762189,9884.208001385789,82915.5,0.01233956193971486
2025-03-12 20:00:00,1434.1405037638979,0.10191179571517858,8529.191815815153,9963.33231957905,83691.9,0.0080051247588242
2025-03-13 00:00:00,1434.1405037638979,0.10191179571517858,8517.431194589622,9951.57169835352,83576.5,-0.0011803903401294003
2025-03-13 04:00:00,1434.1405037638979,0.10191179571517858,8474.964549315107,9909.105053079005,83159.8,-0.004267330484243104
2025-03-13 08:00:00,1434.1405037638979,0.10191179571517858,8455.621690488368,9889.762194252266,82970.0,-0.0019520288384398121
2025-03-13 12:00:00,1434.1405037638979,0.10191179571517858,8259.32938076136,9693.469884525259,81043.9,-0.019848031314755765
2025-03-13 16:00:00,1434.1405037638979,0.10191179571517858,8174.487810828475,9608.628314592373,80211.4,-0.00875244581595358
2025-03-13 20:00:00,1434.1405037638979,0.10191179571517858,8267.033912517429,9701.174416281327,81119.5,0.009631562243739289
2025-03-14 00:00:00,1434.1405037638979,0.10191179571517858,8346.443583738695,9780.584087502593,81898.7,0.008185572984647616
2025-03-14 04:00:00,1434.1405037638979,0.10191179571517858,8374.968695359375,9809.109199123273,82178.6,0.002916503898486855
2025-03-14 08:00:00,1434.1405037638979,0.10191179571517858,8484.972287654338,9919.112791418236,83258.0,0.011214432428257037
2025-03-14 12:00:00,1434.1405037638979,0.10191179571517858,8635.394098129942,10069.53460189384,84734.0,0.015164845247625847
2025-03-14 16:00:00,1434.1405037638979,0.10191179571517858,8617.141695517354,10051.282199281251,84554.9,-0.0018126361678280078
2025-03-14 20:00:00,1434.1405037638979,0.10191179571517858,8559.439236783419,9993.579740547317,83988.7,-0.005740805758897238
2025-03-15 00:00:00,1434.1405037638979,0.10191179571517858,8610.007869817291,10044.148373581189,84484.9,0.005060112026594288
2025-03-15 04:00:00,1434.1405037638979,0.10191179571517858,8543.347364239993,9977.487868003891,83830.8,-0.006636750384197088
2025-03-15 08:00:00,1434.1405037638979,0.10191179571517858,8570.700490209947,10004.840993973845,84099.2,0.0027414842625537172
2025-03-15 12:00:00,1434.1405037638979,0.10191179571517858,8594.639571023443,10028.78007478734,84334.1,0.0023927497526361474
2025-03-15 16:00:00,1434.1405037638979,0.10191179571517858,8590.665010990551,10024.80551475445,84295.1,-0.00039631540459084125
2025-03-15 20:00:00,1434.1405037638979,0.10191179571517858,8595.444674209592,10029.58517797349,84342.0,0.00047678363555347936
2025-03-16 00:00:00,1434.1405037638979,0.10191179571517858,8594.843394614873,10028.98389837877,84336.1,-5.995059457086782e-05
2025-03-16 04:00:00,1434.1405037638979,0.10191179571517858,8588.71849569239,10022.858999456288,84276.0,-0.0006107197882202486
2025-03-16 08:00:00,1434.1405037638979,0.10191179571517858,8398.021143550148,9832.161647314046,82404.8,-0.019026243126096798
2025-03-16 12:00:00,1434.1405037638979,0.10191179571517858,8490.944318883248,9925.084822647146,83316.6,0.00945094056285023
2025-03-16 16:00:00,1434.1405037638979,0.10191179571517858,8468.615444442052,9902.75594820595,83097.5,-0.0022497414218815015
2025-03-16 20:00:00,1434.1405037638979,0.10191179571517858,8415.682457747589,9849.822961511487,82578.1,-0.005345278321642555
2025-03-17 00:00:00,1434.1405037638979,0.10191179571517858,8527.571418263284,9961.711922027182,83676.0,0.01135948950076604
2025-03-17 04:00:00,1434.1405037638979,0.10191179571517858,8515.586591087178,9949.727094851076,83558.4,-0.0012030891145933253
2025-03-17 08:00:00,1434.1405037638979,0.10191179571517858,8510.847692586422,9944.98819635032,83511.9,-0.00047628426946588753
2025-03-17 12:00:00,1434.1405037638979,0.10191179571517858,8513.51778163416,9947.658285398058,83538.1,0.00026848589410266577
2025-03-17 16:00:00,1434.1405037638979,0.10191179571517858,8609.477928479571,10043.61843224347,84479.7,0.009646506151731016
2025-03-17 20:00:00,1434.1405037638979,0.10191179571517858,8561.803590444011,9995.944094207909,84011.9,-0.004746729314457965
2025-03-18 00:00:00,1434.1405037638979,0.10191179571517858,8473.03841637609,9907.178920139988,83140.9,-0.008880119099441086
2025-03-18 04:00:00,1434.1405037638979,0.10191179571517858,8475.229519983966,9909.370023747864,83162.4,0.00022116322169396518
2025-03-18 08:00:00,1434.1405037638979,0.10191179571517858,8415.96781077559,9850.108314539488,82580.9,-0.00598037100909099
2025-03-18 12:00:00,1434.1405037638979,0.10191179571517858,8316.012721538145,9750.153225302043,81600.1,-0.010147613208466244
2025-03-18 16:00:00,1434.1405037638979,0.10191179571517858,8389.032523168069,9823.173026931967,82316.6,0.007489092729377145
2025-03-18 20:00:00,1434.1405037638979,0.10191179571517858,8429.094050063706,9863.234553827604,82709.7,0.004078267458569762
2025-03-19 00:00:00,1434.1405037638979,0.10191179571517858,8462.14404541414,9896.284549178037,83034.0,0.003350827273757462
2025-03-19 04:00:00,1434.1405037638979,0.10191179571517858,8479.051212323286,9913.191716087184,83199.9,0.001708435809937514
2025-03-19 08:00:00,1434.1405037638979,0.10191179571517858,8548.555057001038,9982.695560764936,83881.9,0.0070112479076704926
2025-03-19 12:00:00,1434.1405037638979,0.10191179571517858,8635.791554133231,10069.93205789713,84737.9,0.008738771667550438
2025-03-19 16:00:00,1434.1405037638979,0.10191179571517858,8706.711972771423,10140.852476535321,85433.8,0.007042790182737457
2025-03-19 20:00:00,1434.1405037638979,0.10191179571517858,8850.122251701823,10284.262755465721,86841.0,0.014141836621944126
2025-03-20 00:00:00,1434.1405037638979,0.10191179571517858,8753.193942797116,10187.334446561013,85889.9,-0.009424915641443876
2025-03-20 04:00:00,1434.1405037638979,0.10191179571517858,8745.244822731333,10179.38532649523,85811.9,-0.0007802944045355309
2025-03-20 08:00:00,1434.1405037638979,0.10191179571517858,8713.72350431663,10147.864008080527,85502.6,-0.0030965836741300157
2025-03-20 12:00:00,1434.1405037638979,0.10191179571517858,8631.174949787333,10065.315453551231,84692.6,-0.008134574375806003
2025-03-20 16:00:00,1434.1405037638979,0.10191179571517858,8576.96806564643,10011.108569410328,84160.7,-0.005385512693671046
2025-03-20 20:00:00,1434.1405037638979,0.10191179571517858,8583.61271472706,10017.753218490958,84225.9,0.0006637276016496774
2025-03-21 00:00:00,1434.1405037638979,0.10191179571517858,8605.788721474682,10039.92922523858,84443.5,0.002213670696807446
2025-03-21 04:00:00,1434.1405037638979,0.10191179571517858,8554.944926592381,9989.08543035628,83944.6,-0.005064158694912835
2025-03-21 08:00:00,1434.1405037638979,0.10191179571517858,8566.063503504905,10000.204007268803,84053.7,0.0011130725620520643
2025-03-21 12:00:00,1434.1405037638979,0.10191179571517858,8517.390429871337,9951.530933635235,83576.1,-0.004867208068774387
2025-03-21 16:00:00,1434.1405037638979,0.10191179571517858,8556.728383017396,9990.868886781294,83962.1,0.003952954918031937
2025-03-21 20:00:00,1434.1405037638979,0.10191179571517858,8569.406210404364,10003.546714168262,84086.5,0.0012689414234774432
2025-03-22 00:00:00,1434.1405037638979,0.10191179571517858,8585.854774232794,10019.995277996692,84247.9,0.0016442732061352494
2025-03-22 04:00:00,1434.1405037638979,0.10191179571517858,8588.504480921387,10022.644984685285,84273.9,0.0002644419099091522
2025-03-22 08:00:00,1434.1405037638979,0.10191179571517858,8584.937568071357,10019.078071835254,84238.9,-0.0003558853830980535
2025-03-22 12:00:00,1434.1405037638979,0.10191179571517858,8572.60624078982,10006.746744553719,84117.9,-0.001230784628398096
2025-03-22 16:00:00,1434.1405037638979,0.10191179571517858,8578.435595504729,10012.576099268626,84175.1,0.0005825424449839023
2025-03-22 20:00:00,1434.1405037638979,0.10191179571517858,8545.304070717724,9979.444574481622,83850.0,-0.003308991058697086
2025-03-23 00:00:00,1434.1405037638979,0.10191179571517858,8584.407626733639,10018.548130497536,84233.7,0.003918410060205657
2025-03-23 04:00:00,1434.1405037638979,0.10191179571517858,8588.504480921387,10022.644984685285,84273.9,0.00040892693575789174
2025-03-23 08:00:00,1434.1405037638979,0.10191179571517858,8631.725273484195,10065.865777248093,84698.0,0.004312314027769215
2025-03-23 12:00:00,1434.1405037638979,0.10191179571517858,8682.273524158923,10116.414027922821,85194.0,0.005021748927845016
2025-03-23 16:00:00,1434.1405037638979,0.10191179571517858,8664.979092426058,10099.119596189956,85024.3,-0.0017095417096543164
2025-03-23 20:00:00,1434.1405037638979,0.10191179571517858,8772.903684088433,10207.04418785233,86083.3,0.010686534666159542
2025-03-24 00:00:00,1434.1405037638979,0.10191179571517858,8818.560168568833,10252.70067233273,86531.3,0.004473036820467291
2025-03-24 04:00:00,1434.1405037638979,0.10191179571517858,8852.608899517272,10286.74940328117,86865.4,0.0033209524043085192
2025-03-24 08:00:00,1434.1405037638979,0.10191179571517858,8935.881027796146,10370.021531560044,87682.5,0.008095086699819065
2025-03-24 12:00:00,1434.1405037638979,0.10191179571517858,9001.868915521723,10436.009419285621,88330.0,0.00636333179490034
2025-03-24 16:00:00,1434.1405037638979,0.10191179571517858,8990.322309067195,10424.462812831092,88216.7,-0.0011064197041822377
2025-03-24 20:00:00,1434.1405037638979,0.10191179571517858,8916.945816152265,10351.086319916163,87496.7,-0.007038875214232854
2025-03-25 00:00:00,1434.1405037638979,0.10191179571517858,8816.786903323387,10250.927407087285,86513.9,-0.009676174049110697
2025-03-25 04:00:00,1434.1405037638979,0.10191179571517858,8810.88621035148,10245.026714115378,86456.0,-0.0005756252812626483
2025-03-25 08:00:00,1434.1405037638979,0.10191179571517858,8904.655253589015,10338.795757352913,87376.1,0.009152640188662575
2025-03-25 12:00:00,1434.1405037638979,0.10191179571517858,8944.604677509366,10378.745181273263,87768.1,0.003864030672231733
2025-03-25 16:00:00,1434.1405037638979,0.10191179571517858,8979.89673236553,10414.037236129428,88114.4,0.0034004163547480815
2025-03-25 20:00:00,1434.1405037638979,0.10191179571517858,8908.578857724051,10342.719361487949,87414.6,-0.006848244636004974
2025-03-26 00:00:00,1434.1405037638979,0.10191179571517858,8882.53020273925,10316.670706503148,87159.0,-0.002518549916552426
2025-03-26 04:00:00,1434.1405037638979,0.10191179571517858,8982.50567433584,10416.646178099738,88140.0,0.009690671965866926
2025-03-26 08:00:00,1434.1405037638979,0.10191179571517858,8963.83543336082,10397.975937124718,87956.8,-0.0017923466589728765
2025-03-26 12:00:00,1434.1405037638979,0.10191179571517858,8839.910689771163,10274.05119353506,86740.8,-0.01191816025917114
2025-03-26 16:00:00,1434.1405037638979,0.10191179571517858,8820.669742740136,10254.810246504034,86552.0,-0.0018727711852490891
2025-03-26 20:00:00,1434.1405037638979,0.10191179571517858,8858.805136696756,10292.945640460654,86926.2,0.0037187810442051994
2025-03-27 00:00:00,1434.1405037638979,0.10191179571517858,8934.974012814282,10369.11451657818,87673.6,0.007400104768659599
2025-03-27 04:00:00,1434.1405037638979,0.10191179571517858,8907.406872073325,10341.547375837223,87403.1,-0.002658581954793071
2025-03-27 08:00:00,1434.1405037638979,0.10191179571517858,8860.221710657199,10294.362214421097,86940.1,-0.004562679036444139
2025-03-27 12:00:00,1434.1405037638979,0.10191179571517858,8863.360593965224,10297.501097729122,86970.9,0.00030491284866851487
2025-03-27 16:00:00,1434.1405037638979,0.10191179571517858,8872.716096811879,10306.856600575777,87062.7,0.0009085216653890171
2025-03-27 20:00:00,1434.1405037638979,0.10191179571517858,8889.562116643598,10323.702620407495,87228.0,0.0016344478714080957
2025-03-28 00:00:00,1434.1405037638979,0.10191179571517858,8845.312014944067,10279.452518707965,86793.8,-0.004286262722451806
2025-03-28 04:00:00,1434.1405037638979,0.10191179571517858,8683.088818524646,10117.229322288544,85202.0,-0.015781307041808468
2025-03-28 08:00:00,1434.1405037638979,0.10191179571517858,8687.970393539403,10122.1108973033,85249.9,0.00048250117292525374
2025-03-28 12:00:00,1434.1405037638979,0.10191179571517858,8565.839297554332,9999.97980131823,84051.5,-0.012065773357374354
2025-03-28 16:00:00,1434.1405037638979,0.10191179571517858,8539.790642569533,9973.93114633343,83795.9,-0.0026048707599755083
2025-03-28 20:00:00,1434.1405037638979,0.10191179571517858,8604.137750384098,10038.278254147996,84427.3,0.006451529178464366
2025-03-29 00:00:00,1434.1405037638979,0.10191179571517858,8576.315830153853,10010.456333917751,84154.3,-0.0027715828876080373
2025-03-29 04:00:00,1434.1405037638979,0.10191179571517858,8534.236449703056,9968.376953466954,83741.4,-0.004203542680489281
2025-03-29 08:00:00,1434.1405037638979,0.10191179571517858,8386.647787148333,9820.78829091223,82293.2,-0.014805686346300528
2025-03-29 12:00:00,1434.1405037638979,0.10191179571517858,8399.407143971874,9833.547647735772,82418.4,0.0012992192118985724
2025-03-29 16:00:00,1434.1405037638979,0.10191179571517858,8435.280096063616,9869.420599827514,82770.4,0.0036480173155009066
2025-03-29 20:00:00,1434.1405037638979,0.10191179571517858,8423.020107039081,9857.16061080298,82650.1,-0.0012422197332180307
2025-03-30 00:00:00,1434.1405037638979,0.10191179571517858,8466.862561555752,9901.00306531965,83080.3,0.004447777229948047
2025-03-30 04:00:00,1434.1405037638979,0.10191179571517858,8467.147914583755,9901.288418347653,83083.1,2.882061808495706e-05
2025-03-30 08:00:00,1434.1405037638979,0.10191179571517858,8471.519930619936,9905.660434383833,83126.0,0.0004415603153302694
2025-03-30 12:00:00,1434.1405037638979,0.10191179571517858,8431.692800854442,9865.83330461834,82735.2,-0.00402064355317977
2025-03-30 16:00:00,1434.1405037638979,0.10191179571517858,8412.80854510842,9846.949048872319,82549.9,-0.0019141065090955145
2025-03-30 20:00:00,1434.1405037638979,0.10191179571517858,8397.348525698428,9831.489029462326,82398.2,-0.0015700314212312438
2025-03-31 00:00:00,1434.1405037638979,0.10191179571517858,8309.41902835537,9743.559532119269,81535.4,-0.008943660220700589
2025-03-31 04:00:00,1434.1405037638979,0.10191179571517858,8350.785026236163,9784.92553000006,81941.3,0.004245470840962273
2025-03-31 08:00:00,1434.1405037638979,0.10191179571517858,8377.598019688825,9811.738523452723,82204.4,0.002740234799994745
2025-03-31 12:00:00,1434.1405037638979,0.10191179571517858,8501.787733947343,9935.928237711241,83423.0,0.012657258849863462
2025-03-31 16:00:00,1434.1405037638979,0.10191179571517858,8403.61610113491,9837.756604898808,82459.7,-0.009880469188558338
2025-03-31 20:00:00,1434.1405037638979,0.10191179571517858,8413.521927678426,9847.662431442324,82556.9,0.00100691925419083
2025-04-01 00:00:00,1434.1405037638979,0.10191179571517858,8455.10194033022,9889.242444094118,82964.9,0.004222323108785009
2025-04-01 04:00:00,1434.1405037638979,0.10191179571517858,8504.814514280084,9938.955018043982,83452.7,0.005026934492798452
2025-04-01 08:00:00,1434.1405037638979,0.10191179571517858,8552.784396523217,9986.924900287115,83923.4,0.004826451287488931
2025-04-01 12:00:00,1434.1405037638979,0.10191179571517858,8691.730938801293,10125.87144256519,85286.8,0.013912845411912622
2025-04-01 16:00:00,1434.1405037638979,0.10191179571517858,8659.292414225152,10093.43291798905,84968.5,-0.003203529173773756
2025-04-01 20:00:00,1434.1405037638979,0.10191179571517858,8679.644199829472,10113.78470359337,85168.2,0.0020163393138570296
2025-04-02 00:00:00,1434.1405037638979,0.10191179571517858,8616.632136538778,10050.772640302675,84549.9,-0.006230314875924403
2025-04-02 04:00:00,1434.1405037638979,0.10191179571517858,8603.454941352806,10037.595445116704,84420.6,-0.0013110629060628654
2025-04-02 08:00:00,1434.1405037638979,0.10191179571517858,8618.66018127351,10052.800685037408,84569.8,0.001514828925298195
2025-04-02 12:00:00,1434.1405037638979,0.10191179571517858,8841.092866601457,10275.233370365355,86752.4,0.022126439416929378
2025-04-02 16:00:00,1434.1405037638979,0.10191179571517858,8855.727400466158,10289.867904230056,86896.0,0.0014242531860062524
2025-04-02 20:00:00,1434.1405037638979,0.10191179571517858,8409.068382205673,9843.20888596957,82513.2,-0.04340765327773244
2025-04-03 00:00:00,1434.1405037638979,0.10191179571517858,8507.973779947253,9942.114283711151,83483.7,0.010048084815365455
2025-04-03 04:00:00,1434.1405037638979,0.10191179571517858,8505.161014385516,9939.301518149414,83456.1,-0.00028291422543247347
2025-04-03 08:00:00,1434.1405037638979,0.10191179571517858,8468.167032540907,9902.307536304805,83093.1,-0.0037219900993100685
2025-04-03 12:00:00,1434.1405037638979,0.10191179571517858,8361.465382427114,9795.605886191011,82046.1,-0.010775432869822854
2025-04-03 16:00:00,1434.1405037638979,0.10191179571517858,8358.40802855566,9792.548532319557,82016.1,-0.00031211483056547973
2025-04-03 20:00:00,1434.1405037638979,0.10191179571517858,8480.722565773016,9914.863069536914,83216.3,0.012490572481072437
2025-04-04 00:00:00,1434.1405037638979,0.10191179571517858,8439.988421025659,9874.128924789557,82816.6,-0.004108392063679744
2025-04-04 04:00:00,1434.1405037638979,0.10191179571517858,8560.560266536286,9994.700770300184,83999.7,0.012210884264223454
2025-04-04 08:00:00,1434.1405037638979,0.10191179571517858,8426.271093322395,9860.411597086293,82682.0,-0.013436037386225563
2025-04-04 12:00:00,1434.1405037638979,0.10191179571517858,8444.421584139269,9878.562087903167,82860.1,0.0018407437294236662
2025-04-04 16:00:00,1434.1405037638979,0.10191179571517858,8560.611222434143,9994.751726198041,84000.2,0.01176179663203758
2025-04-04 20:00:00,1434.1405037638979,0.10191179571517858,8549.278630750616,9983.419134514514,83889.0,-0.0011338542461062362
2025-04-05 00:00:00,1434.1405037638979,0.10191179571517858,8522.965005096958,9957.105508860855,83630.8,-0.002635732838530913
2025-04-05 04:00:00,1434.1405037638979,0.10191179571517858,8512.457898958723,9946.59840272262,83527.7,-0.001055236999234821
2025-04-05 08:00:00,1434.1405037638979,0.10191179571517858,8506.47567655024,9940.616180314139,83469.0,-0.0006014339944442337
2025-04-05 12:00:00,1434.1405037638979,0.10191179571517858,8420.003517885913,9854.14402164981,82620.5,-0.008698873097582549
2025-04-05 16:00:00,1434.1405037638979,0.10191179571517858,8444.655981269414,9878.796485033312,82862.4,0.0025017356484073883
2025-04-05 20:00:00,1434.1405037638979,0.10191179571517858,8513.12032563087,9947.260829394769,83534.2,0.006930433728965069
2025-04-06 00:00:00,1434.1405037638979,0.10191179571517858,8493.940525677273,9928.081029441171,83346.0,-0.00192814889270021
2025-04-06 04:00:00,1434.1405037638979,0.10191179571517858,8461.54276581942,9895.683269583318,83028.1,-0.0032632449072261815
2025-04-06 08:00:00,1434.1405037638979,0.10191179571517858,8442.740039509968,9876.880543273866,82843.6,-0.001900093788091084
2025-04-06 12:00:00,1434.1405037638979,0.10191179571517858,8412.574147978276,9846.714651742173,82547.6,-0.003054192201629502
2025-04-06 16:00:00,1434.1405037638979,0.10191179571517858,8113.646468786513,9547.78697255041,79614.4,-0.03035811331639171
2025-04-06 20:00:00,1434.1405037638979,0.10191179571517858,7992.534490758596,9426.674994522495,78426.0,-0.01268482197771148
2025-04-07 00:00:00,1434.1405037638979,0.10191179571517858,7917.425497316509,9351.566001080406,77689.0,-0.0079677079655055
2025-04-07 04:00:00,1434.1405037638979,0.10191179571517858,7656.021741307076,9090.162245070973,75124.0,-0.027952939216729367
2025-04-07 08:00:00,1434.1405037638979,0.10191179571517858,7815.615613397045,9249.756117160943,76690.0,0.0175567682718214
2025-04-07 12:00:00,1434.1405037638979,0.10191179571517858,7998.047918906787,9432.188422670686,78480.1,0.01972293141559467
2025-04-07 16:00:00,1434.1405037638979,0.10191179571517858,7961.349481269751,9395.489985033648,78120.0,-0.003890765959343234
2025-04-07 20:00:00,1434.1405037638979,0.10191179571517858,8068.8052786718345,9502.945782435732,79174.4,0.011436955132010596
2025-04-08 00:00:00,1434.1405037638979,0.10191179571517858,8143.241654262202,9577.3821580261,79904.8,0.007832979088226333
2025-04-08 04:00:00,1434.1405037638979,0.10191179571517858,8100.6629060124,9534.803409776297,79487.0,-0.0044457606000528616
2025-04-08 08:00:00,1434.1405037638979,0.10191179571517858,8151.476127355989,9585.616631119887,79985.6,0.005329236394270076
2025-04-08 12:00:00,1434.1405037638979,0.10191179571517858,7999.770228254373,9433.91073201827,78497.0,-0.015826410020311155
2025-04-08 16:00:00,1434.1405037638979,0.10191179571517858,7833.694765956918,9267.835269720816,76867.4,-0.017604095164246325
2025-04-08 20:00:00,1434.1405037638979,0.10191179571517858,7778.917175760009,9213.057679523907,76329.9,-0.005910505377223818
2025-04-09 00:00:00,1434.1405037638979,0.10191179571517858,7651.41532814075,9085.555831904647,75078.8,-0.013839254247005717
2025-04-09 04:00:00,1434.1405037638979,0.10191179571517858,7917.333776700366,9351.474280464263,77688.1,0.02926826420743822
2025-04-09 08:00:00,1434.1405037638979,0.10191179571517858,7769.5820552725,9203.722559036398,76238.3,-0.015799831876405435
2025-04-09 12:00:00,1434.1405037638979,0.10191179571517858,7873.848013468698,9307.988517232596,77261.4,0.011328672450456212
2025-04-09 16:00:00,1434.1405037638979,0.10191179571517858,8390.938273747943,9825.07877751184,82335.3,0.0555533839907425
2025-04-09 20:00:00,1434.1405037638979,0.10191179571517858,8419.78950311491,9853.930006878807,82618.4,0.0029364883498952388
2025-04-10 00:00:00,1434.1405037638979,0.10191179571517858,8333.735182813014,9767.875686576912,81774.0,-0.008732994880400247
2025-04-10 04:00:00,1434.1405037638979,0.10191179571517858,8315.380868404709,9749.521372168607,81593.9,-0.0018790487304755077
2025-04-10 08:00:00,1434.1405037638979,0.10191179571517858,8343.92636238453,9778.066866148429,81874.0,0.0029278867023472266
2025-04-10 12:00:00,1434.1405037638979,0.10191179571517858,8025.625250827314,9459.765754591212,78750.7,-0.032552560328583224
2025-04-10 16:00:00,1434.1405037638979,0.10191179571517858,8116.43885198911,9550.579355753009,79641.8,0.009599984134672779
2025-04-10 20:00:00,1434.1405037638979,0.10191179571517858,8112.127983030357,9546.268486794255,79599.5,-0.0004513725082192499
2025-04-11 00:00:00,1434.1405037638979,0.10191179571517858,8239.140654030185,9673.281157794083,80845.8,0.013304954828740723
2025-04-11 04:00:00,1434.1405037638979,0.10191179571517858,8280.904107914266,9715.044611678164,81255.6,0.004317403082038096
2025-04-11 08:00:00,1434.1405037638979,0.10191179571517858,8370.586488143623,9804.72699190752,82135.6,0.009231288564702123
2025-04-11 12:00:00,1434.1405037638979,0.10191179571517858,8410.566485602685,9844.706989366583,82527.9,0.00407762475100637
2025-04-11 16:00:00,1434.1405037638979,0.10191179571517858,8545.253114819867,9979.393618583765,83849.5,0.01368112117127085
2025-04-11 20:00:00,1434.1405037638979,0.10191179571517858,8501.074351377336,9935.214855141234,83416.0,-0.00442699878680608
2025-04-12 00:00:00,1434.1405037638979,0.10191179571517858,8455.428058076508,9889.568561840406,82968.1,-0.004594394179327388
2025-04-12 04:00:00,1434.1405037638979,0.10191179571517858,8531.637698912318,9965.778202676216,83715.9,0.007706063248286821
2025-04-12 08:00:00,1434.1405037638979,0.10191179571517858,8511.713942850001,9945.8544466139,83520.4,-0.001999217287112276
2025-04-12 12:00:00,1434.1405037638979,0.10191179571517858,8662.115370966461,10096.25587473036,84996.2,0.0151220218357071
2025-04-12 16:00:00,1434.1405037638979,0.10191179571517858,8655.66435429769,10089.804858061589,84932.9,-0.0006389513844351491
2025-04-12 20:00:00,1434.1405037638979,0.10191179571517858,8689.814997041847,10123.955500805745,85268.0,0.0033846683087106477
2025-04-13 00:00:00,1434.1405037638979,0.10191179571517858,8704.969281064694,10139.109784828592,85416.7,0.00149687382778807
2025-04-13 04:00:00,1434.1405037638979,0.10191179571517858,8603.189970683945,10037.330474447843,84418.0,-0.010038288621062597
2025-04-13 08:00:00,1434.1405037638979,0.10191179571517858,8613.646120924324,10047.786624688222,84520.6,0.0010417262106690028
2025-04-13 12:00:00,1434.1405037638979,0.10191179571517858,8545.385600154297,9979.526103918195,83850.8,-0.006793587813887836
2025-04-13 16:00:00,1434.1405037638979,0.10191179571517858,8558.888913086557,9993.029416850455,83983.3,0.0013531016194203715
2025-04-13 20:00:00,1434.1405037638979,0.10191179571517858,8536.132009103358,9970.272512867256,83760.0,-0.002277277793741539
2025-04-14 00:00:00,1434.1405037638979,0.10191179571517858,8618.609225375652,10052.74972913955,84569.3,0.008272313135458731
2025-04-14 04:00:00,1434.1405037638979,0.10191179571517858,8620.311152364096,10054.451656127994,84586.0,0.00016929964778800155
2025-04-14 08:00:00,1434.1405037638979,0.10191179571517858,8655.348427730974,10089.488931494872,84929.8,0.003484752482302067
2025-04-14 12:00:00,1434.1405037638979,0.10191179571517858,8570.98584323795,10005.126347001848,84102.0,-0.008361432879883779
2025-04-14 16:00:00,1434.1405037638979,0.10191179571517858,8652.331838577804,10086.472342341702,84900.2,0.00813043159262361
2025-04-14 20:00:00,1434.1405037638979,0.10191179571517858,8620.372299441526,10054.512803205424,84586.6,-0.003168554679133573
2025-04-15 00:00:00,1434.1405037638979,0.10191179571517858,8701.290265239377,10135.430769003275,85380.6,0.008047925084152752
2025-04-15 04:00:00,1434.1405037638979,0.10191179571517858,8737.193790869833,10171.33429463373,85732.9,0.0035423778671803685
2025-04-15 08:00:00,1434.1405037638979,0.10191179571517858,8721.835683255556,10155.976187019454,85582.2,-0.001509940305705948
2025-04-15 12:00:00,1434.1405037638979,0.10191179571517858,8653.91147141139,10088.051975175287,84915.7,-0.006688102708529597
2025-04-15 16:00:00,1434.1405037638979,0.10191179571517858,8557.584442101403,9991.7249458653,83970.5,-0.009548625398345334
2025-04-15 20:00:00,1434.1405037638979,0.10191179571517858,8524.993049831688,9959.133553595586,83650.7,-0.0032618384159185387
2025-04-16 00:00:00,1434.1405037638979,0.10191179571517858,8527.968874266571,9962.109378030469,83679.9,0.0002988035474038586
2025-04-16 04:00:00,1434.1405037638979,0.10191179571517858,8495.78512917972,9929.925632943618,83364.1,-0.0032306155117938218
2025-04-16 08:00:00,1434.1405037638979,0.10191179571517858,8565.156488523042,9999.29699228694,84044.8,0.0069860905214813585
2025-04-16 12:00:00,1434.1405037638979,0.10191179571517858,8647.164910535044,10081.305414298942,84849.5,0.008201418767265434
2025-04-16 16:00:00,1434.1405037638979,0.10191179571517858,8595.057409385874,10029.197913149772,84338.2,-0.005168725577469613
2025-04-16 20:00:00,1434.1405037638979,0.10191179571517858,8563.617620407742,9997.75812417164,84029.7,-0.003134825860491741
2025-04-17 00:00:00,1434.1405037638979,0.10191179571517858,8560.38701648357,9994.527520247468,83998.0,-0.0003231328347863549
2025-04-17 04:00:00,1434.1405037638979,0.10191179571517858,8628.586390176168,10062.726893940066,84667.2,0.006823671609732074
2025-04-17 08:00:00,1434.1405037638979,0.10191179571517858,8618.884387224083,10053.024890987981,84572.0,-0.0009641524662591383
2025-04-17 12:00:00,1434.1405037638979,0.10191179571517858,8616.092004021488,10050.232507785386,84544.6,-0.0002777654718728595
2025-04-17 16:00:00,1434.1405037638979,0.10191179571517858,8647.20567525333,10081.346179017228,84849.9,0.0030958160627367892
2025-04-17 20:00:00,1434.1405037638979,0.10191179571517858,8657.916604982996,10092.057108746894,84955.0,0.0010624503453675604
2025-04-18 00:00:00,1434.1405037638979,0.10191179571517858,8645.99292488432,10080.133428648218,84838.0,-0.0011814915403463022
2025-04-18 04:00:00,1434.1405037638979,0.10191179571517858,8628.474287200883,10062.61479096478,84666.1,-0.0017379370826231533
2025-04-18 08:00:00,1434.1405037638979,0.10191179571517858,8628.881934383742,10063.02243814764,84670.1,4.051105913593922e-05
2025-04-18 12:00:00,1434.1405037638979,0.10191179571517858,8598.828145827336,10032.968649591234,84375.2,-0.0029865568462290604
2025-04-18 16:00:00,1434.1405037638979,0.10191179571517858,8618.772284248796,10052.912788012694,84570.9,0.0019878601357210535
2025-04-18 20:00:00,1434.1405037638979,0.10191179571517858,8608.346707547134,10042.487211311032,84468.6,-0.0010370702423773137
2025-04-19 00:00:00,1434.1405037638979,0.10191179571517858,8650.385323279645,10084.525827043542,84881.1,0.00418607610325461
2025-04-19 04:00:00,1434.1405037638979,0.10191179571517858,8684.699024896945,10118.839528660843,85217.8,0.0034026093249999168
2025-04-19 08:00:00,1434.1405037638979,0.10191179571517858,8685.524510442237,10119.665014206135,85225.9,8.157907267469788e-05
2025-04-19 12:00:00,1434.1405037638979,0.10191179571517858,8681.865876976064,10116.006380739962,85190.0,-0.0003615370134324447
2025-04-19 16:00:00,1434.1405037638979,0.10191179571517858,8672.296359358408,10106.436863122306,85096.1,-0.000945977815501875
2025-04-19 20:00:00,1434.1405037638979,0.10191179571517858,8671.450491453972,10105.59099521787,85087.8,-8.369595693247245e-05
2025-04-20 00:00:00,1434.1405037638979,0.10191179571517858,8680.03146465319,10114.171968417088,85172.0,0.0008491312584566479
2025-04-20 04:00:00,1434.1405037638979,0.10191179571517858,8641.121541049135,10075.262044813033,84790.2,-0.003847069609411058
2025-04-20 08:00:00,1434.1405037638979,0.10191179571517858,8573.676314644828,10007.816818408726,84128.4,-0.006694141165194734
2025-04-20 12:00:00,1434.1405037638979,0.10191179571517858,8595.791174315023,10029.931678078921,84345.4,0.0022097586388187818
2025-04-20 16:00:00,1434.1405037638979,0.10191179571517858,8626.680639596294,10060.821143360192,84648.5,0.003079728384270286
2025-04-20 20:00:00,1434.1405037638979,0.10191179571517858,8681.223832663058,10115.364336426956,85183.7,0.00542134606008382
2025-04-21 00:00:00,89.67220249671004,0.11732965655859029,10231.380711222191,10321.0529137189,87202.0,0.020334272741044934
2025-04-21 04:00:00,89.67220249671004,0.11732965655859029,10258.847583822557,10348.519786319266,87436.1,0.0026612471450326858
2025-04-21 08:00:00,89.67220249671004,0.11732965655859029,10204.500486904617,10294.172689401326,86972.9,-0.005251678311499863
2025-04-21 12:00:00,89.67220249671004,0.11732965655859029,10329.996287559685,10419.668490056394,88042.5,0.012190955450385621
2025-04-21 16:00:00,89.67220249671004,0.11732965655859029,10255.808745717688,10345.480948214397,87410.2,-0.007119952224276083
2025-04-21 20:00:00,89.67220249671004,0.11732965655859029,10268.233956347245,10357.906158843954,87516.1,0.0012010278392811102
2025-04-22 00:00:00,89.67220249671004,0.11732965655859029,10343.676925514417,10433.349128011127,88159.1,0.0072836119588470805
2025-04-22 04:00:00,89.67220249671004,0.11732965655859029,10381.468807891939,10471.141010388648,88481.2,0.0036222196644468685
2025-04-22 08:00:00,89.67220249671004,0.11732965655859029,10397.27311263038,10486.94531512709,88615.9,0.001509320209016618
2025-04-22 12:00:00,89.67220249671004,0.11732965655859029,10668.304619280723,10757.976821777433,90925.9,0.025844657191011366
2025-04-22 16:00:00,89.67220249671004,0.11732965655859029,10726.277202586325,10815.949405083034,91420.0,0.00538879979628204
2025-04-22 20:00:00,89.67220249671004,0.11732965655859029,10964.210013121488,11053.882215618198,93447.9,0.02199832872954688
2025-04-23 00:00:00,89.67220249671004,0.11732965655859029,10932.319812468866,11021.992014965575,93176.1,-0.0028849774251767935
2025-04-23 04:00:00,0.9625483796591539,0.11827193279623742,11134.592841168977,11135.555389548636,94144.0,0.010303343935367026
2025-04-23 08:00:00,0.9625483796591539,0.11827193279623742,11055.338819002216,11056.301367381875,93473.9,-0.007117204251989584
2025-04-23 12:00:00,0.9625483796591539,0.11827193279623742,11021.584009382172,11022.54655776183,93188.5,-0.0030529929040852277
2025-04-23 16:00:00,0.9625483796591539,0.11827193279623742,11057.254824313517,11058.217372693176,93490.1,0.003236168225229763
2025-04-23 20:00:00,0.9625483796591539,0.11827193279623742,11079.253403813616,11080.215952193275,93676.1,0.0019893422925851834
2025-04-24 00:00:00,0.9625483796591539,0.11827193279623742,10958.982675353122,10959.94522373278,92659.2,-0.010854547328266406
2025-04-24 04:00:00,0.9625483796591539,0.11827193279623742,10904.542104687014,10905.504653066673,92198.9,-0.004967230178141824
2025-04-24 08:00:00,0.9625483796591539,0.11827193279623742,10954.724885772457,10955.687434152116,92623.2,0.004601600997101052
2025-04-24 12:00:00,0.9625483796591539,0.11827193279623742,11023.630113819547,11024.592662199206,93205.8,0.006289448148391941
2025-04-24 16:00:00,0.9625483796591539,0.11827193279623742,11065.876848214362,11066.839396594021,93563.0,0.0038320449280335733
2025-04-24 20:00:00,0.9625483796591539,0.11827193279623742,11114.474785400334,11115.437333779993,93973.9,0.004391311326062075
2025-04-25 00:00:00,0.9625483796591539,0.11827193279623742,11036.663680813692,11037.62622919335,93316.0,-0.007000273785915168
2025-04-25 04:00:00,0.9625483796591539,0.11827193279623742,11090.773090067969,11091.735638447628,93773.5,0.0049022686699757845
2025-04-25 08:00:00,0.9625483796591539,0.11827193279623742,11191.481640843966,11192.444189223625,94625.0,0.009079602512965357
2025-04-25 12:00:00,0.9625483796591539,0.11827193279623742,11243.82879829958,11244.79134667924,95067.6,0.0046770085756617785
2025-04-25 16:00:00,0.9625483796591539,0.11827193279623742,11269.399190170127,11270.361738549786,95283.8,0.002273976553428536
2025-04-25 20:00:00,0.9625483796591539,0.11827193279623742,11193.25571983591,11194.218268215569,94640.0,-0.006756080425863398
2025-04-26 00:00:00,0.9625483796591539,0.11827193279623742,11204.787233283543,11205.749781663202,94737.5,0.0010301311955276393
2025-04-26 04:00:00,0.9625483796591539,0.11827193279623742,11184.042336271083,11185.004884650742,94562.1,-0.0018512725535249075
2025-04-26 08:00:00,0.9625483796591539,0.11827193279623742,11134.651977135374,11135.614525515033,94144.5,-0.004415765540119465
2025-04-26 12:00:00,0.9625483796591539,0.11827193279623742,11160.84921024974,11161.8117586294,94366.0,0.0023525628562608425
2025-04-26 16:00:00,0.9625483796591539,0.11827193279623742,11153.906647794602,11154.86919617426,94307.3,-0.0006219924332420135
2025-04-26 20:00:00,0.9625483796591539,0.11827193279623742,11192.28588998698,11193.24843836664,94631.8,0.003440582002121717
2025-04-27 00:00:00,0.9625483796591539,0.11827193279623742,11137.194823690494,11138.157372070153,94166.0,-0.004921812162022032
2025-04-27 04:00:00,0.9625483796591539,0.11827193279623742,11127.106227822973,11128.068776202632,94080.7,-0.0009057688386427953
2025-04-27 08:00:00,0.9625483796591539,0.11827193279623742,11107.898865936866,11108.861414316525,93918.3,-0.0017260283228283102
2025-04-27 12:00:00,0.9625483796591539,0.11827193279623742,11105.982860625567,11106.945409005226,93902.1,-0.00017247539957876423
2025-04-27 16:00:00,0.9625483796591539,0.11827193279623742,11169.116418352196,11170.078966731855,94435.9,0.005684151258674719
2025-04-27 20:00:00,0.9625483796591539,0.11827193279623742,11087.284068050481,11088.24661643014,93744.0,-0.007326031494086838
2025-04-28 00:00:00,0.9625483796591539,0.11827193279623742,11099.809065733602,11100.77161411326,93849.9,0.0011295742344474835
2025-04-28 04:00:00,0.9625483796591539,0.11827193279623742,11198.94459980341,11199.907148183069,94688.1,0.008930508393107495
2025-04-28 08:00:00,0.9625483796591539,0.11827193279623742,11272.947348154015,11273.909896533674,95313.8,0.006607443023544324
2025-04-28 12:00:00,0.9625483796591539,0.11827193279623742,11098.63817359892,11099.600721978579,93840.0,-0.015461288599502576
2025-04-28 16:00:00,0.9625483796591539,0.11827193279623742,11212.167401890027,11213.129950269686,94799.9,0.010228226324060952
2025-04-28 20:00:00,0.9625483796591539,0.11827193279623742,11237.560385861381,11238.52293424104,95014.6,0.0022645759109163333
2025-04-29 00:00:00,0.9625483796591539,0.11827193279623742,11195.12441637409,11196.08696475375,94655.8,-0.0037759383270908886
2025-04-29 04:00:00,0.9625483796591539,0.11827193279623742,11227.554580346818,11228.517128726477,94930.0,0.0028965623502943405
2025-04-29 08:00:00,0.9625483796591539,0.11827193279623742,11250.77136075472,11251.733909134378,95126.3,0.002067662198110387
2025-04-29 12:00:00,0.9625483796591539,0.11827193279623742,11216.957415168275,11217.919963547934,94840.4,-0.0030052208716909723
2025-04-29 16:00:00,0.9625483796591539,0.11827193279623742,11272.10761743116,11273.07016581082,95306.7,0.004916259203318729
2025-04-29 20:00:00,0.9625483796591539,0.11827193279623742,11146.183490583007,11147.146038962666,94242.0,-0.011170348893068893
2025-04-30 00:00:00,0.9625483796591539,0.11827193279623742,11240.09140522322,11241.05395360288,95036.0,0.008424390809268711
2025-04-30 04:00:00,0.9625483796591539,0.11827193279623742,11191.599912776763,11192.562461156422,94626.0,-0.004313785223930444
2025-04-30 08:00:00,0.9625483796591539,0.11827193279623742,11257.299971445073,11258.262519824731,95181.5,0.005869974717257254
2025-04-30 12:00:00,0.9625483796591539,0.11827193279623742,11118.661611821322,11119.624160200981,94009.3,-0.01231436550530074
2025-04-30 16:00:00,0.9625483796591539,0.11827193279623742,11136.485192093716,11137.447740473375,94160.0,0.0016028941280397113
2025-04-30 20:00:00,0.9625483796591539,0.11827193279623742,11136.851835085385,11137.814383465044,94163.1,3.29198394652952e-05
2025-05-01 00:00:00,0.9625483796591539,0.11827193279623742,11209.801963234102,11210.764511613761,94779.9,0.006549770505873909
2025-05-01 04:00:00,0.9625483796591539,0.11827193279623742,11236.720655138526,11237.683203518185,95007.5,0.0024011468510054534
2025-05-01 08:00:00,0.9625483796591539,0.11827193279623742,11375.808448106902,11376.77099648656,96183.5,0.012376909942151793
2025-05-01 12:00:00,0.9625483796591539,0.11827193279623742,11454.613036929035,11455.575585308694,96849.8,0.006926797493460146
2025-05-01 16:00:00,0.9625483796591539,0.11827193279623742,11419.793779913822,11420.75632829348,96555.4,-0.003039503057346793
2025-05-01 20:00:00,0.9625483796591539,0.11827193279623742,11411.845906029916,11412.808454409575,96488.2,-0.0006959148462187814
2025-05-02 00:00:00,0.9625483796591539,0.11827193279623742,11485.375566649336,11486.338115028995,97109.9,0.006442731507599442
2025-05-02 04:00:00,0.9625483796591539,0.11827193279623742,11396.967296884148,11397.929845263807,96362.4,-0.007696819376186825
2025-05-02 08:00:00,0.9625483796591539,0.11827193279623742,11464.48874331752,11465.45129169718,96933.3,0.005924009653510032
2025-05-02 12:00:00,0.9625483796591539,0.11827193279623742,11511.537318183864,11512.499866563523,97331.1,0.004103508328574312
2025-05-02 16:00:00,0.9625483796591539,0.11827193279623742,11462.892072224771,11463.85462060443,96919.8,-0.0042254285796238245
2025-05-02 20:00:00,0.9625483796591539,0.11827193279623742,11459.55680371992,11460.519352099578,96891.6,-0.00029093778796340786
2025-05-03 00:00:00,0.9625483796591539,0.11827193279623742,11393.844917858329,11394.807466237988,96336.0,-0.005733761607370047
2025-05-03 04:00:00,0.9625483796591539,0.11827193279623742,11392.898742395959,11393.861290775618,96328.0,-8.303566911271876e-05
2025-05-03 08:00:00,0.9625483796591539,0.11827193279623742,11347.482320202203,11348.444868581862,95944.0,-0.003986043101167458
2025-05-03 12:00:00,0.9625483796591539,0.11827193279623742,11404.725935675582,11405.688484055241,96428.0,0.005044181483566668
2025-05-03 16:00:00,0.9625483796591539,0.11827193279623742,11396.671617052158,11397.634165431817,96359.9,-0.000706166807438624
2025-05-03 20:00:00,0.9625483796591539,0.11827193279623742,11337.736712939794,11338.699261319452,95861.6,-0.00517080152397853
2025-05-04 00:00:00,0.9625483796591539,0.11827193279623742,11322.881758180585,11323.844306560244,95736.0,-0.0013101110115764092
2025-05-04 04:00:00,0.9625483796591539,0.11827193279623742,11341.722477075027,11342.685025454686,95895.3,0.0016638094258791813
2025-05-04 08:00:00,0.9625483796591539,0.11827193279623742,11286.690546744938,11287.653095124597,95430.0,-0.004851755136159541
2025-05-04 12:00:00,0.9625483796591539,0.11827193279623742,11291.137571418076,11292.100119797735,95467.6,0.00039397247910266664
2025-05-04 16:00:00,0.9625483796591539,0.11827193279623742,11304.8216340426,11305.78418242226,95583.3,0.0012118261863913737
2025-05-04 20:00:00,0.9625483796591539,0.11827193279623742,11149.932710852647,11150.895259232306,94273.7,-0.013699971686242596
2025-05-05 00:00:00,0.9625483796591539,0.11827193279623742,11122.765647889351,11123.72819626901,94044.0,-0.0024363122719498476
2025-05-05 04:00:00,0.9625483796591539,0.11827193279623742,11207.436524578177,11208.399072957836,94759.9,0.00761173548965588
2025-05-05 08:00:00,0.9625483796591539,0.11827193279623742,11123.002191754944,11123.964740134603,94046.0,-0.007533130492020534
2025-05-05 12:00:00,0.9625483796591539,0.11827193279623742,11091.873019042974,11092.835567422633,93782.8,-0.002798388294027676
2025-05-05 16:00:00,0.9625483796591539,0.11827193279623742,11159.075131257796,11160.037679637455,94351.0,0.006058154545459882
2025-05-05 20:00:00,0.9625483796591539,0.11827193279623742,11204.763578896984,11205.726127276643,94737.3,0.004093933098680447
2025-05-06 00:00:00,0.9625483796591539,0.11827193279623742,11172.723712302482,11173.686260682141,94466.4,-0.0028592405552827493
2025-05-06 04:00:00,0.9625483796591539,0.11827193279623742,11163.68773663685,11164.650285016509,94390.0,-0.0008086834957438116
2025-05-06 08:00:00,0.9625483796591539,0.11827193279623742,11095.563103346218,11096.525651725877,93814.0,-0.006101815242888442
2025-05-06 12:00:00,0.9625483796591539,0.11827193279623742,11184.7283134813,11185.69086186096,94567.9,0.008035416934418116
2025-05-06 16:00:00,0.9625483796591539,0.11827193279623742,11232.53382871754,11233.496377097199,94972.1,0.004273809800987571
2025-05-06 20:00:00,0.9625483796591539,0.11827193279623742,11452.732513197574,11453.695061577233,96833.9,0.019601972270091528
2025-05-07 00:00:00,0.9625483796591539,0.11827193279623742,11415.299446467565,11416.261994847224,96517.4,-0.003268208777059467
2025-05-07 04:00:00,0.9625483796591539,0.11827193279623742,11470.958218041475,11471.920766421134,96988.0,0.0048753936795626895
2025-05-07 08:00:00,0.9625483796591539,0.11827193279623742,11478.64589367323,11479.60844205289,97053.0,0.0006701297706186438
2025-05-07 12:00:00,0.9625483796591539,0.11827193279623742,11464.926349468868,11465.888897848527,96937.0,-0.0011951230108253608
2025-05-07 16:00:00,0.9625483796591539,0.11827193279623742,11376.115955132173,11377.078503511832,96186.1,-0.007745617904370228
2025-05-07 20:00:00,0.9625483796591539,0.11827193279623742,11475.452551487731,11476.41509986739,97026.0,0.00873129216124302
2025-05-08 00:00:00,0.9625483796591539,0.11827193279623742,11726.496556041026,11727.459104420685,99148.6,0.021874775560897453
2025-05-08 04:00:00,0.9625483796591539,0.11827193279623742,11740.109655505872,11741.072203885531,99263.7,0.0011607884831348336
2025-05-08 08:00:00,0.9625483796591539,0.11827193279623742,11758.512768248967,11759.475316628626,99419.3,0.0015674133012320013
2025-05-08 12:00:00,134.63564565854801,0.1169453291159439,11783.8089758415,11918.444621500048,100763.4,0.013518401169364092
2025-05-08 16:00:00,349.65300424293156,0.11482310521882512,11633.532551455704,11983.185555698636,101317.0,0.005431995218721619
2025-05-08 20:00:00,894.2712893945866,0.10954937339785431,11313.163790796414,12207.435080191,103270.0,0.01871368205474555
2025-05-09 00:00:00,1271.634885222604,0.10586602011196458,10846.090213092895,12117.725098315499,102451.1,-0.00734879860398141
2025-05-09 04:00:00,1839.5496331316774,0.10038580446100373,10402.980916293816,12242.530549425494,103630.0,0.01029941264531109
2025-05-09 08:00:00,2267.641933846059,0.09622805882604131,9907.89112968216,12175.533063528219,102962.6,-0.005472519396769515
2025-05-09 12:00:00,2664.7944460218255,0.0923686120389799,9505.099653259189,12169.894099281015,102904.0,-0.0004631390032602267
2025-05-09 16:00:00,3093.8888578941037,0.08821071642210161,9103.337113689244,12197.225971583348,103199.9,0.002245859502092884
2025-05-09 20:00:00,3463.8335273566777,0.0846185323440466,8714.524171983983,12178.35769934066,102986.0,-0.001546931432331089
2025-05-10 00:00:00,3851.6772328896513,0.08086115789351304,8346.650440084204,12198.327672973855,103222.0,0.00163979200859532
2025-05-10 04:00:00,4312.4945648490975,0.07642073915349763,7930.783825797762,12243.27839064686,103777.9,0.003684990178825398
2025-05-10 08:00:00,4685.523148884575,0.07281423572385505,7531.33659223692,12216.859741121494,103432.2,-0.0021578084465960767
2025-05-10 12:00:00,4978.78071057824,0.06997103057438178,7217.042997842633,12195.823708420874,103143.3,-0.0017218854227992741
2025-05-10 16:00:00,5254.448506610593,0.06729971451862013,6945.027689606263,12199.476196216856,103195.5,0.00029948676557700615
2025-05-10 20:00:00,5790.7902811108615,0.062182925981124716,6518.014301341493,12308.804582452354,104820.0,0.008961727903481709
2025-05-11 00:00:00,6155.857904981627,0.05867266036698274,6101.956678166204,12257.814583147832,104000.0,-0.0041425630704393646
2025-05-11 04:00:00,6387.211854135334,0.05643477699848449,5834.266750447226,12221.47860458256,103380.7,-0.0029643113230989337
2025-05-11 08:00:00,6818.326326577073,0.05231542911167686,5475.123549111653,12293.449875688726,104656.0,0.0058889168352493915
2025-05-11 12:00:00,7132.773207898364,0.049295809491288534,5133.399403051535,12266.1726109499,104134.6,-0.002218845402604974
2025-05-11 16:00:00,7472.086487196315,0.046046180322406836,4807.957964544432,12280.044451740747,104416.0,0.0011309021347427617
2025-05-11 20:00:00,7734.7751356148965,0.043523384398059584,4531.915923832352,12266.691059447248,104126.0,-0.0010874058596429537
2025-05-12 00:00:00,7965.674680377752,0.04130532708231907,4299.880418736707,12265.55509911446,104099.9,-9.260527776266958e-05
2025-05-12 04:00:00,8235.18638596644,0.0387258011624284,4046.114303831798,12281.30068979824,104481.1,0.0012837242633165769
2025-05-12 08:00:00,8351.570307572707,0.03760422084940003,3902.1072682563727,12253.677575829079,103767.8,-0.0022492010143605468
2025-05-12 12:00:00,8225.907634069188,0.038829957787849353,3980.8511554060947,12206.758789475283,102520.1,-0.003828955516696819
2025-05-12 16:00:00,7960.31324681152,0.041437415975428014,4220.79447254911,12181.107719360629,101859.5,-0.002101382566580323
2025-05-12 20:00:00,7831.901941821133,0.04268667470672859,4387.763293104632,12219.665234925764,102790.0,0.0031653537965066203
2025-05-13 00:00:00,7497.725050389143,0.04597214705240532,4675.987979214829,12173.713029603972,101713.5,-0.0037605126194826255
2025-05-13 04:00:00,7310.289502160092,0.0477977587036087,4907.395886099505,12217.685388259597,102670.0,0.0036120745206242866
2025-05-13 08:00:00,7284.480938400528,0.048046576140497656,4983.626305515505,12268.107243916034,103724.9,0.004126956461400599
2025-05-13 12:00:00,7230.3932284564835,0.04856822726605458,5035.8257850172295,12266.219013473714,103685.6,-0.00015391375415774178
2025-05-13 16:00:00,7344.779198751866,0.04747664038411614,4975.015426219031,12319.794624970897,104788.7,0.004367736418070978
2025-05-13 20:00:00,7320.258626397663,0.047712125969164146,4968.153939279333,12288.412565676996,104127.7,-0.002547287535970222
2025-05-14 00:00:00,7180.390733674279,0.049062290774608754,5082.519700672199,12262.910434346479,103593.2,-0.0020752990831173213
2025-05-14 04:00:00,7038.131310803177,0.05043394320375375,5230.700942039796,12268.832252842974,103713.9,0.0004829048151497872
2025-05-14 08:00:00,6915.327158464338,0.05161525214541021,5365.715152028264,12281.042310492601,103956.0,0.0009952094378662402
2025-05-14 12:00:00,6695.9281535733,0.05373468069784591,5562.506676479613,12258.434830052913,103518.0,-0.0018408437873691508
2025-05-14 16:00:00,6424.00129035046,0.05636632606589959,5824.309925858979,12248.31121620944,103329.6,-0.0008258488121708485
2025-05-14 20:00:00,6161.365393261982,0.05890387096530518,6096.550644909086,12257.916038171068,103500.0,0.0007841752052246687
2025-05-15 00:00:00,5751.029911696723,0.0628977145888015,6462.236992282644,12213.266903979365,102742.0,-0.0036424734883698795
2025-05-15 04:00:00,5160.255665679468,0.06870168210970037,6993.006818582182,12153.26248426165,101788.0,-0.004913052354416747
2025-05-15 08:00:00,4651.888134173794,0.07366737746872211,7541.764069000147,12193.65220317394,102375.9,0.003323364320041211
2025-05-15 12:00:00,4275.318349886074,0.07731436937213511,7983.087478082873,12258.405827968947,103254.9,0.005310437243580823
2025-05-15 16:00:00,3864.3808520256543,0.0812978079404035,8386.803813843937,12251.18466586959,103161.5,-0.0005890784006253869
2025-05-15 20:00:00,3538.9534666042423,0.08443395263250042,8761.432632630882,12300.386099235124,103766.7,0.004016055157719078
2025-05-16 00:00:00,3239.246659885882,0.08731510336236921,9082.805191594742,12322.051851480624,104023.3,0.0017613879817031108
2025-05-16 04:00:00,2868.09607944692,0.0908940106516895,9426.163374633461,12294.25945408038,103705.0,-0.002255500766855212
2025-05-16 08:00:00,2474.262101088304,0.0946928568045429,9816.997850640571,12291.259951728876,103672.0,-0.00024397584602042777
2025-05-16 12:00:00,2149.4963460816944,0.09780997265971043,10190.615650472644,12340.111996554338,104187.9,0.003974535158911108
2025-05-16 16:00:00,1778.579283496947,0.10137568402038392,10545.433191557604,12324.012475054551,104023.3,-0.001304649544856873
2025-05-16 20:00:00,1294.210559292824,0.10605733012737015,10972.818643773868,12267.029203066691,103461.2,-0.0046237596808020864
2025-05-17 00:00:00,799.2620071661388,0.11083918763375082,11472.465535625195,12271.727542791334,103505.5,0.00038300550580472326
2025-05-17 04:00:00,276.7396263833342,0.11589015313189296,11988.836341494327,12265.575967877661,103450.0,-0.0005012802714386977
2025-05-17 08:00:00,276.7396263833342,0.11589015313189296,11936.453992278712,12213.193618662046,102998.0,-0.00427067993812924
2025-05-17 12:00:00,276.7396263833342,0.11589015313189296,11930.891264928381,12207.630891311715,102950.0,-0.0004554686942677133
2025-05-17 16:00:00,276.7396263833342,0.11589015313189296,11954.416966014154,12231.156592397489,103153.0,0.0019271307672412696
2025-05-17 20:00:00,276.7396263833342,0.11589015313189296,11952.168697043397,12228.908323426731,103133.6,-0.00018381491184205068
2025-05-18 00:00:00,276.7396263833342,0.11589015313189296,11969.43632986005,12246.175956243384,103282.6,0.0014120338757934725
2025-05-18 04:00:00,276.7396263833342,0.11589015313189296,12044.220245676059,12320.959872059393,103927.9,0.006106715768515736
2025-05-18 08:00:00,276.7396263833342,0.11589015313189296,12029.65285342738,12306.392479810715,103802.2,-0.0011823260849760375
2025-05-18 12:00:00,276.7396263833342,0.11589015313189296,12228.253808849504,12504.993435232838,105515.9,0.016138031981991485
2025-05-18 16:00:00,276.7396263833342,0.11589015313189296,12039.005188785122,12315.744815168457,103882.9,-0.015133844015557285
2025-05-18 20:00:00,85.73012127058615,0.11768419687538517,12529.683451866322,12615.413573136908,106468.7,0.024332166869791783
2025-05-19 00:00:00,85.73012127058615,0.11768419687538517,12193.189027740531,12278.919149011117,103609.4,-0.026673277271093032
2025-05-19 04:00:00,85.73012127058615,0.11768419687538517,12147.609938290696,12233.340059561282,103222.1,-0.003711978953253814
2025-05-19 08:00:00,85.73012127058615,0.11768419687538517,12116.823752388094,12202.55387365868,102960.5,-0.002516580570204985
2025-05-19 12:00:00,85.73012127058615,0.11768419687538517,12332.833095752865,12418.563217023451,104796.0,0.017701978258097606
2025-05-19 16:00:00,85.73012127058615,0.11768419687538517,12417.81285431658,12503.542975587166,105518.1,0.006842962191248025
2025-05-19 20:00:00,85.73012127058615,0.11768419687538517,12423.69706416035,12509.427185430935,105568.1,0.00047060340059279504
2025-05-20 00:00:00,85.73012127058615,0.11768419687538517,12445.774619494172,12531.504740764758,105755.7,0.0017648734035988767
2025-05-20 04:00:00,85.73012127058615,0.11768419687538517,12358.994292718264,12444.72441398885,105018.3,-0.006924972584785749
2025-05-20 08:00:00,85.73012127058615,0.11768419687538517,12381.083616471773,12466.813737742359,105206.0,0.0017749950114347435
2025-05-20 12:00:00,85.73012127058615,0.11768419687538517,12396.900372531823,12482.63049380241,105340.4,0.0012687087809908348
2025-05-20 16:00:00,85.73012127058615,0.11768419687538517,12594.315612790282,12680.045734060868,107017.9,0.015815195391426062
2025-05-20 20:00:00,85.73012127058615,0.11768419687538517,12574.097467767093,12659.827589037679,106846.1,-0.0015944851814595484
2025-05-21 00:00:00,85.73012127058615,0.11768419687538517,12573.144225772401,12658.874347042987,106838.0,-7.529660163119178e-05
2025-05-21 04:00:00,85.73012127058615,0.11768419687538517,12534.532040777587,12620.262162048173,106509.9,-0.0030502068301068164
2025-05-21 08:00:00,85.73012127058615,0.11768419687538517,12536.72096683947,12622.451088110056,106528.5,0.00017344537171859464
2025-05-21 12:00:00,85.73012127058615,0.11768419687538517,12824.282301904474,12910.01242317506,108972.0,0.02278173494654112
2025-05-21 16:00:00,85.73012127058615,0.11768419687538517,12782.633864630276,12868.363985900862,108618.1,-0.0032260571027362683
2025-05-21 20:00:00,59.33147419871459,0.11792496642041568,12929.623508240353,12988.954982439067,109642.8,0.009371121043073583
2025-05-22 00:00:00,356.7829038807349,0.1152637778094607,12883.481974496879,13240.264878377613,111773.9,0.019347968814913408
2025-05-22 04:00:00,509.1433049869754,0.113891635034344,12646.333538434,13155.476843420976,111038.3,-0.006403802018727145
2025-05-22 08:00:00,628.4156777243311,0.1128169513399154,12520.842682423769,13149.2583601481,110983.7,-0.0004726915904980089
2025-05-22 12:00:00,778.0654588956788,0.1114726040641756,12408.885044695087,13186.950503590766,111317.8,0.002866484360585675
2025-05-22 16:00:00,884.5464250376363,0.11051504141901411,12289.27260579437,13173.819030832005,111200.0,-0.0009957929814922162
2025-05-22 20:00:00,1048.2475027801706,0.10904952402188359,12181.039027340037,13229.286530120207,111701.9,0.004210434283208775
2025-05-23 00:00:00,1092.0100944069422,0.10865566030337892,12072.839071968736,13164.849166375678,111111.0,-0.0048708117098997805
2025-05-23 04:00:00,1049.2249401867052,0.10904208028190383,12073.346308764927,13122.571248951632,110721.9,-0.0032114243687674238
2025-05-23 08:00:00,719.5949033779607,0.11206384432168504,12224.518076984308,12944.112980362268,109085.3,-0.013599336989968402
2025-05-23 12:00:00,344.97811436465105,0.11550256954454327,12582.919227724271,12927.897342088922,108940.6,-0.001252742331432688
2025-05-23 16:00:00,344.97811436465105,0.11550256954454327,12556.80409675025,12901.7822111149,108714.5,-0.0020200602064652795
2025-05-23 20:00:00,344.97811436465105,0.11550256954454327,12396.197773798562,12741.175888163212,107324.0,-0.012448382736869101
2025-05-24 00:00:00,344.97811436465105,0.11550256954454327,12517.013461542154,12861.991575906804,108370.0,0.00948230279560236
2025-05-24 04:00:00,344.97811436465105,0.11550256954454327,12428.168885048492,12773.146999413142,107600.8,-0.006907528742289504
2025-05-24 08:00:00,344.97811436465105,0.11550256954454327,12612.418583985947,12957.396698350598,109196.0,0.014424769318471142
2025-05-24 12:00:00,344.97811436465105,0.11550256954454327,12582.769074383863,12927.747188748514,108939.3,-0.002288230444149275
2025-05-24 16:00:00,344.97811436465105,0.11550256954454327,12583.35813748854,12928.33625185319,108944.4,4.5565797046842604e-05
2025-05-24 20:00:00,344.97811436465105,0.11550256954454327,12447.388512620702,12792.366626985353,107767.2,-0.010517178871206068
2025-05-25 00:00:00,344.97811436465105,0.11550256954454327,12484.82289541009,12829.801009774741,108091.3,0.0029263062794355754
2025-05-25 04:00:00,344.97811436465105,0.11550256954454327,12437.559243952464,12782.537358317115,107682.1,-0.0036838959093454804
2025-05-25 08:00:00,344.97811436465105,0.11550256954454327,12387.650583652267,12732.628698016917,107250.0,-0.0039044407930264313
2025-05-25 12:00:00,344.97811436465105,0.11550256954454327,12355.691022659292,12700.669137023942,106973.3,-0.0025100520678775773
2025-05-25 16:00:00,344.97811436465105,0.11550256954454327,12440.712464101029,12785.69057846568,107709.4,0.006694248982038964
2025-05-25 20:00:00,344.97811436465105,0.11550256954454327,12590.346042945985,12935.324157310635,109004.9,0.011703206637659225
2025-05-26 00:00:00,344.97811436465105,0.11550256954454327,12661.611128354967,13006.589242719618,109621.9,0.005509338965325128
2025-05-26 04:00:00,344.97811436465105,0.11550256954454327,12715.562378589224,13060.540492953874,110089.0,0.0041479936997668165
2025-05-26 08:00:00,344.97811436465105,0.11550256954454327,12680.322544621184,13025.300658985834,109783.9,-0.0026981910884202875
2025-05-26 12:00:00,344.97811436465105,0.11550256954454327,12705.848612490527,13050.826726855177,110004.9,0.0019597296475251103
2025-05-26 16:00:00,344.97811436465105,0.11550256954454327,12604.044647693967,12949.022762058617,109123.5,-0.007800575927276232
2025-05-26 20:00:00,344.97811436465105,0.11550256954454327,12640.358655558772,12985.336769923422,109437.9,0.0028043821168657335
2025-05-27 00:00:00,344.97811436465105,0.11550256954454327,12576.658988454956,12921.637102819606,108886.4,-0.004905507514549545
2025-05-27 04:00:00,344.97811436465105,0.11550256954454327,12652.116817138407,12997.094931503058,109539.7,0.005839649270678482
2025-05-27 08:00:00,344.97811436465105,0.11550256954454327,12657.718691761316,13002.696806125967,109588.2,0.0004310097489039766
2025-05-27 12:00:00,344.97811436465105,0.11550256954454327,12722.1113742824,13067.08948864705,110145.7,0.004952255942070938
2025-05-27 16:00:00,344.97811436465105,0.11550256954454327,12692.011404659092,13036.989519023742,109885.1,-0.002303494565446984
2025-05-27 20:00:00,344.97811436465105,0.11550256954454327,12582.387915904366,12927.366030269017,108936.0,-0.008408650524322492
2025-05-28 00:00:00,344.97811436465105,0.11550256954454327,12573.228562139484,12918.206676504135,108856.7,-0.0007085243616863357
2025-05-28 04:00:00,344.97811436465105,0.11550256954454327,12568.55070807293,12913.52882243758,108816.2,-0.00036211327033985885
2025-05-28 08:00:00,344.97811436465105,0.11550256954454327,12574.244984751476,12919.223099116127,108865.5,0.00044095434771107556
2025-05-28 12:00:00,344.97811436465105,0.11550256954454327,12371.838281881619,12716.81639624627,107113.1,-0.015667095561164635
2025-05-28 16:00:00,344.97811436465105,0.11550256954454327,12351.23262347487,12696.210737839521,106934.7,-0.0016203472445218692
2025-05-28 20:00:00,344.97811436465105,0.11550256954454327,12449.317405532096,12794.295519896747,107783.9,0.007725516225474793
2025-05-29 00:00:00,344.97811436465105,0.11550256954454327,12478.424053057322,12823.402167421973,108035.9,0.0022749707070595093
2025-05-29 04:00:00,344.97811436465105,0.11550256954454327,12460.798360944826,12805.776475309476,107883.3,-0.0013744942163067542
2025-05-29 08:00:00,344.97811436465105,0.11550256954454327,12564.50811813887,12909.486232503521,108781.2,0.008098669955235005
2025-05-29 12:00:00,344.97811436465105,0.11550256954454327,12362.702028630645,12707.680142995296,107034.0,-0.015632387367989775
2025-05-29 16:00:00,344.97811436465105,0.11550256954454327,12211.33591124252,12556.314025607171,105723.5,-0.011911388678724322
2025-05-29 20:00:00,344.97811436465105,0.11550256954454327,12195.4658581871,12540.443972551751,105586.1,-0.0012639101748375126
2025-05-30 00:00:00,344.97811436465105,0.11550256954454327,12246.298539043653,12591.276653408304,106026.2,0.004053499299371932
2025-05-30 04:00:00,344.97811436465105,0.11550256954454327,12131.408133117697,12476.386247482347,105031.5,-0.009124603413019017
2025-05-30 08:00:00,344.97811436465105,0.11550256954454327,12228.799899757656,12573.778014122307,105874.7,0.00780608781325709
2025-05-30 12:00:00,344.97811436465105,0.11550256954454327,12190.002586647644,12534.980701012295,105538.8,-0.0030855732514473155
2025-05-30 16:00:00,344.97811436465105,0.11550256954454327,12085.830819175419,12430.80893354007,104636.9,-0.008310484870855284
2025-05-30 20:00:00,344.97811436465105,0.11550256954454327,12012.255682375546,12357.233796740196,103999.9,-0.005918773041499903
2025-05-31 00:00:00,344.97811436465105,0.11550256954454327,11974.77509855834,12319.753212922991,103675.4,-0.003033088507809256
2025-05-31 04:00:00,344.97811436465105,0.11550256954454327,11984.696769282218,12329.674883646869,103761.3,0.0008053465481330235
2025-05-31 08:00:00,344.97811436465105,0.11550256954454327,11955.058809937087,12300.036924301738,103504.7,-0.002403790823749974
2025-05-31 12:00:00,344.97811436465105,0.11550256954454327,12076.278756674086,12421.256871038737,104554.2,0.009855250637296864
2025-05-31 16:00:00,344.97811436465105,0.11550256954454327,12093.731194932267,12438.709309296917,104705.3,0.0014050460786196872
2025-05-31 20:00:00,344.97811436465105,0.11550256954454327,12081.199166136685,12426.177280501335,104596.8,-0.0010075023448143927
2025-06-01 00:00:00,344.97811436465105,0.11550256954454327,12056.181309573336,12401.159423937987,104380.2,-0.0020133188187010376
2025-06-01 04:00:00,344.97811436465105,0.11550256954454327,12045.127713667922,12390.105828032572,104284.5,-0.0008913356830231312
2025-06-01 08:00:00,344.97811436465105,0.11550256954454327,12022.004099245105,12366.982213609755,104084.3,-0.0018662967648347406
2025-06-01 12:00:00,344.97811436465105,0.11550256954454327,12094.49351189126,12439.47162625591,104711.9,0.005861528010154382
2025-06-01 16:00:00,344.97811436465105,0.11550256954454327,12142.300025425748,12487.278139790398,105125.8,0.0038431305581807518
2025-06-01 20:00:00,344.97811436465105,0.11550256954454327,12201.864700539869,12546.84281490452,105641.5,0.004770028700195272
2025-06-02 00:00:00,344.97811436465105,0.11550256954454327,12109.046835653873,12454.024950018524,104837.9,-0.0073977068379095234
2025-06-02 04:00:00,344.97811436465105,0.11550256954454327,12173.601221772318,12518.579336136969,105396.8,0.00518341551245638
2025-06-02 08:00:00,344.97811436465105,0.11550256954454327,12018.573672929633,12363.551787294284,104054.6,-0.012383797288816334
2025-06-02 12:00:00,344.97811436465105,0.11550256954454327,12062.395347814832,12407.373462179483,104434.0,0.0035444244210012243
2025-06-02 16:00:00,344.97811436465105,0.11550256954454327,12062.152792418789,12407.130906783439,104431.9,-1.9549294359766378e-05
2025-06-02 20:00:00,344.97811436465105,0.11550256954454327,12225.635129352135,12570.613243716785,105847.3,0.013176481989398914
2025-06-03 00:00:00,344.97811436465105,0.11550256954454327,12184.470013566459,12529.44812793111,105490.9,-0.0032747102299286457
2025-06-03 04:00:00,344.97811436465105,0.11550256954454327,12149.091576514968,12494.069690879618,105184.6,-0.002823622931374281
2025-06-03 08:00:00,344.97811436465105,0.11550256954454327,12161.41570068537,12506.39381505002,105291.3,0.000986397905191616
2025-06-03 12:00:00,344.97811436465105,0.11550256954454327,12316.062091048558,12661.040205413208,106630.2,0.012365386269628686
2025-06-03 16:00:00,344.97811436465105,0.11550256954454327,12271.073840210958,12616.051954575609,106240.7,-0.0035532823612995923
2025-06-03 20:00:00,344.97811436465105,0.11550256954454327,12172.434645819918,12517.412760184568,105386.7,-0.007818546938946791
2025-06-04 00:00:00,344.97811436465105,0.11550256954454327,12188.30469887534,12533.28281323999,105524.1,0.0012678381195434518
2025-06-04 04:00:00,344.97811436465105,0.11550256954454327,12163.51784745108,12508.49596181573,105309.5,-0.0019776822875229305
2025-06-04 08:00:00,344.97811436465105,0.11550256954454327,12139.77051915272,12484.74863351737,105103.9,-0.001898495899974817
2025-06-04 12:00:00,344.97811436465105,0.11550256954454327,12162.732429978176,12507.710544342826,105302.7,0.0018391968872975006
2025-06-04 16:00:00,344.97811436465105,0.11550256954454327,12117.328369890218,12462.306484254868,104909.6,-0.003630085612150169
2025-06-04 20:00:00,344.97811436465105,0.11550256954454327,12090.866731207561,12435.844845572212,104680.5,-0.0021233339684021413
2025-06-05 00:00:00,344.97811436465105,0.11550256954454327,12132.158899819737,12477.137014184387,105038.0,0.0033204152291170796
2025-06-05 04:00:00,344.97811436465105,0.11550256954454327,12072.99848369902,12417.976598063671,104525.8,-0.004741505687840153
2025-06-05 08:00:00,344.97811436465105,0.11550256954454327,12105.893615505307,12450.871729869958,104810.6,0.0026489928972337484
2025-06-05 12:00:00,344.97811436465105,0.11550256954454327,12074.592419158736,12419.570533523387,104539.6,-0.002513976292236486
2025-06-05 16:00:00,344.97811436465105,0.11550256954454327,11771.964136695078,12116.942251059729,101919.5,-0.024367048896480892
2025-06-05 20:00:00,344.97811436465105,0.11550256954454327,11723.510808771141,12068.488923135792,101500.0,-0.003998808191043368
2025-06-06 00:00:00,344.97811436465105,0.11550256954454327,11838.551368037508,12183.529482402158,102496.0,0.00953230847698161
2025-06-06 04:00:00,344.97811436465105,0.11550256954454327,11913.974545950094,12258.952660314744,103149.0,0.006190585250483105
2025-06-06 08:00:00,344.97811436465105,0.11550256954454327,12004.054999937882,12349.033114302532,103928.9,0.007348136213903622
2025-06-06 12:00:00,344.97811436465105,0.11550256954454327,12138.650144228139,12483.62825859279,105094.2,0.010899245555862302
2025-06-06 16:00:00,344.97811436465105,0.11550256954454327,12038.648019516473,12383.626133881124,104228.4,-0.008010661855685441
2025-06-06 20:00:00,344.97811436465105,0.11550256954454327,12046.398241932913,12391.376356297564,104295.5,0.000625844347418969
2025-06-07 00:00:00,344.97811436465105,0.11550256954454327,12113.620737407837,12458.598851772487,104877.5,0.0054249417935530175
2025-06-07 04:00:00,344.97811436465105,0.11550256954454327,12111.460839357354,12456.438953722005,104858.8,-0.00017336604831574842
2025-06-07 08:00:00,344.97811436465105,0.11550256954454327,12144.344420906686,12489.322535271336,105143.5,0.00263988622041178
2025-06-07 12:00:00,344.97811436465105,0.11550256954454327,12192.254886753763,12537.233001118413,105558.3,0.0038361140655764903
2025-06-07 16:00:00,344.97811436465105,0.11550256954454327,12212.075127687605,12557.053242052256,105729.9,0.0015809103118746837
2025-06-07 20:00:00,344.97811436465105,0.11550256954454327,12191.712024676903,12536.690139041553,105553.6,-0.0016216466250623673
2025-06-08 00:00:00,344.97811436465105,0.11550256954454327,12182.725924766337,12527.704039130987,105475.8,-0.0007167840802398961
2025-06-08 04:00:00,344.97811436465105,0.11550256954454327,12177.170251171245,12522.148365535895,105427.7,-0.0004434710125446051
2025-06-08 08:00:00,344.97811436465105,0.11550256954454327,12205.549232508338,12550.527346872988,105673.4,0.0022663029145382207
2025-06-08 12:00:00,344.97811436465105,0.11550256954454327,12240.396357739928,12585.374472104579,105975.1,0.0027765466954878804
2025-06-08 16:00:00,344.97811436465105,0.11550256954454327,12278.13104721013,12623.109161574781,106301.8,0.0029982969163009354
2025-06-08 20:00:00,344.97811436465105,0.11550256954454327,12211.982725631971,12556.960839996622,105729.1,-0.005240255845961994
2025-06-09 00:00:00,344.97811436465105,0.11550256954454327,12204.87931760498,12549.85743196963,105667.6,-0.0005656948458711009
2025-06-09 04:00:00,344.97811436465105,0.11550256954454327,12192.185585212035,12537.163699576686,105557.7,-0.001011464270550877
2025-06-09 08:00:00,344.97811436465105,0.11550256954454327,12446.753248488209,12791.73136285286,107761.7,0.020305044217040047
2025-06-09 12:00:00,344.97811436465105,0.11550256954454327,12432.477130892503,12777.455245257153,107638.1,-0.0011160426365084408
2025-06-09 16:00:00,344.97811436465105,0.11550256954454327,12540.16017647888,12885.13829084353,108570.4,0.008427581511298854
2025-06-09 20:00:00,344.97811436465105,0.11550256954454327,12736.121835968153,13081.099950332804,110267.0,0.01520834740505106
2025-06-10 00:00:00,344.97811436465105,0.11550256954454327,12656.69071889237,13001.668833257021,109579.3,-0.006072204736403797
2025-06-10 04:00:00,344.97811436465105,0.11550256954454327,12614.26662509866,12959.24473946331,109212.0,-0.003262972956609489
2025-06-10 08:00:00,344.97811436465105,0.11550256954454327,12653.237192062988,12998.215306427639,109549.4,0.003007163437978466
2025-06-10 12:00:00,344.97811436465105,0.11550256954454327,12592.54059176733,12937.518706131981,109023.9,-0.00466961031685964
2025-06-10 16:00:00,344.97811436465105,0.11550256954454327,12648.628639538161,12993.606753902812,109509.5,0.004335301771911437
2025-06-10 20:00:00,344.97811436465105,0.11550256954454327,12736.941904211919,13081.92001857657,110274.1,0.006796670573952168
2025-06-11 00:00:00,344.97811436465105,0.11550256954454327,12672.837978114698,13017.816092479348,109719.1,-0.004900192479864729
2025-06-11 04:00:00,344.97811436465105,0.11550256954454327,12640.50880889918,12985.48692326383,109439.2,-0.002483455672276369
2025-06-11 08:00:00,344.97811436465105,0.11550256954454327,12618.159061692311,12963.137176056962,109245.7,-0.0017211327799212528
2025-06-11 12:00:00,344.97811436465105,0.11550256954454327,12675.633140297676,13020.611254662326,109743.3,0.004433655050069207
2025-06-11 16:00:00,344.97811436465105,0.11550256954454327,12560.812035913445,12905.790150278095,108749.2,-0.00881841122037319
2025-06-11 20:00:00,344.97811436465105,0.11550256954454327,12548.857519965584,12893.835634330235,108645.7,-0.0009262908980123274
2025-06-12 00:00:00,344.97811436465105,0.11550256954454327,12458.592261866524,12803.570376231175,107864.2,-0.0070006521456443815
2025-06-12 04:00:00,344.97811436465105,0.11550256954454327,12431.645512391782,12776.623626756433,107630.9,-0.002104627747020249
2025-06-12 08:00:00,344.97811436465105,0.11550256954454327,12348.391260264076,12693.369374628726,106910.1,-0.006516138735851773
2025-06-12 12:00:00,344.97811436465105,0.11550256954454327,12360.807786490115,12705.785900854766,107017.6,0.0009781899399270433
2025-06-12 16:00:00,344.97811436465105,0.11550256954454327,12335.200866822088,12680.178981186738,106795.9,-0.002015374717301399
2025-06-12 20:00:00,344.97811436465105,0.11550256954454327,12204.440407840711,12549.418522205362,105663.8,-0.010312193477346243
2025-06-13 00:00:00,344.97811436465105,0.11550256954454327,12045.497321890465,12390.475436255116,104287.7,-0.012665374548550323
2025-06-13 04:00:00,344.97811436465105,0.11550256954454327,12115.907688284819,12460.885802649469,104897.3,0.005682620231692637
2025-06-13 08:00:00,344.97811436465105,0.11550256954454327,12132.135799305828,12477.113913670479,105037.8,0.001302324030411972
2025-06-13 12:00:00,344.97811436465105,0.11550256954454327,12177.551409650741,12522.529524015392,105431.0,0.0036399130968223226
2025-06-13 16:00:00,344.97811436465105,0.11550256954454327,12139.539514013632,12484.517628378282,105101.9,-0.003035480616293329
2025-06-13 20:00:00,344.97811436465105,0.11550256954454327,12250.907091568482,12595.885205933133,106066.1,0.00892045498832128
2025-06-14 00:00:00,344.97811436465105,0.11550256954454327,12155.629021951187,12500.607136315837,105241.2,-0.0075642218120896
2025-06-14 04:00:00,344.97811436465105,0.11550256954454327,12135.958934357752,12480.937048722402,105070.9,-0.0015735305796700239
2025-06-14 08:00:00,344.97811436465105,0.11550256954454327,12138.280536005597,12483.258650370248,105091.0,0.000186011806547981
2025-06-14 12:00:00,344.97811436465105,0.11550256954454327,12108.49242332006,12453.47053768471,104833.1,-0.002386244931699255
2025-06-14 16:00:00,344.97811436465105,0.11550256954454327,12087.505606433815,12432.483720798466,104651.4,-0.0016852183351410144
2025-06-14 20:00:00,344.97811436465105,0.11550256954454327,12175.229808002896,12520.207922367546,105410.9,0.007056047973931889
2025-06-15 00:00:00,344.97811436465105,0.11550256954454327,12183.026231447153,12528.004345811803,105478.4,0.0006227071860627209
2025-06-15 04:00:00,344.97811436465105,0.11550256954454327,12177.447457338152,12522.425571702803,105430.1,-0.00044530429228861745
2025-06-15 08:00:00,344.97811436465105,0.11550256954454327,12125.459750786153,12470.437865150803,104980.0,-0.004151568420536433
2025-06-15 12:00:00,344.97811436465105,0.11550256954454327,12193.375261678344,12538.353376042995,105568.0,0.0054461207879463736
2025-06-15 16:00:00,344.97811436465105,0.11550256954454327,12162.593826894723,12507.571941259373,105301.5,-0.0024549822341453087
2025-06-15 20:00:00,344.97811436465105,0.11550256954454327,12194.749742255923,12539.727856620573,105579.9,0.0025709158829720913
2025-06-16 00:00:00,344.97811436465105,0.11550256954454327,12233.939764102388,12578.917878467038,105919.2,0.0031252689288447932
2025-06-16 04:00:00,344.97811436465105,0.11550256954454327,12365.924550320937,12710.902664685587,107061.9,0.010492538984174793
2025-06-16 08:00:00,344.97811436465105,0.11550256954454327,12346.808875061315,12691.786989425966,106896.4,-0.0015038802328909417
2025-06-16 12:00:00,344.97811436465105,0.11550256954454327,12409.13406158755,12754.112175952201,107436.0,0.004910670702097386
2025-06-16 16:00:00,344.97811436465105,0.11550256954454327,12549.80464103585,12894.7827554005,108653.9,0.011029429372083843
2025-06-16 20:00:00,344.97811436465105,0.11550256954454327,12336.113337121491,12681.091451486142,106803.8,-0.016571919664552848
2025-06-17 00:00:00,344.97811436465105,0.11550256954454327,12427.602922457723,12772.581036822374,107595.9,0.00721464597004462
2025-06-17 04:00:00,344.97811436465105,0.11550256954454327,12332.070747187432,12677.048861552083,106768.8,-0.007479473020752803
2025-06-17 08:00:00,344.97811436465105,0.11550256954454327,12201.079283066965,12546.057397431616,105634.7,-0.010332961996995071
2025-06-17 12:00:00,344.97811436465105,0.11550256954454327,12040.461409858324,12385.439524222975,104244.1,-0.012802258759116003
2025-06-17 16:00:00,344.97811436465105,0.11550256954454327,12091.282540457923,12436.260654822574,104684.1,0.0041032964958735985
2025-06-17 20:00:00,344.97811436465105,0.11550256954454327,12077.410681855623,12422.388796220273,104564.0,-0.0011154364633649827
2025-06-18 00:00:00,344.97811436465105,0.11550256954454327,12149.080026258012,12494.058140622663,105184.5,0.005769368965830246
2025-06-18 04:00:00,344.97811436465105,0.11550256954454327,12125.1940948762,12470.17220924085,104977.7,-0.001911783274335055
2025-06-18 08:00:00,344.97811436465105,0.11550256954454327,12110.340464432773,12455.318578797423,104849.1,-0.0011911327441348485
2025-06-18 12:00:00,344.97811436465105,0.11550256954454327,12104.218828246912,12449.196942611563,104796.1,-0.0004914877244714955
2025-06-18 16:00:00,344.97811436465105,0.11550256954454327,11991.476770114483,12336.454884479133,103820.0,-0.009056171145187086
2025-06-18 20:00:00,344.97811436465105,0.11550256954454327,12115.0760697841,12460.05418414875,104890.1,0.010019029034436855
2025-06-19 00:00:00,344.97811436465105,0.11550256954454327,12138.511541144686,12483.489655509336,105093.0,0.001880848270338964
2025-06-19 04:00:00,344.97811436465105,0.11550256954454327,12087.12444795432,12432.10256231897,104648.1,-0.004116404515758676
2025-06-19 08:00:00,344.97811436465105,0.11550256954454327,12100.973206042709,12445.95132040736,104768.0,0.0011139514027469488
2025-06-19 12:00:00,344.97811436465105,0.11550256954454327,12024.291050122089,12369.26916448674,104104.1,-0.006161212907436542
2025-06-19 16:00:00,344.97811436465105,0.11550256954454327,12041.28147810209,12386.25959246674,104251.2,0.0013735999883308647
2025-06-19 20:00:00,344.97811436465105,0.11550256954454327,12087.62110900336,12432.59922336801,104652.4,0.003741212636093394
2025-06-20 00:00:00,344.97811436465105,0.11550256954454327,12081.025912282366,12426.004026647017,104595.3,-0.0005304760977573597
2025-06-20 04:00:00,344.97811436465105,0.11550256954454327,12220.841772716036,12565.819887080686,105805.8,0.011251876317908804
2025-06-20 08:00:00,344.97811436465105,0.11550256954454327,12240.939219816788,12585.917334181438,105979.8,0.0015993741181516974
2025-06-20 12:00:00,344.97811436465105,0.11550256954454327,12037.920353328343,12382.898467692994,104222.1,-0.016130637211248522
2025-06-20 16:00:00,344.97811436465105,0.11550256954454327,11932.362555021586,12277.340669386236,103308.2,-0.008524482259315791
2025-06-20 20:00:00,344.97811436465105,0.11550256954454327,11931.946745771225,12276.924860135876,103304.6,-3.386802252680621e-05
2025-06-21 00:00:00,344.97811436465105,0.11550256954454327,11953.684329359508,12298.662443724159,103492.8,0.0017706049223178422
2025-06-21 04:00:00,344.97811436465105,0.11550256954454327,11950.831415891758,12295.809530256409,103468.1,-0.00023196940974712366
2025-06-21 08:00:00,344.97811436465105,0.11550256954454327,11998.406924287156,12343.385038651806,103880.0,0.0038692457197166963
2025-06-21 12:00:00,344.97811436465105,0.11550256954454327,11962.150667707123,12307.128782071773,103566.1,-0.0029373025686633136
2025-06-21 16:00:00,344.97811436465105,0.11550256954454327,11810.86540211768,12155.843516482331,102256.3,-0.012292490658733057
2025-06-21 20:00:00,344.97811436465105,0.11550256954454327,11795.630613194755,12140.608727559405,102124.4,-0.001253289325604534
2025-06-22 00:00:00,344.97811436465105,0.11550256954454327,11825.719032561108,12170.697146925759,102384.9,0.002478328726470913
2025-06-22 04:00:00,344.97811436465105,0.11550256954454327,11832.325779539056,12177.303893903707,102442.1,0.0005428404715186463
2025-06-22 08:00:00,344.97811436465105,0.11550256954454327,11866.64159295074,12211.61970731539,102739.2,0.002818014045692374
2025-06-22 12:00:00,344.97811436465105,0.11550256954454327,11424.509306991184,11769.487421355834,98911.3,-0.03620586757174371
2025-06-22 16:00:00,344.97811436465105,0.11550256954454327,11421.367637099573,11766.345751464223,98884.1,-0.00026693345080686104
2025-06-22 20:00:00,344.97811436465105,0.11550256954454327,11659.891993466008,12004.870107830659,100949.2,0.020271744635478983
2025-06-23 00:00:00,344.97811436465105,0.11550256954454327,11684.597993091586,12029.576107456236,101163.1,0.0020579980794179775
2025-06-23 04:00:00,344.97811436465105,0.11550256954454327,11773.8352783217,12118.81339268635,101935.7,0.007418157084920329
2025-06-23 08:00:00,344.97811436465105,0.11550256954454327,11700.16773946619,12045.14585383084,101297.9,-0.0060787749153699
2025-06-23 12:00:00,344.97811436465105,0.11550256954454327,11715.59888275734,12060.57699712199,101431.5,0.0012811088780833035
2025-06-23 16:00:00,344.97811436465105,0.11550256954454327,11915.349026527674,12260.327140892325,103160.9,0.016562237761758913
2025-06-23 20:00:00,344.97811436465105,0.11550256954454327,12168.8887169349,12513.86683129955,105356.0,0.020679683950812766
2025-06-24 00:00:00,344.97811436465105,0.11550256954454327,12118.52959661348,12463.50771097813,104920.0,-0.0040242653210487145
2025-06-24 04:00:00,344.97811436465105,0.11550256954454327,12120.262135156649,12465.2402495213,104935.0,0.0001390089037007769
2025-06-24 08:00:00,344.97811436465105,0.11550256954454327,12148.017402618203,12492.995516982854,105175.3,0.0022266131182364646
2025-06-24 12:00:00,344.97811436465105,0.11550256954454327,12155.2709639856,12500.24907835025,105238.1,0.000580610259367953
2025-06-24 16:00:00,344.97811436465105,0.11550256954454327,12202.846472380996,12547.824586745646,105650.0,0.0038059648329562545
2025-06-24 20:00:00,344.97811436465105,0.11550256954454327,12254.14116351573,12599.11927788038,106094.1,0.004087934986668262
2025-06-25 00:00:00,344.97811436465105,0.11550256954454327,12270.750433016234,12615.728547380884,106237.9,0.0013182881385735978
2025-06-25 04:00:00,344.97811436465105,0.11550256954454327,12312.573913448312,12657.552027812962,106600.0,0.003315185506330698
2025-06-25 08:00:00,344.97811436465105,0.11550256954454327,12380.859032563047,12725.837146927697,107191.2,0.0053948124380360785
2025-06-25 12:00:00,344.97811436465105,0.11550256954454327,12362.771330172372,12707.749444537023,107034.6,-0.001421336936960671
2025-06-25 16:00:00,344.97811436465105,0.11550256954454327,12446.26813769612,12791.246252060771,107757.5,0.0065705424778927934
2025-06-25 20:00:00,344.97811436465105,0.11550256954454327,12397.526053348325,12742.504167712976,107335.5,-0.0038105813450306503
2025-06-26 00:00:00,344.97811436465105,0.11550256954454327,12457.980098247937,12802.958212612588,107858.9,0.0047442829214676685
2025-06-26 04:00:00,344.97811436465105,0.11550256954454327,12452.64387953498,12797.621993899631,107812.7,-0.00041679576113118344
2025-06-26 08:00:00,344.97811436465105,0.11550256954454327,12398.068915425183,12743.047029789834,107340.2,-0.004264461330066749
2025-06-26 12:00:00,344.97811436465105,0.11550256954454327,12395.273753242205,12740.251867606856,107316.0,-0.000219348023784538
2025-06-26 16:00:00,344.97811436465105,0.11550256954454327,12421.608339098362,12766.586453463013,107544.0,0.002067038087615325
2025-06-26 20:00:00,344.97811436465105,0.11550256954454327,12354.478245679073,12699.456360043723,106962.8,-0.005258264898294729
2025-06-27 00:00:00,344.97811436465105,0.11550256954454327,12413.742614112378,12758.720728477028,107475.9,0.0046666854669281665
2025-06-27 04:00:00,344.97811436465105,0.11550256954454327,12343.366898488888,12688.345012853539,106866.6,-0.005515891218342395
2025-06-27 08:00:00,344.97811436465105,0.11550256954454327,12358.705639724403,12703.683754089054,106999.4,0.00120888431233368
2025-06-27 12:00:00,344.97811436465105,0.11550256954454327,12394.915695276617,12739.893809641268,107312.9,0.0028503587032822075
2025-06-27 16:00:00,344.97811436465105,0.11550256954454327,12336.979606393075,12681.957720757726,106811.3,-0.004547611600945745
2025-06-27 20:00:00,344.97811436465105,0.11550256954454327,12365.012080021535,12709.990194386186,107054.0,0.0022104216277725186
2025-06-28 00:00:00,344.97811436465105,0.11550256954454327,12392.501691573136,12737.479805937786,107292.0,0.0021628349928815016
2025-06-28 04:00:00,344.97811436465105,0.11550256954454327,12414.932290578687,12759.910404943337,107486.2,0.0017609919189112144
2025-06-28 08:00:00,344.97811436465105,0.11550256954454327,12401.256786344613,12746.234900709263,107367.8,-0.001071755506118266
2025-06-28 12:00:00,344.97811436465105,0.11550256954454327,12410.924351415491,12755.902465780142,107451.5,0.0007584643736904262
2025-06-28 16:00:00,344.97811436465105,0.11550256954454327,12384.682167614972,12729.660281979623,107224.3,-0.0020572581101900855
2025-06-28 20:00:00,344.97811436465105,0.11550256954454327,12393.737569067263,12738.715683431914,107302.7,0.000711362381375702
2025-06-29 00:00:00,344.97811436465105,0.11550256954454327,12383.550242433435,12728.528356798086,107214.5,-0.0007997137927395759
2025-06-29 04:00:00,344.97811436465105,0.11550256954454327,12406.581454800616,12751.559569165267,107413.9,0.001809416746507031
2025-06-29 08:00:00,344.97811436465105,0.11550256954454327,12529.649442650327,12874.627557014977,108479.4,0.009651210676010491
2025-06-29 12:00:00,344.97811436465105,0.11550256954454327,12444.720403264226,12789.698517628876,107744.1,-0.006596621068065467
2025-06-29 16:00:00,344.97811436465105,0.11550256954454327,12404.975969083947,12749.954083448598,107400.0,-0.003107534874688067
2025-06-29 20:00:00,344.97811436465105,0.11550256954454327,12516.031689701025,12861.009804065676,108361.5,0.008710283965747356
2025-06-30 00:00:00,344.97811436465105,0.11550256954454327,12532.721811000212,12877.699925364863,108506.0,0.0012977302368519794
2025-06-30 04:00:00,344.97811436465105,0.11550256954454327,12430.502036953292,12775.480151317943,107621.0,-0.007937735359524911
2025-06-30 08:00:00,344.97811436465105,0.11550256954454327,12435.27229307548,12780.250407440131,107662.3,0.000373391533287748
2025-06-30 12:00:00,344.97811436465105,0.11550256954454327,12425.200469011197,12770.178583375848,107575.1,-0.000788077208441873
2025-06-30 16:00:00,344.97811436465105,0.11550256954454327,12443.79638270787,12788.77449707252,107736.1,0.0014561984059393573
2025-06-30 20:00:00,344.97811436465105,0.11550256954454327,12374.945301002366,12719.923415367017,107140.0,-0.005383712233041904
2025-07-01 00:00:00,344.97811436465105,0.11550256954454327,12381.51739720945,12726.495511574101,107196.9,0.0005166773409299719
2025-07-01 04:00:00,344.97811436465105,0.11550256954454327,12380.038964319281,12725.017078683932,107184.1,-0.00011616967835526015
2025-07-01 08:00:00,344.97811436465105,0.11550256954454327,12314.202499678891,12659.180614043542,106614.1,-0.005173782025854723
2025-07-01 12:00:00,344.97811436465105,0.11550256954454327,12238.87172382194,12583.84983818659,105961.9,-0.00595068339363003
2025-07-01 16:00:00,344.97811436465105,0.11550256954454327,12173.116110980232,12518.094225344883,105392.6,-0.005225397131024767
2025-07-01 20:00:00,344.97811436465105,0.11550256954454327,12207.247120280645,12552.225234645295,105688.1,0.002726533982409851
2025-07-02 00:00:00,344.97811436465105,0.11550256954454327,12265.21785993505,12610.1959742997,106190.0,0.004618363562693295
2025-07-02 04:00:00,344.97811436465105,0.11550256954454327,12368.026697086649,12713.0048114513,107080.1,0.008152834211389681
2025-07-02 08:00:00,344.97811436465105,0.11550256954454327,12414.204624390555,12759.182738755206,107479.9,0.0036323377508920007
2025-07-02 12:00:00,344.97811436465105,0.11550256954454327,12560.361575892222,12905.339690256873,108745.3,0.011455040224302548
2025-07-02 16:00:00,344.97811436465105,0.11550256954454327,12667.848267110372,13012.826381475023,109675.9,0.008328854086599335
2025-07-02 20:00:00,344.97811436465105,0.11550256954454327,12571.172616401589,12916.15073076624,108838.9,-0.007429258477344325
2025-07-03 00:00:00,344.97811436465105,0.11550256954454327,12547.968150180091,12892.946264544742,108638.0,-0.0017965465644671497
2025-07-03 04:00:00,344.97811436465105,0.11550256954454327,12621.416234153467,12966.394348518117,109273.9,0.005696764918299291
2025-07-03 08:00:00,344.97811436465105,0.11550256954454327,12658.91991848458,13003.89803284923,109598.6,0.002892375730914054
2025-07-03 12:00:00,344.97811436465105,0.11550256954454327,12604.587509770827,12949.565624135477,109128.2,-0.00417816323816933
2025-07-03 16:00:00,344.97811436465105,0.11550256954454327,12681.800977511353,13026.779091876004,109796.7,0.005962629943093711
2025-07-03 20:00:00,344.97811436465105,0.11550256954454327,12658.319305122948,13003.297419487599,109593.4,-0.001802569324526937
2025-07-04 00:00:00,344.97811436465105,0.11550256954454327,12617.512247302862,12962.490361667513,109240.1,-0.003138208448491664
2025-07-04 04:00:00,344.97811436465105,0.11550256954454327,12555.475817200488,12900.453931565138,108703.0,-0.004785841946376879
2025-07-04 08:00:00,344.97811436465105,0.11550256954454327,12577.987268004717,12922.965382369368,108897.9,0.0017450123014004504
2025-07-04 12:00:00,344.97811436465105,0.11550256954454327,12427.175562950408,12772.153677315058,107592.2,-0.011670054093007143
2025-07-04 16:00:00,344.97811436465105,0.11550256954454327,12414.666634668734,12759.644749033385,107483.9,-0.0009793906805154462
2025-07-04 20:00:00,344.97811436465105,0.11550256954454327,12472.591173295323,12817.569287659973,107985.4,0.004539667033518047
2025-07-05 00:00:00,344.97811436465105,0.11550256954454327,12492.31901217353,12837.29712653818,108156.2,0.001539124808726422
2025-07-05 04:00:00,344.97811436465105,0.11550256954454327,12480.953559330348,12825.931673694999,108057.8,-0.0008853462478239926
2025-07-05 08:00:00,344.97811436465105,0.11550256954454327,12486.30132830026,12831.27944266491,108104.1,0.0004169497472747974
2025-07-05 12:00:00,344.97811436465105,0.11550256954454327,12480.965109587301,12825.943223951952,108057.9,-0.00041587580855073636
2025-07-05 16:00:00,344.97811436465105,0.11550256954454327,12490.898330568132,12835.876444932783,108143.9,0.0007744631959918369
2025-07-05 20:00:00,344.97811436465105,0.11550256954454327,12497.34337394872,12842.32148831337,108199.7,0.0005021116717847107
2025-07-06 00:00:00,344.97811436465105,0.11550256954454327,12478.70125922423,12823.67937358888,108038.3,-0.0014516156398556301
2025-07-06 04:00:00,344.97811436465105,0.11550256954454327,12477.696386869193,12822.674501233843,108029.6,-7.836068929689688e-05
2025-07-06 08:00:00,344.97811436465105,0.11550256954454327,12483.483065603374,12828.461179968024,108079.7,0.00045128484963297133
2025-07-06 12:00:00,344.97811436465105,0.11550256954454327,12579.373298839253,12924.351413203904,108909.9,0.0074748040229184465
2025-07-06 16:00:00,344.97811436465105,0.11550256954454327,12537.214860955493,12882.192975320144,108544.9,-0.003261938377866258
2025-07-06 20:00:00,344.97811436465105,0.11550256954454327,12613.180900944943,12958.159015309593,109202.6,0.005896980439199062
2025-07-07 00:00:00,344.97811436465105,0.11550256954454327,12635.184140443178,12980.162254807829,109393.1,0.0016980220316975547
2025-07-07 04:00:00,344.97811436465105,0.11550256954454327,12597.634255084246,12942.612369448896,109068.0,-0.002892867178530434
2025-07-07 08:00:00,344.97811436465105,0.11550256954454327,12549.712238980215,12894.690353344866,108653.1,-0.0037026540497457905
2025-07-07 12:00:00,344.97811436465105,0.11550256954454327,12509.14773655617,12854.12585092082,108301.9,-0.00314582989683998
2025-07-07 16:00:00,344.97811436465105,0.11550256954454327,12480.51464956608,12825.49276393073,108054.0,-0.002227540582858012
2025-07-07 20:00:00,344.97811436465105,0.11550256954454327,12504.5507342883,12849.52884865295,108262.1,0.0018740866463873296
2025-07-08 00:00:00,344.97811436465105,0.11550256954454327,12462.72725385622,12807.70536822087,107900.0,-0.0032548649000826435
2025-07-08 04:00:00,344.97811436465105,0.11550256954454327,12530.169204213276,12875.147318577927,108483.9,0.005265732496033015
2025-07-08 08:00:00,344.97811436465105,0.11550256954454327,12561.585903129393,12906.564017494044,108755.9,0.002440104034443502
2025-07-08 12:00:00,344.97811436465105,0.11550256954454327,12504.874141483022,12849.852255847672,108264.9,-0.00439402474349504
2025-07-08 16:00:00,344.97811436465105,0.11550256954454327,12562.764029338749,12907.742143703399,108766.1,0.0045051014364294595
2025-07-08 20:00:00,344.97811436465105,0.11550256954454327,12581.232890208921,12926.211004573572,108926.0,0.0014308359017833894
2025-07-09 00:00:00,344.97811436465105,0.11550256954454327,12517.371519507744,12862.349633872394,108373.1,-0.00494045553477207
2025-07-09 04:00:00,344.97811436465105,0.11550256954454327,12557.658815764878,12902.636930129529,108721.9,0.0031321879286378973
2025-07-09 08:00:00,344.97811436465105,0.11550256954454327,12597.403249945157,12942.381364309807,109066.0,0.003080334229003112
2025-07-09 12:00:00,344.97811436465105,0.11550256954454327,12599.008735661824,12943.986850026475,109079.9,0.00012404871031646003
2025-07-09 16:00:00,344.97811436465105,0.11550256954454327,12907.62005122789,13252.59816559254,111751.8,0.023842060343674865
2025-07-09 20:00:00,344.97811436465105,0.11550256954454327,12848.424984336312,13193.403098700963,111239.3,-0.004466676356736254
2025-07-10 00:00:00,344.97811436465105,0.11550256954454327,12830.129377320456,13175.107491685107,111080.9,-0.0013867238709365237
2025-07-10 04:00:00,344.97811436465105,0.11550256954454327,12846.784847848781,13191.762962213432,111225.1,0.0012641620221192085
2025-07-10 08:00:00,344.97811436465105,0.11550256954454327,12824.931761690952,13169.909876055603,111035.9,-0.0016565705600096736
2025-07-10 12:00:00,344.97811436465105,0.11550256954454327,12868.372278096655,13213.350392461305,111412.0,0.0032984672495506295
2025-07-10 16:00:00,344.97811436465105,0.11550256954454327,13085.286103701306,13430.264218065957,113290.0,0.016416262277310745
2025-07-10 20:00:00,344.97811436465105,0.11550256954454327,13400.134558022777,13745.112672387428,116015.9,0.023443206269758043
2025-07-11 00:00:00,344.97811436465105,0.11550256954454327,13502.146427444519,13847.12454180917,116899.1,0.0074216830267730405
2025-07-11 04:00:00,344.97811436465105,0.11550256954454327,13575.929468869572,13920.907583234222,117537.9,0.005328401662184623
2025-07-11 08:00:00,344.97811436465105,0.11550256954454327,13607.819728320821,13952.797842685472,117814.0,0.0022908175534228636
2025-07-11 12:00:00,344.97811436465105,0.11550256954454327,13504.699034231453,13849.677148596104,116921.2,-0.007390682159379769
2025-07-11 16:00:00,344.97811436465105,0.11550256954454327,13641.696631968236,13986.674746332887,118107.3,0.009891753884722965
2025-07-11 20:00:00,344.97811436465105,0.11550256954454327,13576.437680175568,13921.415794540218,117542.3,-0.004665794620681951
2025-07-12 00:00:00,344.97811436465105,0.11550256954454327,13604.227598407984,13949.205712772635,117782.9,0.0019961991396963974
2025-07-12 04:00:00,344.97811436465105,0.11550256954454327,13599.954003334837,13944.932117699487,117745.9,-0.00030636834534847335
2025-07-12 08:00:00,344.97811436465105,0.11550256954454327,13608.281738598998,13953.259852963649,117818.0,0.0005971872214129981
2025-07-12 12:00:00,344.97811436465105,0.11550256954454327,13526.736924500552,13871.715038865203,117112.0,-0.005844140721075086
2025-07-12 16:00:00,344.97811436465105,0.11550256954454327,13579.406096212862,13924.384210577513,117568.0,0.0037968752648640525
2025-07-12 20:00:00,344.97811436465105,0.11550256954454327,13564.286809859483,13909.264924224133,117437.1,-0.001085813643514233
2025-07-13 00:00:00,344.97811436465105,0.11550256954454327,13600.681669522968,13945.659783887619,117752.2,0.002616591161485493
2025-07-13 04:00:00,344.97811436465105,0.11550256954454327,13629.29165599915,13974.2697703638,117999.9,0.002051533374508141
2025-07-13 08:00:00,344.97811436465105,0.11550256954454327,13639.340379549527,13984.318493914177,118086.9,0.0007190875598872548
2025-07-13 12:00:00,344.97811436465105,0.11550256954454327,13707.625498664262,14052.603613028912,118678.1,0.004882977968819313
2025-07-13 16:00:00,14.723378566954466,0.11827851691113114,14071.606984768963,14086.330363335917,118970.1,0.0024000356969959835
2025-07-13 20:00:00,14.723378566954466,0.11827851691113114,14086.498250048075,14101.221628615029,119096.0,0.0010571429815298128
2025-07-14 00:00:00,14.723378566954466,0.11827851691113114,14285.762067488256,14300.48544605521,120780.7,0.014130961322941227
2025-07-14 04:00:00,216.41256862346413,0.1166353474685799,14316.28908968337,14532.701658306834,122744.0,0.016238344714072594
2025-07-14 08:00:00,218.08019078405147,0.11662161779885337,14165.001643790089,14383.08183457414,121461.2,-0.010295389477507855
2025-07-14 12:00:00,218.08019078405147,0.11662161779885337,13980.83278496214,14198.912975746192,119882.0,-0.01280454779762441
2025-07-14 16:00:00,218.08019078405147,0.11662161779885337,13987.375257720656,14205.455448504708,119938.1,0.00046077279082501477
2025-07-14 20:00:00,218.08019078405147,0.11662161779885337,13976.949285089437,14195.029475873489,119848.7,-0.0007339414543245937
2025-07-15 00:00:00,218.08019078405147,0.11662161779885337,13663.167160239844,13881.247351023896,117158.1,-0.022105070326406184
2025-07-15 04:00:00,218.08019078405147,0.11662161779885337,13620.238742728085,13838.318933512137,116790.0,-0.0030925475518303047
2025-07-15 08:00:00,218.08019078405147,0.11662161779885337,13658.152430674492,13876.232621458545,117115.1,0.002739761103105698
2025-07-15 12:00:00,218.08019078405147,0.11662161779885337,13573.088622652009,13791.168813436061,116385.7,-0.006130180312121536
2025-07-15 16:00:00,218.08019078405147,0.11662161779885337,13575.222798257728,13793.30298904178,116404.0,0.00015474943672932895
2025-07-15 20:00:00,218.08019078405147,0.11662161779885337,13732.51037418304,13950.590564967093,117752.7,0.011403184288075963
2025-07-16 00:00:00,218.08019078405147,0.11662161779885337,13700.719321171075,13918.799511955127,117480.1,-0.002278832058321578
2025-07-16 04:00:00,218.08019078405147,0.11662161779885337,13784.103777897255,14002.183968681307,118195.1,0.005990779352383013
2025-07-16 08:00:00,218.08019078405147,0.11662161779885337,13851.137883808035,14069.218074592087,118769.9,0.004787403597946938
2025-07-16 12:00:00,218.08019078405147,0.11662161779885337,13890.334409550229,14108.414600334281,119106.0,0.002785977552866248
2025-07-16 16:00:00,218.08019078405147,0.11662161779885337,13906.136638761975,14124.216829546027,119241.5,0.0011200570481797456
2025-07-16 20:00:00,218.08019078405147,0.11662161779885337,13834.787532992636,14052.867723776688,118629.7,-0.005051544211646886
2025-07-17 00:00:00,218.08019078405147,0.11662161779885337,13775.35715656234,13993.437347346393,118120.1,-0.004229056844372248
2025-07-17 04:00:00,218.08019078405147,0.11662161779885337,13799.567804417382,14017.647995201434,118327.7,0.001730143013048302
2025-07-17 08:00:00,218.08019078405147,0.11662161779885337,13758.785224673124,13976.865415457176,117978.0,-0.002909373937640569
2025-07-17 12:00:00,218.08019078405147,0.11662161779885337,13863.499775294713,14081.579966078765,118875.9,0.007491991051568947
2025-07-17 16:00:00,218.08019078405147,0.11662161779885337,13873.762477661012,14091.842668445064,118963.9,0.0007288033296704022
2025-07-17 20:00:00,218.08019078405147,0.11662161779885337,13898.731166031746,14116.811356815799,119178.0,0.0017718540405398109
2025-07-18 00:00:00,218.08019078405147,0.11662161779885337,14020.180918807471,14238.261109591524,120219.4,0.008603200092851537
2025-07-18 04:00:00,218.08019078405147,0.11662161779885337,13919.023327528746,14137.103518312799,119352.0,-0.00710463100094294
2025-07-18 08:00:00,218.08019078405147,0.11662161779885337,13897.564949853759,14115.645140637811,119168.0,-0.0015178765329963984
2025-07-18 12:00:00,218.08019078405147,0.11662161779885337,13743.204576535196,13961.284767319248,117844.4,-0.010935410445688465
2025-07-18 16:00:00,218.08019078405147,0.11662161779885337,13687.657699977603,13905.737890761655,117368.1,-0.003978636456697604
2025-07-18 20:00:00,218.08019078405147,0.11662161779885337,13753.653873489973,13971.734064274026,117934.0,0.004745967026763553
2025-07-19 00:00:00,218.08019078405147,0.11662161779885337,13803.451304290083,14021.531495074136,118361.0,0.0035641553561660544
2025-07-19 04:00:00,218.08019078405147,0.11662161779885337,13781.42148068788,13999.501671471933,118172.1,-0.0015711424682776087
2025-07-19 08:00:00,218.08019078405147,0.11662161779885337,13799.591128740942,14017.671319524994,118327.9,0.0012978782016281887
2025-07-19 12:00:00,218.08019078405147,0.11662161779885337,13767.426886552019,13985.507077336071,118052.1,-0.002294549604977658
2025-07-19 16:00:00,218.08019078405147,0.11662161779885337,13762.03896780971,13980.119158593763,118005.9,-0.0003852501530702268
2025-07-19 20:00:00,218.08019078405147,0.11662161779885337,13742.481522504842,13960.561713288895,117838.2,-0.0013989469676906063
2025-07-20 00:00:00,218.08019078405147,0.11662161779885337,13757.793940921832,13975.874131705885,117969.5,0.001096833976416134
2025-07-20 04:00:00,218.08019078405147,0.11662161779885337,13763.426765061518,13981.50695584557,118017.8,0.0004030391291880431
2025-07-20 08:00:00,218.08019078405147,0.11662161779885337,13748.510860145043,13966.591050929095,117889.9,-0.0010668309906493034
2025-07-20 12:00:00,218.08019078405147,0.11662161779885337,13841.108424677333,14059.188615461386,118683.9,0.0066299331164372255
2025-07-20 16:00:00,218.08019078405147,0.11662161779885337,13780.022021274295,13998.102212058348,118160.1,-0.004344945151092072
2025-07-20 20:00:00,218.08019078405147,0.11662161779885337,13675.062565255326,13893.142756039379,117260.1,-0.007498120418677479
2025-07-21 00:00:00,218.08019078405147,0.11662161779885337,13807.766304148641,14025.846494932694,118398.0,0.009551743707206128
2025-07-21 04:00:00,218.08019078405147,0.11662161779885337,13920.562732883693,14138.642923667745,119365.2,0.008042040726440547
2025-07-21 08:00:00,218.08019078405147,0.11662161779885337,13770.20248105563,13988.282671839683,118075.9,-0.010634701833820426
2025-07-21 12:00:00,218.08019078405147,0.11662161779885337,13798.448236886514,14016.528427670566,118318.1,0.0020192439982462673
2025-07-21 16:00:00,218.08019078405147,0.11662161779885337,13616.891702297258,13834.97189308131,116761.3,-0.012953031524613356
2025-07-21 20:00:00,218.08019078405147,0.11662161779885337,13688.823916155592,13906.904106939644,117378.1,0.0051993032160988495
2025-07-22 00:00:00,218.08019078405147,0.11662161779885337,13670.281078925575,13888.361269709627,117219.1,-0.0013333547917947497
2025-07-22 04:00:00,218.08019078405147,0.11662161779885337,13761.339238102917,13979.41942888697,117999.9,0.006556436530488208
2025-07-22 08:00:00,218.08019078405147,0.11662161779885337,13895.780639101435,14113.860829885487,119152.7,0.009617094735759224
2025-07-22 12:00:00,218.08019078405147,0.11662161779885337,13868.922680522359,14087.002871306411,118922.4,-0.0019029490869150179
2025-07-22 16:00:00,218.08019078405147,0.11662161779885337,13909.69359810484,14127.773788888891,119272.0,0.0028942222809882345
2025-07-22 20:00:00,218.08019078405147,0.11662161779885337,13989.334500899675,14207.414691683727,119954.9,0.0056371870037634775
2025-07-23 00:00:00,218.08019078405147,0.11662161779885337,13832.490087121998,14050.57027790605,118610.0,-0.011039616790342932
2025-07-23 04:00:00,218.08019078405147,0.11662161779885337,13802.529993509474,14020.610184293526,118353.1,-0.0021323044559717896
2025-07-23 08:00:00,218.08019078405147,0.11662161779885337,13822.938776624273,14041.018967408325,118528.1,0.001455627311974128
2025-07-23 12:00:00,218.08019078405147,0.11662161779885337,13828.769857514215,14046.850048298267,118578.1,0.0004152890116790875
2025-07-23 16:00:00,218.08019078405147,0.11662161779885337,13807.521398751263,14025.601589535316,118395.9,-0.0015126849571178713
2025-07-23 20:00:00,218.08019078405147,0.11662161779885337,13849.738424394447,14067.8186151785,118757.9,0.003009997494487715
2025-07-24 00:00:00,218.08019078405147,0.11662161779885337,13818.961979457332,14037.042170241384,118494.0,-0.002187719772268615
2025-07-24 04:00:00,218.08019078405147,0.11662161779885337,13807.8479392811,14025.928130065153,118398.7,-0.000791765105599862
2025-07-24 08:00:00,218.08019078405147,0.11662161779885337,13831.090627708412,14049.170818492465,118598.0,0.0016571230232877987
2025-07-24 12:00:00,218.08019078405147,0.11662161779885337,13890.812558183205,14108.892748967257,119110.1,0.004250922082617237
2025-07-24 16:00:00,218.08019078405147,0.11662161779885337,13872.281383114967,14090.36157389902,118951.2,-0.0013134393604058436
2025-07-24 20:00:00,218.08019078405147,0.11662161779885337,13801.212169228345,14019.292360012398,118341.8,-0.005043817613472057
2025-07-25 00:00:00,218.08019078405147,0.11662161779885337,13459.779058798644,13677.859249582696,115414.1,-0.024354518164096506
2025-07-25 04:00:00,218.08019078405147,0.11662161779885337,13449.283113196747,13667.3633039808,115324.1,-0.0007673675690307302
2025-07-25 08:00:00,218.08019078405147,0.11662161779885337,13589.695541026565,13807.775731810618,116528.1,0.010273556406371398
2025-07-25 12:00:00,218.08019078405147,0.11662161779885337,13495.69851708069,13713.778707864742,115722.1,-0.006807542776735898
2025-07-25 16:00:00,218.08019078405147,0.11662161779885337,13608.343337712602,13826.423528496654,116688.0,0.008213988502476788
2025-07-25 20:00:00,218.08019078405147,0.11662161779885337,13716.544874706378,13934.62506549043,117615.8,0.00782570682655348
2025-07-26 00:00:00,218.08019078405147,0.11662161779885337,13702.806848129672,13920.887038913725,117498.0,-0.0009858913685972803
2025-07-26 04:00:00,218.08019078405147,0.11662161779885337,13683.354362280825,13901.434553064877,117331.2,-0.0013973596506078323
2025-07-26 08:00:00,218.08019078405147,0.11662161779885337,13735.460901113353,13953.541091897405,117778.0,0.0037482850157388725
2025-07-26 12:00:00,218.08019078405147,0.11662161779885337,13776.103534916252,13994.183725700304,118126.5,0.0029127110842495085
2025-07-26 16:00:00,218.08019078405147,0.11662161779885337,13787.835669666818,14005.91586045087,118227.1,0.0008383579192989821
2025-07-26 20:00:00,218.08019078405147,0.11662161779885337,13751.706292472732,13969.786483256785,117917.3,-0.002579579768582363
2025-07-27 00:00:00,218.08019078405147,0.11662161779885337,13783.054183337064,14001.134374121117,118186.1,0.002243977808959574
2025-07-27 04:00:00,218.08019078405147,0.11662161779885337,13774.435845781729,13992.516036565781,118112.2,-0.0006155456640188905
2025-07-27 08:00:00,218.08019078405147,0.11662161779885337,13770.668967526824,13988.749158310877,118079.9,-0.00026920664196927735
2025-07-27 12:00:00,218.08019078405147,0.11662161779885337,13831.32387094401,14049.404061728063,118600.0,0.004335977629647436
2025-07-27 16:00:00,218.08019078405147,0.11662161779885337,13873.295991189816,14091.376181973868,118959.9,0.002987466234254166
2025-07-27 20:00:00,218.08019078405147,0.11662161779885337,13929.204394762588,14147.28458554664,119439.3,0.003967561638464456
2025-07-28 00:00:00,218.08019078405147,0.11662161779885337,13911.372949401142,14129.453140185195,119286.4,-0.0012604146932665428
2025-07-28 04:00:00,218.08019078405147,0.11662161779885337,13864.444410398884,14082.524601182937,118884.0,-0.003321327339186886
2025-07-28 08:00:00,218.08019078405147,0.11662161779885337,13857.423789007393,14075.503979791445,118823.8,-0.0004985342891502542
2025-07-28 12:00:00,218.08019078405147,0.11662161779885337,13781.22322393762,13999.303414721673,118170.4,-0.005413700651797249
2025-07-28 16:00:00,218.08019078405147,0.11662161779885337,13769.969237820033,13988.049428604085,118073.9,-0.0008038961499865493
2025-07-28 20:00:00,218.08019078405147,0.11662161779885337,13769.969237820033,13988.049428604085,118073.9,0.0
2025-07-29 00:00:00,218.08019078405147,0.11662161779885337,13851.102897322697,14069.183088106749,118769.6,0.005800212525468584
2025-07-29 04:00:00,218.08019078405147,0.11662161779885337,13865.540653606193,14083.620844390245,118893.4,0.001026197199445189
2025-07-29 08:00:00,218.08019078405147,0.11662161779885337,13831.312208782228,14049.39239956628,118599.9,-0.0024303725016566746
2025-07-29 12:00:00,218.08019078405147,0.11662161779885337,13689.523645862384,13907.603836646436,117384.1,-0.010092149104200532
2025-07-29 16:00:00,218.08019078405147,0.11662161779885337,13705.372523721247,13923.4527145053,117520.0,0.0011395836439560547
2025-07-29 20:00:00,218.08019078405147,0.11662161779885337,13754.831751829743,13972.911942613795,117944.1,0.0035522243744161575
2025-07-30 00:00:00,218.08019078405147,0.11662161779885337,13780.208615862772,13998.288806646824,118161.7,0.0018161471379229965
2025-07-30 04:00:00,218.08019078405147,0.11662161779885337,13776.290129504732,13994.370320288785,118128.1,-0.00027992609755123077
2025-07-30 08:00:00,218.08019078405147,0.11662161779885337,13712.019955935782,13930.100146719835,117577.0,-0.004592573449036963
2025-07-30 12:00:00,218.08019078405147,0.11662161779885337,13762.16725158929,13980.247442373342,118007.0,0.0035999235558485942
2025-07-30 16:00:00,218.08019078405147,0.11662161779885337,13634.711485496924,13852.791676280976,116914.1,-0.009116846223054309
2025-07-30 20:00:00,218.08019078405147,0.11662161779885337,13742.271603592804,13960.351794376857,117836.4,0.007764508455003094
2025-07-31 00:00:00,218.08019078405147,0.11662161779885337,13816.781155204493,14034.861345988546,118475.3,0.005337225931634437
2025-07-31 04:00:00,218.08019078405147,0.11662161779885337,13840.641938206138,14058.72212899019,118679.9,0.0017001082100795983
2025-07-31 08:00:00,218.08019078405147,0.11662161779885337,13804.967385321468,14023.04757610552,118374.0,-0.0025375388002801813
2025-07-31 12:00:00,218.08019078405147,0.11662161779885337,13797.970088253538,14016.05027903759,118314.0,-0.0004989854758713497
2025-07-31 16:00:00,218.08019078405147,0.11662161779885337,13619.200810329676,13837.281001113728,116781.1,-0.01275461163201086
2025-07-31 20:00:00,218.08019078405147,0.11662161779885337,13499.512043982711,13717.592234766764,115754.8,-0.00864973157207194
2025-08-01 00:00:00,218.08019078405147,0.11662161779885337,13486.811949804416,13704.892140588468,115645.9,-0.0009258253169318609
2025-08-01 04:00:00,218.08019078405147,0.11662161779885337,13420.815776292045,13638.895967076098,115080.0,-0.004815519366031085
2025-08-01 08:00:00,218.08019078405147,0.11662161779885337,13446.262613295756,13664.342804079808,115298.2,0.0018657549016531938
2025-08-01 12:00:00,218.08019078405147,0.11662161779885337,13452.606829304013,13670.687020088066,115352.6,0.0004642898746922697
2025-08-01 16:00:00,218.08019078405147,0.11662161779885337,13215.001945200629,13433.082135984681,113315.2,-0.0173806103346702
2025-08-01 20:00:00,218.08019078405147,0.11662161779885337,13212.564553388633,13430.644744172685,113294.3,-0.0001814469521828066
2025-08-02 00:00:00,218.08019078405147,0.11662161779885337,13284.12357807001,13502.203768854062,113907.9,0.005328040912736087
2025-08-02 04:00:00,218.08019078405147,0.11662161779885337,13293.255050743659,13511.335241527711,113986.2,0.0006762949833947207
2025-08-02 08:00:00,218.08019078405147,0.11662161779885337,13269.487565036254,13487.567755820306,113782.4,-0.001759077491790384
2025-08-02 12:00:00,218.08019078405147,0.11662161779885337,13160.038176732029,13378.118367516081,112843.9,-0.008114835104868656
2025-08-02 16:00:00,218.08019078405147,0.11662161779885337,13088.455827727093,13306.536018511146,112230.1,-0.005350703816371261
2025-08-02 20:00:00,218.08019078405147,0.11662161779885337,13126.917637277154,13344.997828061207,112559.9,0.002890444928458802
2025-08-03 00:00:00,218.08019078405147,0.11662161779885337,13248.227444111524,13466.307634895576,113600.1,0.009090282995721788
2025-08-03 04:00:00,218.08019078405147,0.11662161779885337,13259.889605891409,13477.969796675461,113700.1,0.0008660252012708813
2025-08-03 08:00:00,218.08019078405147,0.11662161779885337,13277.522794502594,13495.602985286647,113851.3,0.0013082970860740506
2025-08-03 12:00:00,218.08019078405147,0.11662161779885337,13288.26364550187,13506.343836285921,113943.4,0.0007958778137580058
2025-08-03 16:00:00,218.08019078405147,0.11662161779885337,13330.550644115734,13548.630834899786,114306.0,0.0031308990150433758
2025-08-03 20:00:00,218.08019078405147,0.11662161779885337,13318.421995864652,13536.502186648704,114202.0,-0.0008951936471572886
2025-08-04 00:00:00,218.08019078405147,0.11662161779885337,13362.225075509903,13580.305266293955,114577.6,0.003235923065003865
2025-08-04 04:00:00,218.08019078405147,0.11662161779885337,13371.939656272545,13590.019847056597,114660.9,0.0007153433278670462
2025-08-04 08:00:00,218.08019078405147,0.11662161779885337,13353.630062278125,13571.710253062178,114503.9,-0.0013472823587071803
2025-08-04 12:00:00,218.08019078405147,0.11662161779885337,13390.925655650199,13609.005846434251,114823.7,0.002748039316832429
2025-08-04 16:00:00,218.08019078405147,0.11662161779885337,13385.596047716792,13603.676238500844,114778.0,-0.00039162360524691575
2025-08-04 20:00:00,218.08019078405147,0.11662161779885337,13417.736965582157,13635.817156366209,115053.6,0.002362664128568337
2025-08-05 00:00:00,218.08019078405147,0.11662161779885337,13323.215144356185,13541.295335140238,114243.1,-0.006931878019634574
2025-08-05 04:00:00,218.08019078405147,0.11662161779885337,13292.986821022721,13511.067011806774,113983.9,-0.0022323066283784776
2025-08-05 08:00:00,218.08019078405147,0.11662161779885337,13391.438790768516,13609.518981552568,114828.1,0.00728676496532521
2025-08-05 12:00:00,218.08019078405147,0.11662161779885337,13170.28921693655,13388.369407720602,112931.8,-0.016249624555557785
2025-08-05 16:00:00,218.08019078405147,0.11662161779885337,13251.481187248111,13469.561378032164,113628.0,0.006064365856587539
2025-08-05 20:00:00,218.08019078405147,0.11662161779885337,13309.65205020618,13527.732240990232,114126.8,0.0043186902175553765
2025-08-06 00:00:00,218.08019078405147,0.11662161779885337,13238.197984980821,13456.278175764874,113514.1,-0.0052820431357183395
2025-08-06 04:00:00,218.08019078405147,0.11662161779885337,13322.060590339976,13540.140781124028,114233.2,0.006232228872184997
2025-08-06 08:00:00,218.08019078405147,0.11662161779885337,13323.040211929489,13541.12040271354,114241.6,7.234943900136237e-05
2025-08-06 12:00:00,218.08019078405147,0.11662161779885337,13460.02396419602,13678.104154980072,115416.2,0.01011613132389555
2025-08-06 16:00:00,218.08019078405147,0.11662161779885337,13442.507397202633,13660.587587986685,115266.0,-0.0012806282796881119
2025-08-06 20:00:00,218.08019078405147,0.11662161779885337,13411.462722544578,13629.54291332863,114999.8,-0.0022725724247291135
2025-08-07 00:00:00,218.08019078405147,0.11662161779885337,13358.959670211534,13577.039860995586,114549.6,-0.0038521506309430187
2025-08-07 04:00:00,218.08019078405147,0.11662161779885337,13387.718561160731,13605.798751944783,114796.2,0.002118200376785895
2025-08-07 08:00:00,218.08019078405147,0.11662161779885337,13589.21739239359,13807.297583177642,116524.0,0.014809775957038696
2025-08-07 12:00:00,218.08019078405147,0.11662161779885337,13609.742797126188,13827.82298791024,116700.0,0.0014865620595883033
2025-08-07 16:00:00,218.08019078405147,0.11662161779885337,13698.95833474231,13917.038525526363,117465.0,0.006451886005058416
2025-08-07 20:00:00,218.08019078405147,0.11662161779885337,13700.474415773697,13918.55460655775,117478.0,0.00010893704351011557
2025-08-08 00:00:00,218.08019078405147,0.11662161779885337,13615.119053706716,13833.199244490768,116746.1,-0.006132487494553862
2025-08-08 04:00:00,218.08019078405147,0.11662161779885337,13622.244634554225,13840.324825338277,116807.2,0.0005151072229618858
2025-08-08 08:00:00,218.08019078405147,0.11662161779885337,13632.612296376545,13850.692487160597,116896.1,0.0007490909319800565
2025-08-08 12:00:00,218.08019078405147,0.11662161779885337,13551.921799021517,13770.001989805569,116204.2,-0.005825737408423959
2025-08-08 16:00:00,218.08019078405147,0.11662161779885337,13578.779757600592,13796.859948384645,116434.5,0.0019504687507641005
2025-08-08 20:00:00,218.08019078405147,0.11662161779885337,13605.765999959247,13823.8461907433,116665.9,0.001955969869927854
2025-08-09 00:00:00,218.08019078405147,0.11662161779885337,13573.356852372946,13791.437043156999,116388.0,-0.0023444378025561097
2025-08-09 04:00:00,218.08019078405147,0.11662161779885337,13615.352296942314,13833.432487726366,116748.1,0.0030450376155837233
2025-08-09 08:00:00,218.08019078405147,0.11662161779885337,13658.245727968731,13876.325918752784,117115.9,0.003100707728503016
2025-08-09 12:00:00,218.08019078405147,0.11662161779885337,13631.77262072839,13849.852811512443,116888.9,-0.0019077893813782554
2025-08-09 16:00:00,218.08019078405147,0.11662161779885337,13591.374892322869,13809.455083106921,116542.5,-0.0029168344931392864
2025-08-09 20:00:00,218.08019078405147,0.11662161779885337,13582.919825032452,13801.000015816504,116470.0,-0.0006122665405356997
2025-08-10 00:00:00,218.08019078405147,0.11662161779885337,13819.894952399722,14037.975143183774,118502.0,0.01717086639342713
2025-08-10 04:00:00,218.08019078405147,0.11662161779885337,13739.880860427927,13957.96105121198,117815.9,-0.005699831432643965
2025-08-10 08:00:00,218.08019078405147,0.11662161779885337,13798.891399034148,14016.9715898182,118321.9,0.004227733433967096
2025-08-10 12:00:00,218.08019078405147,0.11662161779885337,13853.132113472395,14071.212304256447,118787.0,0.003869645742711425
2025-08-10 16:00:00,218.08019078405147,0.11662161779885337,13836.933370760134,14055.013561544187,118648.1,-0.0011511973781648255
2025-08-10 20:00:00,218.08019078405147,0.11662161779885337,13911.53621966606,14129.616410450113,119287.8,0.005307917248123184
2025-08-11 00:00:00,218.08019078405147,0.11662161779885337,14194.157048239802,14412.237239023854,121711.2,0.0200020170657087
2025-08-11 04:00:00,218.08019078405147,0.11662161779885337,14173.106846227109,14391.187037011161,121530.7,-0.0014605783726412414
2025-08-11 08:00:00,218.08019078405147,0.11662161779885337,14059.202512122969,14277.282702907021,120554.0,-0.007914867189982355
2025-08-11 12:00:00,218.08019078405147,0.11662161779885337,14029.813864437658,14247.89405522171,120302.0,-0.002058420239821057
2025-08-11 16:00:00,218.08019078405147,0.11662161779885337,13887.990315032472,14106.070505816524,119085.9,-0.009954000840791566
2025-08-11 20:00:00,218.08019078405147,0.11662161779885337,13841.364992236491,14059.445183020543,118686.1,-0.0033053374273689373
2025-08-12 00:00:00,218.08019078405147,0.11662161779885337,13862.228599660706,14080.308790444758,118865.0,0.0014839566677504745
2025-08-12 04:00:00,218.08019078405147,0.11662161779885337,13878.03082887245,14096.111019656502,119000.5,0.0011222928024468004
2025-08-12 08:00:00,218.08019078405147,0.11662161779885337,13820.233155091339,14038.313345875391,118504.9,-0.0041002567091387165
2025-08-12 12:00:00,218.08019078405147,0.11662161779885337,13986.97874422014,14205.058935004192,119934.7,0.011877893377967075
2025-08-12 16:00:00,218.08019078405147,0.11662161779885337,13953.764907471024,14171.845098255077,119649.9,-0.0023381695845885453
2025-08-12 20:00:00,218.08019078405147,0.11662161779885337,14009.988189411853,14228.068380195906,120132.0,0.003967252079812189
2025-08-13 00:00:00,218.08019078405147,0.11662161779885337,13934.662286475574,14152.742477259626,119486.1,-0.005294176336763101
2025-08-13 04:00:00,218.08019078405147,0.11662161779885337,13945.881286107824,14163.961476891876,119582.3,0.0007927085262999789
2025-08-13 08:00:00,218.08019078405147,0.11662161779885337,14060.613633698336,14278.693824482389,120566.1,0.00810030073702861
2025-08-13 12:00:00,218.08019078405147,0.11662161779885337,14101.186294530557,14319.266485314609,120914.0,0.0028414826545726246
2025-08-13 16:00:00,218.08019078405147,0.11662161779885337,14315.653449662648,14533.7336404467,122753.0,0.014977523838392237
2025-08-13 20:00:00,218.08019078405147,0.11662161779885337,14380.378447541012,14598.458638325064,123308.0,0.004453432234249544
2025-08-14 00:00:00,218.08019078405147,0.11662161779885337,14384.57682578177,14602.657016565823,123344.0,0.0002875905151888958
2025-08-14 04:00:00,218.08019078405147,0.11662161779885337,14194.856777946596,14412.936968730648,121717.2,-0.0129921594145469
2025-08-14 08:00:00,218.08019078405147,0.11662161779885337,14106.457591655064,14324.537782439116,120959.2,-0.006133322200972402
2025-08-14 12:00:00,218.08019078405147,0.11662161779885337,13789.095183139045,14007.175373923097,118237.9,-0.022155158744813663
2025-08-14 16:00:00,218.08019078405147,0.11662161779885337,13753.537251872174,13971.617442656227,117933.0,-0.002538551158077773
2025-08-14 20:00:00,218.08019078405147,0.11662161779885337,13796.162453177656,14014.242643961708,118298.5,0.0030508422865447304
2025-08-15 00:00:00,218.08019078405147,0.11662161779885337,13874.485531691365,14092.565722475418,118970.1,0.005588819924382982
2025-08-15 04:00:00,218.08019078405147,0.11662161779885337,13874.882045191882,14092.962235975934,118973.5,2.8136359859765037e-05
2025-08-15 08:00:00,218.08019078405147,0.11662161779885337,13878.287396431608,14096.36758721566,119002.7,0.00024163488007022949
2025-08-15 12:00:00,218.08019078405147,0.11662161779885337,13677.208403022825,13895.288593806878,117278.5,-0.014264596334104263
2025-08-15 16:00:00,218.08019078405147,0.11662161779885337,13636.542444896366,13854.622635680418,116929.8,-0.0029266004697868775
2025-08-15 20:00:00,218.08019078405147,0.11662161779885337,13684.159051443638,13902.23924222769,117338.1,0.0034368750271582815
2025-08-16 00:00:00,218.08019078405147,0.11662161779885337,13695.098159193169,13913.178349977221,117431.9,0.0007868594086846148
2025-08-16 04:00:00,218.08019078405147,0.11662161779885337,13716.078388235183,13934.158579019235,117611.8,0.0015079393445744937
2025-08-16 08:00:00,218.08019078405147,0.11662161779885337,13689.640267480183,13907.720458264235,117385.1,-0.001897360404295112
2025-08-16 12:00:00,218.08019078405147,0.11662161779885337,13724.929969026116,13943.010159810168,117687.7,0.0025374180946355906
2025-08-16 16:00:00,218.08019078405147,0.11662161779885337,13724.066969054404,13942.147159838456,117680.3,-6.189481050511425e-05
2025-08-16 20:00:00,218.08019078405147,0.11662161779885337,13689.756889097982,13907.837079882034,117386.1,-0.0024608892420282524
2025-08-17 00:00:00,218.08019078405147,0.11662161779885337,13724.230239319322,13942.310430103375,117681.7,0.0024786996010477402
2025-08-17 04:00:00,218.08019078405147,0.11662161779885337,13763.06523804634,13981.145428830392,118014.7,0.002785406258289047
2025-08-17 08:00:00,218.08019078405147,0.11662161779885337,13797.165399090725,14015.245589874778,118307.1,0.002439010538726416
2025-08-17 12:00:00,218.08019078405147,0.11662161779885337,13789.748264198719,14007.828454982771,118243.5,-0.0005292190453918266
2025-08-17 16:00:00,218.08019078405147,0.11662161779885337,13713.524374805387,13931.60456558944,117589.9,-0.005441520763785346
2025-08-17 20:00:00,218.08019078405147,0.11662161779885337,13692.497497116256,13910.577687900308,117409.6,-0.001509293318665339
2025-08-18 00:00:00,218.08019078405147,0.11662161779885337,13449.073194284709,13667.153385068761,115322.3,-0.017499223130271746
2025-08-18 04:00:00,218.08019078405147,0.11662161779885337,13437.60928925508,13655.689480039133,115224.0,-0.0008387924468713504
2025-08-18 08:00:00,218.08019078405147,0.11662161779885337,13406.506303788126,13624.586494572179,114957.3,-0.002277657639507602
2025-08-18 12:00:00,218.08019078405147,0.11662161779885337,13545.834150572417,13763.914341356469,116152.0,0.010226207367085793
2025-08-18 16:00:00,218.08019078405147,0.11662161779885337,13564.493609420233,13782.573800204285,116312.0,0.001355679669681642
2025-08-18 20:00:00,218.08019078405147,0.11662161779885337,13555.443771879041,13773.523962663094,116234.4,-0.0006566144808930474
2025-08-19 00:00:00,218.08019078405147,0.11662161779885337,13390.260912428746,13608.341103212799,114818.0,-0.011992781215473092
2025-08-19 04:00:00,218.08019078405147,0.11662161779885337,13411.334438765,13629.414629549052,114998.7,0.001548574229321531
2025-08-19 08:00:00,218.08019078405147,0.11662161779885337,13470.181707106301,13688.261897890354,115503.3,0.0043176666013020615
2025-08-19 12:00:00,218.08019078405147,0.11662161779885337,13270.280592037285,13488.360782821337,113789.2,-0.014603834771734325
2025-08-19 16:00:00,218.08019078405147,0.11662161779885337,13192.62225674503,13410.702447529082,113123.3,-0.005757433133843803
2025-08-19 20:00:00,218.08019078405147,0.11662161779885337,13162.568865838266,13380.649056622318,112865.6,-0.002241000501230328
2025-08-20 00:00:00,218.08019078405147,0.11662161779885337,13239.632430879747,13457.712621663799,113526.4,0.00575932936551693
2025-08-20 04:00:00,218.08019078405147,0.11662161779885337,13235.130836432712,13453.211027216765,113487.8,-0.0003344992253577761
2025-08-20 08:00:00,218.08019078405147,0.11662161779885337,13255.971119533366,13474.051310317418,113666.5,0.0015490935999213917
2025-08-20 12:00:00,218.08019078405147,0.11662161779885337,13220.471499075396,13438.551689859449,113362.1,-0.0026346656725869666
2025-08-20 16:00:00,218.08019078405147,0.11662161779885337,13327.973306362377,13546.05349714643,114283.9,0.007999508411914658
2025-08-20 20:00:00,218.08019078405147,0.11662161779885337,13327.471833405843,13545.552024189896,114279.6,-3.701985649473549e-05
2025-08-21 00:00:00,218.08019078405147,0.11662161779885337,13290.771010284543,13508.851201068595,113964.9,-0.0027094372422592494
2025-08-21 04:00:00,218.08019078405147,0.11662161779885337,13282.315942994126,13500.396133778178,113892.4,-0.0006258909188183726
2025-08-21 08:00:00,218.08019078405147,0.11662161779885337,13194.371581012012,13412.451771796064,113138.3,-0.006514206035930781
2025-08-21 12:00:00,218.08019078405147,0.11662161779885337,13153.985514768268,13372.06570555232,112792.0,-0.00301108752753676
2025-08-21 16:00:00,218.08019078405147,0.11662161779885337,13084.700611633969,13302.780802418021,112197.9,-0.005181316384463397
2025-08-21 20:00:00,218.08019078405147,0.11662161779885337,13121.26148881391,13339.341679597963,112511.4,0.0027483634980511873
2025-08-22 00:00:00,218.08019078405147,0.11662161779885337,13171.09390609936,13389.174096883413,112938.7,0.003735747871401074
2025-08-22 04:00:00,218.08019078405147,0.11662161779885337,13189.59009468226,13407.670285466313,113097.3,0.0013814286414577381
2025-08-22 08:00:00,218.08019078405147,0.11662161779885337,13098.007138224819,13316.087329008871,112312.0,-0.006830639067602617
2025-08-22 12:00:00,218.08019078405147,0.11662161779885337,13571.77079837088,13789.850989154933,116374.4,0.03557829326591877
2025-08-22 16:00:00,218.08019078405147,0.11662161779885337,13603.44522976505,13821.525420549102,116646.0,0.0022969379015826963
2025-08-22 20:00:00,218.08019078405147,0.11662161779885337,13638.163485383768,13856.24367616782,116943.7,0.00251189753390757
2025-08-23 00:00:00,218.08019078405147,0.11662161779885337,13477.738787939667,13695.818978723719,115568.1,-0.011577791297076034
2025-08-23 04:00:00,218.08019078405147,0.11662161779885337,13505.249827578416,13723.330018362469,115804.0,0.002008718111818464
2025-08-23 08:00:00,218.08019078405147,0.11662161779885337,13447.312207855945,13665.392398639997,115307.2,-0.004221833887616877
2025-08-23 12:00:00,218.08019078405147,0.11662161779885337,13390.412520531885,13608.492711315937,114819.3,-0.004163779982616633
2025-08-23 16:00:00,218.08019078405147,0.11662161779885337,13427.638140933279,13645.718331717331,115138.5,0.00273546976811323
2025-08-23 20:00:00,218.08019078405147,0.11662161779885337,13460.945274976631,13679.025465760684,115424.1,0.002440848714130084
2025-08-24 00:00:00,218.08019078405147,0.11662161779885337,13415.626114299997,13633.70630508405,115035.5,-0.00331304015699585
2025-08-24 04:00:00,218.08019078405147,0.11662161779885337,13398.657668910264,13616.737859694316,114890.0,-0.0012445951973752978
2025-08-24 08:00:00,218.08019078405147,0.11662161779885337,13380.68627760746,13598.766468391512,114735.9,-0.0013198015183945033
2025-08-24 12:00:00,218.08019078405147,0.11662161779885337,13342.282778866298,13560.36296965035,114406.6,-0.0028240428152380703
2025-08-24 16:00:00,218.08019078405147,0.11662161779885337,13132.52713709328,13350.607327877333,112608.0,-0.015468291095339759
2025-08-24 20:00:00,218.08019078405147,0.11662161779885337,13235.387403991868,13453.46759477592,113490.0,0.007704538405815198
2025-08-25 00:00:00,218.08019078405147,0.11662161779885337,13166.778906240803,13384.859097024855,112901.7,-0.005099688780437983
2025-08-25 04:00:00,218.08019078405147,0.11662161779885337,13004.51158723548,13222.591778019532,111510.3,-0.012123199641406068
2025-08-25 08:00:00,218.08019078405147,0.11662161779885337,12970.189845117276,13188.270035901329,111216.0,-0.0025956894604625136
2025-08-25 12:00:00,218.08019078405147,0.11662161779885337,13085.412003502543,13303.492194286595,112204.0,0.008736715131826056
2025-08-25 16:00:00,218.08019078405147,0.11662161779885337,12910.479576804264,13128.559767588316,110704.0,-0.013149361396506576
2025-08-25 20:00:00,218.08019078405147,0.11662161779885337,12842.255930391933,13060.336121175986,110119.0,-0.005196582688434814
2025-08-26 00:00:00,218.08019078405147,0.11662161779885337,12814.849850209204,13032.930040993257,109884.0,-0.0020984207395928767
2025-08-26 04:00:00,218.08019078405147,0.11662161779885337,12863.376105375308,13081.45629615936,110300.1,0.003723357296745222
2025-08-26 08:00:00,218.08019078405147,0.11662161779885337,12814.383363738008,13032.46355452206,109880.0,-0.003745205467046042
2025-08-26 12:00:00,218.08019078405147,0.11662161779885337,12790.126067235848,13008.2062580199,109672.0,-0.0018612978582812634
2025-08-26 16:00:00,218.08019078405147,0.11662161779885337,12958.061196866196,13176.141387650248,111112.0,0.012909937488638112
2025-08-26 20:00:00,218.08019078405147,0.11662161779885337,13035.00814028988,13253.088331073932,111771.8,0.005839869287969535
2025-08-27 00:00:00,218.08019078405147,0.11662161779885337,12994.925290252413,13213.005481036465,111428.1,-0.0030244158218946104
2025-08-27 04:00:00,218.08019078405147,0.11662161779885337,12914.211468573827,13132.29165935788,110736.0,-0.006108664814710618
2025-08-27 08:00:00,218.08019078405147,0.11662161779885337,12981.95696635318,13200.037157137232,111316.9,0.0051586957963334346
2025-08-27 12:00:00,218.08019078405147,0.11662161779885337,13062.577490737527,13280.65768152158,112008.2,0.006107598291172689
2025-08-27 16:00:00,218.08019078405147,0.11662161779885337,13071.883895837876,13289.964086621929,112088.0,0.0007007488125605477
2025-08-27 20:00:00,218.08019078405147,0.11662161779885337,12974.633128755413,13192.713319539465,111254.1,-0.007317609471974351
2025-08-28 00:00:00,218.08019078405147,0.11662161779885337,13062.542504252187,13280.62269503624,112007.9,0.006663479556292096
2025-08-28 04:00:00,218.08019078405147,0.11662161779885337,13192.995445921986,13411.075636706038,113126.5,0.009822803091797505
2025-08-28 08:00:00,218.08019078405147,0.11662161779885337,13169.472865611957,13387.55305639601,112924.8,-0.0017539667173039897
2025-08-28 12:00:00,218.08019078405147,0.11662161779885337,13140.352447647583,13358.432638431635,112675.1,-0.002175185998643858
2025-08-28 16:00:00,218.08019078405147,0.11662161779885337,13049.527531705837,13267.607722489889,111896.3,-0.006799069801081803
2025-08-28 20:00:00,218.08019078405147,0.11662161779885337,13127.39578591013,13345.475976694182,112564.0,0.0058690500829550185
2025-08-29 00:00:00,218.08019078405147,0.11662161779885337,13028.267410781105,13246.347601565158,111714.0,-0.007427863592286754
2025-08-29 04:00:00,218.08019078405147,0.11662161779885337,12830.255565920434,13048.335756704486,110016.1,-0.014948410748127694
2025-08-29 08:00:00,218.08019078405147,0.11662161779885337,12839.247092652724,13057.327283436776,110093.2,0.0006890937587706869
2025-08-29 12:00:00,218.08019078405147,0.11662161779885337,12640.628815379498,12858.70900616355,108390.1,-0.015211250584579727
2025-08-29 16:00:00,218.08019078405147,0.11662161779885337,12620.313329558936,12838.393520342988,108215.9,-0.001579900891358843
2025-08-29 20:00:00,218.08019078405147,0.11662161779885337,12640.11568026118,12858.195871045233,108385.7,0.0015424321330286261
2025-08-30 00:00:00,218.08019078405147,0.11662161779885337,12646.214990872062,12864.295181656114,108438.0,0.0004743519753511727
2025-08-30 04:00:00,218.08019078405147,0.11662161779885337,12658.063747240425,12876.143938024477,108539.6,0.0009210575628937345
2025-08-30 08:00:00,218.08019078405147,0.11662161779885337,12678.402557384545,12896.482748168597,108714.0,0.0015795730648875406
2025-08-30 12:00:00,218.08019078405147,0.11662161779885337,12696.793786511424,12914.873977295476,108871.7,0.0014260655006490541
2025-08-30 16:00:00,218.08019078405147,0.11662161779885337,12692.618732594225,12910.698923378277,108835.9,-0.0003232748476321712
2025-08-30 20:00:00,218.08019078405147,0.11662161779885337,12690.18134078223,12908.261531566282,108815.0,-0.00018878852542836277
2025-08-31 00:00:00,218.08019078405147,0.11662161779885337,12738.112825697559,12956.193016481611,109226.0,0.0037132409192450755
2025-08-31 04:00:00,218.08019078405147,0.11662161779885337,12677.912746589791,12895.992937373843,108709.8,-0.004646432716090887
2025-08-31 08:00:00,218.08019078405147,0.11662161779885337,12639.987396481603,12858.067587265656,108384.6,-0.0029408631264271623
2025-08-31 12:00:00,218.08019078405147,0.11662161779885337,12688.630273265504,12906.710464049556,108801.7,0.0037830627700290442
2025-08-31 16:00:00,218.08019078405147,0.11662161779885337,12703.721110608676,12921.801301392728,108931.1,0.0011692241322998065
2025-08-31 20:00:00,218.08019078405147,0.11662161779885337,12624.09186997562,12842.172060759673,108248.3,-0.006162394760278023
2025-09-01 00:00:00,218.08019078405147,0.11662161779885337,12554.620372252843,12772.700563036895,107652.6,-0.005409637668307932
2025-09-01 04:00:00,218.08019078405147,0.11662161779885337,12762.498405979299,12980.578596763351,109435.1,0.01627518258182903
2025-09-01 08:00:00,218.08019078405147,0.11662161779885337,12686.05293551215,12904.133126296203,108779.6,-0.005889219028049286
2025-09-01 12:00:00,218.08019078405147,0.11662161779885337,12686.927597645643,12905.007788429695,108787.1,6.778154913100742e-05
2025-09-01 16:00:00,218.08019078405147,0.11662161779885337,12737.413095990765,12955.493286774818,109220.0,0.003912085848594815
2025-09-01 20:00:00,218.08019078405147,0.11662161779885337,12739.267379713767,12957.34757049782,109235.9,0.0001431272188527899
2025-09-02 00:00:00,218.08019078405147,0.11662161779885337,12867.02636201241,13085.106552796462,110331.4,0.009859964132592491
2025-09-02 04:00:00,218.08019078405147,0.11662161779885337,12855.88899751262,13073.969188296673,110235.9,-0.0008511481702385693
2025-09-02 08:00:00,218.08019078405147,0.11662161779885337,12798.98931018856,13017.069500972611,109748.0,-0.0043521356448503745
2025-09-02 12:00:00,218.08019078405147,0.11662161779885337,12926.09521142753,13144.175402211582,110837.9,0.009764555780352291
2025-09-02 16:00:00,218.08019078405147,0.11662161779885337,12922.619887217124,13140.700078001177,110808.1,-0.0002644003221244917
2025-09-02 20:00:00,218.08019078405147,0.11662161779885337,12972.254047752316,13190.334238536369,111233.7,0.003777132134556771
2025-09-03 00:00:00,218.08019078405147,0.11662161779885337,12949.921007943834,13168.001198727887,111042.2,-0.0016931367624661853
2025-09-03 04:00:00,218.08019078405147,0.11662161779885337,12956.055305040056,13174.135495824108,111094.8,0.0004658487650208709
2025-09-03 08:00:00,218.08019078405147,0.11662161779885337,12996.313087504219,13214.393278288271,111440.0,0.003055819676131666
2025-09-03 12:00:00,218.08019078405147,0.11662161779885337,13086.75315210723,13304.833342891283,112215.5,0.006844057286504945
2025-09-03 16:00:00,218.08019078405147,0.11662161779885337,13084.479030560153,13302.559221344205,112196.0,-0.0001709244669564347
2025-09-03 20:00:00,218.08019078405147,0.11662161779885337,13026.634708131922,13244.714898915974,111700.0,-0.00434836045198117
2025-09-04 00:00:00,218.08019078405147,0.11662161779885337,12963.192548049345,13181.272738833397,111156.0,-0.004789998166572107
2025-09-04 04:00:00,218.08019078405147,0.11662161779885337,12882.968537165514,13101.048727949566,110468.1,-0.006086211284247356
2025-09-04 08:00:00,218.08019078405147,0.11662161779885337,12922.82980612916,13140.909996913213,110809.9,0.003042601381873178
2025-09-04 12:00:00,218.08019078405147,0.11662161779885337,12769.61232466503,12987.692515449082,109496.1,-0.01165957924528227
2025-09-04 16:00:00,218.08019078405147,0.11662161779885337,12804.423877577987,13022.50406836204,109794.6,0.0026803493285314506
2025-09-04 20:00:00,218.08019078405147,0.11662161779885337,12912.473806468624,13130.553997252677,110721.1,0.0082971699086003
2025-09-05 00:00:00,218.08019078405147,0.11662161779885337,12981.840344735381,13199.920535519434,111315.9,0.005282834089199273
2025-09-05 04:00:00,218.08019078405147,0.11662161779885337,13173.11146008728,13391.191650871333,112956.0,0.014490323243780967
2025-09-05 08:00:00,218.08019078405147,0.11662161779885337,13104.08312451214,13322.163315296193,112364.1,-0.00515475675166277
2025-09-05 12:00:00,218.08019078405147,0.11662161779885337,12911.447536231994,13129.527727016046,110712.3,-0.014459782823632472
2025-09-05 16:00:00,218.08019078405147,0.11662161779885337,13016.080451721125,13234.160642505178,111609.5,0.007969282495503105
2025-09-05 20:00:00,218.08019078405147,0.11662161779885337,12906.89929313784,13124.979483921892,110673.3,-0.008249949621483399
2025-09-06 00:00:00,218.08019078405147,0.11662161779885337,12955.017372641645,13173.097563425697,111085.9,0.0036661451214266005
2025-09-06 04:00:00,218.08019078405147,0.11662161779885337,12926.468400604486,13144.548591388539,110841.1,-0.0021672178392136976
2025-09-06 08:00:00,218.08019078405147,0.11662161779885337,12920.590671067424,13138.670861851477,110790.7,-0.0004471610033769391
2025-09-06 12:00:00,218.08019078405147,0.11662161779885337,12873.172321270411,13091.252512054463,110384.1,-0.003609067484496742
2025-09-06 16:00:00,218.08019078405147,0.11662161779885337,12834.197376602033,13052.277567386085,110049.9,-0.002977174615835243
2025-09-06 20:00:00,218.08019078405147,0.11662161779885337,12850.780970653032,13068.861161437084,110192.1,0.0012705517458835303
2025-09-07 00:00:00,218.08019078405147,0.11662161779885337,12902.75922570598,13120.839416490033,110637.8,0.003977259717650394
2025-09-07 04:00:00,218.08019078405147,0.11662161779885337,12918.211590064328,13136.29178084838,110770.3,0.0011776963247431826
2025-09-07 08:00:00,218.08019078405147,0.11662161779885337,12979.9743988506,13198.054589634652,111299.9,0.004701692822956183
2025-09-07 12:00:00,218.08019078405147,0.11662161779885337,12984.231087900258,13202.31127868431,111336.4,0.0003225239766018184
2025-09-07 16:00:00,218.08019078405147,0.11662161779885337,12975.076290903047,13193.1564816871,111257.9,-0.000693423810722571
2025-09-07 20:00:00,218.08019078405147,0.11662161779885337,12961.046710281847,13179.1269010659,111137.6,-0.0010633983338765862
2025-09-08 00:00:00,218.08019078405147,0.11662161779885337,12950.597413327068,13168.67760411112,111048.0,-0.0007928671628417705
2025-09-08 04:00:00,218.08019078405147,0.11662161779885337,12976.242507081037,13194.32269786509,111267.9,0.001947431209490702
2025-09-08 08:00:00,218.08019078405147,0.11662161779885337,13068.152004068314,13286.232194852366,112056.0,0.006965836677781834
2025-09-08 12:00:00,218.08019078405147,0.11662161779885337,13136.049109950805,13354.129300734858,112638.2,0.005110335638180308
2025-09-08 16:00:00,218.08019078405147,0.11662161779885337,13074.531206561911,13292.611397345963,112110.7,-0.004606657761319521
2025-09-08 20:00:00,218.08019078405147,0.11662161779885337,13069.015004040024,13287.095194824076,112063.4,-0.0004149826062761486
2025-09-09 00:00:00,218.08019078405147,0.11662161779885337,13026.949586499977,13245.02977728403,111702.7,-0.003165885163254778
2025-09-09 04:00:00,218.08019078405147,0.11662161779885337,13176.108635664712,13394.188826448764,112981.7,0.011261511047755413
2025-09-09 08:00:00,218.08019078405147,0.11662161779885337,13112.118353978482,13330.198544762534,112433.0,-0.004777465997781949
2025-09-09 12:00:00,218.08019078405147,0.11662161779885337,12929.827103197093,13147.907293981145,110869.9,-0.013675058939989437
2025-09-09 16:00:00,218.08019078405147,0.11662161779885337,12980.254290733317,13198.33448151737,111302.3,0.0038353774793733475
2025-09-09 20:00:00,218.08019078405147,0.11662161779885337,13008.196830357921,13226.277021141974,111541.9,0.002117126192227925
2025-09-10 00:00:00,218.08019078405147,0.11662161779885337,13009.129803300313,13227.209994084365,111549.9,7.053934685474772e-05
2025-09-10 04:00:00,218.08019078405147,0.11662161779885337,13125.751421099167,13343.831611883219,112549.9,0.008816796425777707
2025-09-10 08:00:00,218.08019078405147,0.11662161779885337,13097.540651753625,13315.620842537677,112308.0,-0.0021141430861896238
2025-09-10 12:00:00,218.08019078405147,0.11662161779885337,13277.382848561238,13495.46303934529,113850.1,0.013506106769959558
2025-09-10 16:00:00,218.08019078405147,0.11662161779885337,13244.48389018018,13462.564080964232,113568.0,-0.002437779147343333
2025-09-10 20:00:00,218.08019078405147,0.11662161779885337,13289.931334636392,13508.011525420445,113957.7,0.0033758386725508682
2025-09-11 00:00:00,218.08019078405147,0.11662161779885337,13343.495643691405,13561.575834475458,114417.0,0.003965373360409918
2025-09-11 04:00:00,218.08019078405147,0.11662161779885337,13304.47405037591,13522.554241159962,114082.4,-0.00287736423788576
2025-09-11 08:00:00,218.08019078405147,0.11662161779885337,13296.718712792284,13514.798903576337,114015.9,-0.0005735112941916976
2025-09-11 12:00:00,218.08019078405147,0.11662161779885337,13316.55604997987,13534.636240763923,114186.0,0.0014678233341922642
2025-09-11 16:00:00,218.08019078405147,0.11662161779885337,13344.533576089814,13562.613766873867,114425.9,0.002067105876527364
2025-09-11 20:00:00,218.08019078405147,0.11662161779885337,13467.219518014208,13685.29970879826,115477.9,0.009045892188130455
2025-09-12 00:00:00,218.08019078405147,0.11662161779885337,13434.82203258969,13652.902223373741,115200.1,-0.002367320125527872
2025-09-12 04:00:00,218.08019078405147,0.11662161779885337,13421.923681661136,13640.003872445188,115089.5,-0.0009447332675152076
2025-09-12 08:00:00,218.08019078405147,0.11662161779885337,13403.730709284513,13621.810900068565,114933.5,-0.0013337952501153438
2025-09-12 12:00:00,218.08019078405147,0.11662161779885337,13425.57393829824,13643.654129082292,115120.8,0.0016035481019351927
2025-09-12 16:00:00,218.08019078405147,0.11662161779885337,13603.165337882334,13821.245528666386,116643.6,0.01301641025959066
2025-09-12 20:00:00,218.08019078405147,0.11662161779885337,13531.617975362737,13749.698166146789,116030.1,-0.00517662191668633
2025-09-13 00:00:00,218.08019078405147,0.11662161779885337,13525.518664751857,13743.598855535909,115977.8,-0.0004435959638661169
2025-09-13 04:00:00,218.08019078405147,0.11662161779885337,13502.509219560143,13720.589410344195,115780.5,-0.0016741935961297472
2025-09-13 08:00:00,218.08019078405147,0.11662161779885337,13525.390380972278,13743.47057175633,115976.7,0.0016676514927911334
2025-09-13 12:00:00,218.08019078405147,0.11662161779885337,13502.74246279574,13720.822653579793,115782.5,-0.0016479038579294558
2025-09-13 16:00:00,218.08019078405147,0.11662161779885337,13503.92034113551,13722.000531919562,115792.6,8.584604360173387e-05
2025-09-13 20:00:00,218.08019078405147,0.11662161779885337,13519.291070361396,13737.371261145448,115924.4,0.0011201522103232442
2025-09-14 00:00:00,218.08019078405147,0.11662161779885337,13490.322260500163,13708.402451284215,115676.0,-0.002108759333247945
2025-09-14 04:00:00,218.08019078405147,0.11662161779885337,13505.016584342819,13723.09677512687,115802.0,0.0010719209546754538
2025-09-14 08:00:00,218.08019078405147,0.11662161779885337,13504.923287048578,13723.00347783263,115801.2,-6.798559812670746e-06
2025-09-14 12:00:00,218.08019078405147,0.11662161779885337,13437.60928925508,13655.689480039133,115224.0,-0.004905194253009726
2025-09-14 16:00:00,218.08019078405147,0.11662161779885337,13485.575760655749,13703.655951439801,115635.3,0.00351256313134396
2025-09-14 20:00:00,218.08019078405147,0.11662161779885337,13442.77562692357,13660.855817707623,115268.3,-0.003123263885480232
2025-09-15 00:00:00,218.08019078405147,0.11662161779885337,13463.032801935231,13681.112992719283,115442.0,0.0014828628075704842
2025-09-15 04:00:00,218.08019078405147,0.11662161779885337,13505.937895123428,13724.01808590748,115809.9,0.0031360820724914973
2025-09-15 08:00:00,218.08019078405147,0.11662161779885337,13417.853587199956,13635.933777984008,115054.6,-0.0064182593881833006
2025-09-15 12:00:00,218.08019078405147,0.11662161779885337,13392.9548717999,13611.035062583953,114841.1,-0.0018259633557516919
2025-09-15 16:00:00,218.08019078405147,0.11662161779885337,13446.93901867899,13665.019209463042,115304.0,0.003966204379818983
2025-09-15 20:00:00,218.08019078405147,0.11662161779885337,13452.373586068416,13670.453776852468,115350.6,0.00039769921330679026
2025-09-16 00:00:00,218.08019078405147,0.11662161779885337,13446.530843016693,13664.611033800746,115300.5,-0.00042739934950919434
2025-09-16 04:00:00,218.08019078405147,0.11662161779885337,13508.690165303482,13726.770356087534,115833.5,0.004548927308141604
2025-09-16 08:00:00,218.08019078405147,0.11662161779885337,13445.422937647603,13663.503128431656,115291.0,-0.004609039563907347
2025-09-16 12:00:00,218.08019078405147,0.11662161779885337,13518.766273081303,13736.846463865355,115919.9,0.005367828055828694
2025-09-16 16:00:00,218.08019078405147,0.11662161779885337,13623.130958849497,13841.21114963355,116814.8,0.007597426821557951
2025-09-16 20:00:00,218.08019078405147,0.11662161779885337,13621.136729185137,13839.216919969189,116797.7,-0.0001440791302727007
2025-09-17 00:00:00,218.08019078405147,0.11662161779885337,13571.269325414347,13789.3495161984,116370.1,-0.0036033399909234376
2025-09-17 04:00:00,218.08019078405147,0.11662161779885337,13663.272119695863,13881.352310479915,117159.0,0.006672018442453798
2025-09-17 08:00:00,218.08019078405147,0.11662161779885337,13558.126069088416,13776.206259872468,116257.4,-0.007574625890596098
2025-09-17 12:00:00,218.08019078405147,0.11662161779885337,13514.661192134783,13732.741382918835,115884.7,-0.003155068683911688
2025-09-17 16:00:00,218.08019078405147,0.11662161779885337,13485.890639023806,13703.970829807859,115638.0,-0.0020950334903097056
2025-09-17 20:00:00,218.08019078405147,0.11662161779885337,13580.739000779613,13798.819191563665,116451.3,0.006921232023458401
2025-09-18 00:00:00,218.08019078405147,0.11662161779885337,13713.652658584966,13931.732849369018,117591.0,0.009632248669988686
2025-09-18 04:00:00,218.08019078405147,0.11662161779885337,13654.712092949427,13872.792283733479,117085.6,-0.0042306701020475845
2025-09-18 08:00:00,218.08019078405147,0.11662161779885337,13653.662498389238,13871.74268917329,117076.6,-7.565849316570894e-05
2025-09-18 12:00:00,218.08019078405147,0.11662161779885337,13714.30573964464,13932.385930428693,117596.6,0.004371710362154779
2025-09-18 16:00:00,218.08019078405147,0.11662161779885337,13699.086618521891,13917.166809305943,117466.1,-0.001092355695481384
2025-09-18 20:00:00,218.08019078405147,0.11662161779885337,13654.187295669331,13872.267486453384,117081.1,-0.0032261827042654456
2025-09-19 00:00:00,218.08019078405147,0.11662161779885337,13642.396850109868,13860.47704089392,116980.0,-0.0008499292254116053
2025-09-19 04:00:00,218.08019078405147,0.11662161779885337,13634.804782791161,13852.884973575214,116914.9,-0.0005477493520826826
2025-09-19 08:00:00,218.08019078405147,0.11662161779885337,13574.301487477118,13792.38167826117,116396.1,-0.004367559207302696
2025-09-19 12:00:00,218.08019078405147,0.11662161779885337,13514.12473269291,13732.204923476962,115880.1,-0.004363043032593494
2025-09-19 16:00:00,218.08019078405147,0.11662161779885337,13425.853830180957,13643.934020965009,115123.2,-0.006428021064632028
2025-09-19 20:00:00,218.08019078405147,0.11662161779885337,13484.969328243196,13703.049519027249,115630.1,0.004332731158872782
2025-09-20 00:00:00,218.08019078405147,0.11662161779885337,13464.432261348817,13682.512452132869,115454.0,-0.0014987223731376398
2025-09-20 04:00:00,218.08019078405147,0.11662161779885337,13523.676043190635,13741.756233974687,115962.0,0.004329890584721108
2025-09-20 08:00:00,218.08019078405147,0.11662161779885337,13515.524192106495,13733.604382890548,115892.1,-0.0005932175586105259
2025-09-20 12:00:00,218.08019078405147,0.11662161779885337,13526.929786327222,13745.009977111275,115989.9,0.0008304880425227257
2025-09-20 16:00:00,218.08019078405147,0.11662161779885337,13490.905368589156,13708.985559373208,115681.0,-0.0026209088096739164
2025-09-20 20:00:00,218.08019078405147,0.11662161779885337,13491.47681451637,13709.557005300423,115685.9,4.168404180893148e-05
2025-09-21 00:00:00,218.08019078405147,0.11662161779885337,13489.45926052845,13707.539451312503,115668.6,-0.00014716405403469857
2025-09-21 04:00:00,218.08019078405147,0.11662161779885337,13507.115773463198,13725.19596424725,115820.0,0.0012880876978293987
2025-09-21 08:00:00,218.08019078405147,0.11662161779885337,13490.508855088641,13708.589045872694,115677.6,-0.0012099585621813125
